deliverableId,industryCategory,status,score,artifacts,paymentId,error,elapsedSec,checkedAt
setup-quick,admin_support,PASS,,2,398cae52-2643-4970-9107-c6b9e7c78a72,"",8,2026-09-23T04:10:36.7394018+02:00
setup-full,admin_support,PASS,,4,e7e86823-6993-4741-8d40-c79a8ee71f73,"",5,2026-09-23T04:11:06.4960830+02:00
setup-custom,admin_support,PASS,,3,5efe9007-b795-4735-8dff-c1f6717ea094,"",5,2026-09-23T04:11:36.4593195+02:00
audit,admin_support,PASS,,2,474b66d3-1dd7-4781-9554-05c427b9e80b,"",5,2026-09-23T04:12:06.0740683+02:00
integration,admin_support,PASS,,3,ca1daac1-daa4-4ecd-ae9d-c656413371a1,"",4,2026-09-23T04:12:35.5747111+02:00
workflow-design,admin_support,PASS,,2,3f50fde9-3e33-4c54-95c2-dd7366ab2dc8,"",5,2026-09-23T04:13:05.3432727+02:00
support-priority,admin_support,PASS,,2,8fdc35b7-582f-46b1-a35e-431545971f72,"",4,2026-09-23T04:13:34.8604629+02:00
support-dedicated,admin_support,PASS,,2,fef20a7d-ebcd-4ab1-9c43-24eecee8f36f,"",5,2026-09-23T04:14:04.4483975+02:00
landing,admin_support,PASS,,0,bbac2bdb-5b8d-41ca-a6d8-b7e70f8c2722,"",4,2026-09-23T04:14:33.9406690+02:00
website-business,admin_support,PASS,,0,1381ecb0-f201-4bcc-be59-961a2f207ebc,"",5,2026-09-23T04:15:03.5112017+02:00
website-ecommerce,admin_support,PASS,,0,56320206-7cf8-4c90-8737-e47595690f13,"",4,2026-09-23T04:15:32.9992314+02:00
white-label-setup,admin_support,PASS,,2,0883de33-7cc9-407e-9ec2-118c48f6dd30,"",5,2026-09-23T04:16:02.7577201+02:00
sales-enablement,admin_support,PASS,,2,192228d2-15f0-4154-a2f7-5d2135cc8cb7,"",4,2026-09-23T04:16:32.2311552+02:00
vertical-package,admin_support,PASS,,2,707a6375-9fdd-473d-a712-f0948eb53b5a,"",5,2026-09-23T04:17:01.7813875+02:00
lead-gen-retainer,admin_support,PASS,,3,5d359ba0-110d-4c17-8d4e-17841de2a705,"",9,2026-09-23T04:17:35.5938572+02:00
ai-support-retainer,admin_support,PASS,,3,b756d537-fe89-4328-a5fa-0c5488d8312a,"",5,2026-09-23T04:18:05.2884928+02:00
custom-software,admin_support,PASS,,2,57dad5b5-1b3d-4841-beaf-d60e031ff558,"",5,2026-09-23T04:18:34.8862219+02:00
bundle-portal-presence,admin_support,PASS,,2,36919b9e-5e8b-4b42-9436-22d730bfdd28,"",5,2026-09-23T04:19:04.4164656+02:00
bundle-sales-launch,admin_support,PASS,,2,9cff3742-fadc-4604-9906-923b12074f0e,"",5,2026-09-23T04:19:33.9539173+02:00
bundle-ops-clarity,admin_support,PASS,,4,3cb7b0ed-4271-46e5-a146-81e2aa92a424,"",5,2026-09-23T04:20:03.9284201+02:00
setup-quick,ai_data,PASS,,2,8e5d0784-02df-443a-97e8-9d6921c99486,"",5,2026-09-23T04:20:33.5348122+02:00
setup-full,ai_data,PASS,,4,74ee5cd8-9455-447b-bfb3-156e6adaa176,"",5,2026-09-23T04:21:03.0538681+02:00
setup-custom,ai_data,PASS,,3,90271fab-df6d-44ae-8549-cf85852158dd,"",4,2026-09-23T04:21:32.5555469+02:00
audit,ai_data,PASS,,2,946696e5-c61d-4d01-bd49-7645076ad67d,"",5,2026-09-23T04:22:02.0852191+02:00
integration,ai_data,PASS,,3,a9c3ca15-ba92-401e-9c9a-509dbcf46548,"",4,2026-09-23T04:22:31.5709604+02:00
workflow-design,ai_data,PASS,,2,bf6d68ac-cefc-4ebc-8add-e92ac03e7ca4,"",5,2026-09-23T04:23:01.1153097+02:00
support-priority,ai_data,PASS,,2,c0665648-cbf4-4d31-9086-13600a86267b,"",4,2026-09-23T04:23:30.6118967+02:00
support-dedicated,ai_data,PASS,,2,ce247836-6469-4640-afb9-a3660103e5cb,"",5,2026-09-23T04:24:00.2793453+02:00
landing,ai_data,PASS,,0,e6f3e0c8-5d50-4a53-b79d-f7ede9e79c78,"",5,2026-09-23T04:24:29.8746880+02:00
website-business,ai_data,PASS,,0,b40d4c2e-a8b5-492d-b353-2910926d95be,"",4,2026-09-23T04:24:59.3720135+02:00
website-ecommerce,ai_data,PASS,,0,c99aba1c-3c58-40c6-9ccc-d30fd2b65778,"",4,2026-09-23T04:25:28.8408935+02:00
white-label-setup,ai_data,PASS,,2,2f3269e3-adad-490b-99ac-19266204d735,"",5,2026-09-23T04:25:58.3640832+02:00
sales-enablement,ai_data,PASS,,2,548db00d-5e87-4e67-bdd4-4d245a4c3b70,"",4,2026-09-23T04:26:27.8718714+02:00
vertical-package,ai_data,PASS,,2,e1401916-8f51-47ff-a8be-a9c52d787dbd,"",45,2026-09-23T04:27:37.7965298+02:00
lead-gen-retainer,ai_data,PASS,,3,a54589ce-42f0-4390-b19b-266e7730b60d,"",9,2026-09-23T04:28:11.6305517+02:00
ai-support-retainer,ai_data,PASS,,3,fb4be350-770f-4c8e-bc95-79ad3571cbc5,"",5,2026-09-23T04:28:41.1655429+02:00
custom-software,ai_data,PASS,,2,4e53e6a7-0b20-4966-b97c-1a578b4c3e91,"",5,2026-09-23T04:29:10.7495248+02:00
bundle-portal-presence,ai_data,PASS,,2,83b1679f-b328-4061-8960-4c7948a8f7bb,"",5,2026-09-23T04:29:40.3560986+02:00
bundle-sales-launch,ai_data,PASS,,2,5ed29779-6e2e-440a-9f1c-8dc816977800,"",5,2026-09-23T04:30:09.9764652+02:00
bundle-ops-clarity,ai_data,PASS,,4,730ffe00-8bb7-4673-a704-f2412eaaee79,"",5,2026-09-23T04:30:39.6631581+02:00
setup-quick,audio_music,PASS,,2,dfcee7d0-5c4c-45a3-bb46-cfb32afda3f2,"",4,2026-09-23T04:31:09.1744138+02:00
setup-full,audio_music,PASS,,4,bff210b7-a4b5-472c-9aee-da499052cf43,"",4,2026-09-23T04:31:38.6893272+02:00
setup-custom,audio_music,PASS,,3,4158171b-f6fc-4ee9-9cd3-98f5b8025405,"",5,2026-09-23T04:32:08.2305159+02:00
audit,audio_music,PASS,,2,e6ae8f2e-64d5-4295-b24e-0f2b833ff113,"",4,2026-09-23T04:32:37.6729412+02:00
integration,audio_music,PASS,,3,045d9115-4861-458a-8473-19d752b22ccd,"",5,2026-09-23T04:33:07.2917804+02:00
workflow-design,audio_music,PASS,,2,1feeaa1e-170a-48d9-8f9d-002be709fd59,"",4,2026-09-23T04:33:36.8080718+02:00
support-priority,audio_music,PASS,,2,ea2f51e8-8298-41d9-a843-853eb1c6464a,"",5,2026-09-23T04:34:06.4793313+02:00
support-dedicated,audio_music,PASS,,2,ab3055fe-b058-4213-a886-1f1727b6c745,"",4,2026-09-23T04:34:35.9373537+02:00
landing,audio_music,PASS,,0,71973dd2-7730-4de8-8957-2976faf59003,"",5,2026-09-23T04:35:05.4525479+02:00
website-business,audio_music,PASS,,0,2b8c5cb1-4191-4ad6-8645-719d6e1ecb53,"",4,2026-09-23T04:35:34.9377983+02:00
website-ecommerce,audio_music,PASS,,0,b69acd19-a910-4839-bfb0-fb3d155cfbd5,"",5,2026-09-23T04:36:04.7512130+02:00
white-label-setup,audio_music,PASS,,2,6ce286e6-1b67-4477-b434-681b917ade77,"",5,2026-09-23T04:36:34.3173264+02:00
sales-enablement,audio_music,PASS,,2,fdf18d72-6ed6-4633-b33d-41391971c0c4,"",5,2026-09-23T04:37:03.8759583+02:00
vertical-package,audio_music,PASS,,2,fbbd9de0-0c5b-46b6-9cde-fde6b6239d69,"",4,2026-09-23T04:37:33.3398101+02:00
lead-gen-retainer,audio_music,PASS,,3,5e4c5b04-abb1-4540-874b-9c67373d46be,"",13,2026-09-23T04:38:11.0461658+02:00
ai-support-retainer,audio_music,PASS,,3,5444a8c0-7de4-4458-b2cb-7ab20ac2f267,"",4,2026-09-23T04:38:40.5193618+02:00
custom-software,audio_music,PASS,,2,dc75469b-8d67-4fe0-b3cf-5c087c435fcc,"",4,2026-09-23T04:39:10.0286798+02:00
bundle-portal-presence,audio_music,PASS,,2,5b4bbd5f-5aed-4ff0-a201-f4147179a758,"",4,2026-09-23T04:39:39.5159174+02:00
bundle-sales-launch,audio_music,PASS,,2,a3128492-c027-4f9d-896a-c1b1f05885b3,"",5,2026-09-23T04:40:09.1211673+02:00
bundle-ops-clarity,audio_music,PASS,,4,b786638c-959e-4b88-b80f-a0aa3b225ee8,"",5,2026-09-23T04:40:38.6914917+02:00
setup-quick,business_consulting,PASS,,2,88711b7f-b5dd-43a1-95e9-8fe1e9066218,"",4,2026-09-23T04:41:08.1977062+02:00
setup-full,business_consulting,PASS,,4,75409e69-05b6-4a7f-bbcf-722f7487a476,"",5,2026-09-23T04:41:37.7981165+02:00
setup-custom,business_consulting,PASS,,3,b01071fc-bc70-4faa-ad4c-0a449773d1f1,"",5,2026-09-23T04:42:07.4220287+02:00
audit,business_consulting,PASS,,2,1728b84b-0e07-4d93-a5b4-c5f734f5f243,"",4,2026-09-23T04:42:36.9351637+02:00
integration,business_consulting,PASS,,3,73cc3f77-7752-45db-a1cd-e865085e9f0c,"",4,2026-09-23T04:43:06.4531653+02:00
workflow-design,business_consulting,PASS,,2,a270e81c-2393-4ece-8109-0b5d8e7d1f7c,"",4,2026-09-23T04:43:35.9543259+02:00
support-priority,business_consulting,PASS,,2,07e2fb57-68c1-4f13-8344-5e6ca68fa27d,"",4,2026-09-23T04:44:05.4521371+02:00
support-dedicated,business_consulting,PASS,,2,93432f0d-34ec-48e8-8f48-658f2a987570,"",5,2026-09-23T04:44:35.0312679+02:00
landing,business_consulting,PASS,,0,ab9697e1-48be-49b8-bff0-89ff6ba78d99,"",5,2026-09-23T04:45:05.1610036+02:00
website-business,business_consulting,PASS,,0,ad482402-74b2-4716-a574-2fa52b7b9a73,"",4,2026-09-23T04:45:34.6315013+02:00
website-ecommerce,business_consulting,PASS,,0,1e35fc0a-dc42-48cd-8336-b7c880a088b8,"",5,2026-09-23T04:46:04.1435507+02:00
white-label-setup,business_consulting,PASS,,2,dfb5b6e5-0e5d-4575-bc35-d4f6068d6767,"",5,2026-09-23T04:46:33.6941958+02:00
sales-enablement,business_consulting,PASS,,2,d7dea699-dbec-4e1f-95ae-0e08be8cb785,"",5,2026-09-23T04:47:03.2634425+02:00
vertical-package,business_consulting,PASS,,2,65e41346-7790-46af-ad2d-9b448b95275d,"",5,2026-09-23T04:47:32.8381239+02:00
lead-gen-retainer,business_consulting,PASS,,3,cb90e543-9f28-4749-a957-235ab01f00a9,"",17,2026-09-23T04:48:14.5779974+02:00
ai-support-retainer,business_consulting,PASS,,3,bd738d6a-bc16-456e-a757-5eb81040c683,"",5,2026-09-23T04:48:44.1044905+02:00
custom-software,business_consulting,PASS,,2,45efcbaf-fc56-4136-90e7-39a68df06568,"",4,2026-09-23T04:49:13.5773378+02:00
bundle-portal-presence,business_consulting,PASS,,2,84a9b4ea-89f1-4094-987a-b56c468da324,"",4,2026-09-23T04:49:43.0322535+02:00
bundle-sales-launch,business_consulting,PASS,,2,4d020f8f-1a26-4edc-9979-c4e7b1d47c8c,"",5,2026-09-23T04:50:12.6393486+02:00
bundle-ops-clarity,business_consulting,PASS,,4,a66d849a-c2a4-4a8b-b2c3-7d0cb42dd95d,"",4,2026-09-23T04:50:42.0655998+02:00
setup-quick,community_moderation,PASS,,2,75c449d8-c8d4-4833-9c7b-3778c80d30b1,"",4,2026-09-23T04:51:11.5584680+02:00
setup-full,community_moderation,PASS,,4,fed4ab88-56ae-4cd1-8709-3f39496324e4,"",4,2026-09-23T04:51:40.9927733+02:00
setup-custom,community_moderation,PASS,,3,cddabe89-e109-4233-9633-484022b6f37a,"",4,2026-09-23T04:52:10.4796157+02:00
audit,community_moderation,PASS,,2,02c9c7fd-6a7e-4ec7-a956-ebab77864026,"",4,2026-09-23T04:52:39.9907751+02:00
integration,community_moderation,PASS,,3,6f24940a-285c-4016-8a39-5908faa349b3,"",5,2026-09-23T04:53:09.6466662+02:00
workflow-design,community_moderation,PASS,,2,e224d71a-f85c-4356-a4be-7d50b2aa9449,"",4,2026-09-23T04:53:39.1021310+02:00
support-priority,community_moderation,PASS,,2,54157281-7788-4e7f-9dc5-c4ebafabe6d3,"",5,2026-09-23T04:54:08.6370896+02:00
support-dedicated,community_moderation,PASS,,2,0539318b-9718-41ee-afc7-1cccac54caee,"",4,2026-09-23T04:54:38.0765251+02:00
landing,community_moderation,PASS,,0,dea92221-ba42-47a6-84c1-1cfdba5919ae,"",5,2026-09-23T04:55:07.7661482+02:00
website-business,community_moderation,PASS,,0,bace28b0-8547-4273-901b-9cb8b7926c33,"",4,2026-09-23T04:55:37.2508214+02:00
website-ecommerce,community_moderation,PASS,,0,7582a323-4e94-40a6-a920-3bc528ae5d74,"",4,2026-09-23T04:56:06.7420322+02:00
white-label-setup,community_moderation,PASS,,2,9fce3d18-57ca-485a-a89d-9654c85d785f,"",4,2026-09-23T04:56:36.1977884+02:00
sales-enablement,community_moderation,PASS,,2,e135eac3-13ff-4dbb-ad86-e28738ed763e,"",4,2026-09-23T04:57:05.7150276+02:00
vertical-package,community_moderation,PASS,,2,d6808fcc-d217-42e3-83e9-cc92070a2c17,"",5,2026-09-23T04:57:35.2520902+02:00
lead-gen-retainer,community_moderation,PASS,,3,6f1edaf3-747d-403a-bef6-4da33b371305,"",13,2026-09-23T04:58:13.5168352+02:00
ai-support-retainer,community_moderation,PASS,,3,d69925ca-975c-41eb-8750-c6df5b4bdc40,"",5,2026-09-23T04:58:43.1113991+02:00
custom-software,community_moderation,PASS,,2,45a14227-c650-4caf-bd87-ee5b21158aa7,"",5,2026-09-23T04:59:12.6718011+02:00
bundle-portal-presence,community_moderation,PASS,,2,3f5c078b-5c83-4c45-a7c7-c80119703d5f,"",5,2026-09-23T04:59:42.2039648+02:00
bundle-sales-launch,community_moderation,PASS,,2,ad660e1b-fa4d-4ef4-ba1a-7ac937e1fdd5,"",5,2026-09-23T05:00:12.2014411+02:00
bundle-ops-clarity,community_moderation,PASS,,4,19856983-dc83-4860-826d-11242871b425,"",5,2026-09-23T05:00:42.1522876+02:00
setup-quick,creator_services,PASS,,2,7fb48d88-8db9-4845-af5d-4ab9c08ecf33,"",5,2026-09-23T05:01:12.0189069+02:00
setup-full,creator_services,PASS,,4,afdf811d-5cc3-410b-a37c-a0c2fd40e725,"",4,2026-09-23T05:01:41.5034998+02:00
setup-custom,creator_services,PASS,,3,f01ac129-2cef-4f9e-b47d-12ffc8c56f92,"",5,2026-09-23T05:02:11.0519177+02:00
audit,creator_services,PASS,,2,d46ca849-b7cf-4835-b40f-f2d8b036c1b8,"",4,2026-09-23T05:02:40.5674483+02:00
integration,creator_services,PASS,,3,7cd49eaa-f8b8-4e0c-91f1-29d1fbcff67c,"",5,2026-09-23T05:03:10.1018886+02:00
workflow-design,creator_services,PASS,,2,f942a0ee-1100-45a6-9334-1e755c93bc22,"",5,2026-09-23T05:03:39.9031605+02:00
support-priority,creator_services,PASS,,2,551d4519-9445-4438-af25-8d33fd603d86,"",4,2026-09-23T05:04:09.4058763+02:00
support-dedicated,creator_services,PASS,,2,f59a3ded-ff83-4cac-a45c-1f2064d3f4d4,"",5,2026-09-23T05:04:38.9647253+02:00
landing,creator_services,PASS,,0,3f34c00f-069c-49ec-b047-fe3704b37e31,"",5,2026-09-23T05:05:09.1081723+02:00
website-business,creator_services,PASS,,0,86af27bb-fa29-4470-b0b0-9affc94dc594,"",4,2026-09-23T05:05:38.5982239+02:00
website-ecommerce,creator_services,PASS,,0,f530197f-66d5-44e2-bef0-619cf446372f,"",5,2026-09-23T05:06:08.1475146+02:00
white-label-setup,creator_services,PASS,,2,e8f53ecf-3e85-4713-b840-d17a1d14376d,"",5,2026-09-23T05:06:37.8081579+02:00
sales-enablement,creator_services,PASS,,2,637c06e0-9d9b-4f3e-9cb8-cadf289c0fe7,"",5,2026-09-23T05:07:07.6884212+02:00
vertical-package,creator_services,PASS,,2,e92731a3-7726-4702-a994-79d5474be0c5,"",4,2026-09-23T05:07:37.1684341+02:00
lead-gen-retainer,creator_services,PASS,,3,91743908-e785-4f98-ac59-cc72f6cfe06f,"",9,2026-09-23T05:08:10.8261513+02:00
ai-support-retainer,creator_services,PASS,,3,4021190e-d727-472e-b27f-730738882a01,"",4,2026-09-23T05:08:40.3224910+02:00
custom-software,creator_services,PASS,,2,b81c1276-958b-4591-834e-41266a6685f8,"",5,2026-09-23T05:09:09.8912194+02:00
bundle-portal-presence,creator_services,PASS,,2,bc7c87ac-c6de-4953-ac38-324f7ff0cfb6,"",4,2026-09-23T05:09:39.4058954+02:00
bundle-sales-launch,creator_services,PASS,,2,da636c60-93e5-4a86-afac-8eb62339e626,"",4,2026-09-23T05:10:08.9137050+02:00
bundle-ops-clarity,creator_services,PASS,,4,cfc84404-c0cf-43f7-bcba-c5950f049c47,"",5,2026-09-23T05:10:38.4352317+02:00
setup-quick,customer_service,PASS,,2,dbce06be-50f3-4e22-aa13-418069dc2403,"",5,2026-09-23T05:11:07.9499667+02:00
setup-full,customer_service,PASS,,4,b2d6993c-1f71-41e0-acb2-190dad198bc4,"",4,2026-09-23T05:11:37.4612498+02:00
setup-custom,customer_service,PASS,,3,6cae581b-525c-47a7-9c36-1fde22cc36c2,"",4,2026-09-23T05:12:06.9743549+02:00
audit,customer_service,PASS,,2,9a52a2fa-0888-4e99-8efb-ab1dcd881035,"",5,2026-09-23T05:12:36.5838350+02:00
integration,customer_service,PASS,,3,523574f0-434c-44e2-9db7-195bd9fa7c77,"",5,2026-09-23T05:13:06.1291423+02:00
workflow-design,customer_service,PASS,,2,3313b041-8fa8-450a-9ef2-88087aa4ae21,"",4,2026-09-23T05:13:35.6299856+02:00
support-priority,customer_service,PASS,,2,2d0eb3fc-4fde-4efa-8a79-3d35dad17ed0,"",5,2026-09-23T05:14:05.2164399+02:00
support-dedicated,customer_service,PASS,,2,342e895e-bb41-4247-ad1f-ee13372e16fa,"",4,2026-09-23T05:14:34.7025763+02:00
landing,customer_service,PASS,,0,aab06401-4fb2-42e1-9f3e-cac21c439d7e,"",4,2026-09-23T05:15:04.1980520+02:00
website-business,customer_service,PASS,,0,2936a085-575d-4f40-bc3c-eb8dabc85bb0,"",5,2026-09-23T05:15:33.8175594+02:00
website-ecommerce,customer_service,PASS,,0,ddf5a5e6-51a9-4bc1-9a14-806e2dac188b,"",28,2026-09-23T05:16:28.0285598+02:00
white-label-setup,customer_service,PASS,,2,824948be-9cce-4380-9b89-0bb935e7326a,"",5,2026-09-23T05:16:57.5585585+02:00
sales-enablement,customer_service,PASS,,2,53c2625c-7e4c-4ab7-a794-8fdf5a0a4e85,"",5,2026-09-23T05:17:27.4539053+02:00
vertical-package,customer_service,PASS,,2,3f7375ea-c93f-487c-82bf-717764914a24,"",6,2026-09-23T05:17:58.8925926+02:00
lead-gen-retainer,customer_service,PASS,,3,a741d087-6f05-4814-93e7-4dd3dbe288cb,"",14,2026-09-23T05:18:37.6188328+02:00
ai-support-retainer,customer_service,PASS,,3,81369d5a-b697-4a63-be0a-3fc1efa8dc63,"",4,2026-09-23T05:19:07.1170962+02:00
custom-software,customer_service,PASS,,2,78f22299-449d-469b-b246-b54a095d8d09,"",5,2026-09-23T05:19:36.8082115+02:00
bundle-portal-presence,customer_service,PASS,,2,5f8ef8f6-a49d-4019-a87c-ea30ca65c296,"",6,2026-09-23T05:20:08.0726028+02:00
bundle-sales-launch,customer_service,PASS,,2,225f7cce-60f1-414d-97bb-a795e7fa5868,"",5,2026-09-23T05:20:37.6571339+02:00
bundle-ops-clarity,customer_service,PASS,,4,27a2ab23-4319-45b1-ba95-d389e35de2e9,"",5,2026-09-23T05:21:07.2351192+02:00
setup-quick,design_creative,PASS,,2,2496f291-e7f2-4236-bed3-27d6a9b2672d,"",4,2026-09-23T05:21:36.7092368+02:00
setup-full,design_creative,PASS,,4,b27bbd51-a4a8-499c-b297-03fae21cc126,"",5,2026-09-23T05:22:06.4251981+02:00
setup-custom,design_creative,PASS,,3,367d825c-fada-4b8a-b0fa-ff849f039f68,"",5,2026-09-23T05:22:35.9861484+02:00
audit,design_creative,PASS,,2,81be63bf-edef-479e-be47-ed6976565b42,"",6,2026-09-23T05:23:07.7718118+02:00
integration,design_creative,PASS,,3,d9d9993d-5e66-45a2-ad6b-21c706975a10,"",5,2026-09-23T05:23:37.4079106+02:00
workflow-design,design_creative,PASS,,2,5d83bcb1-d895-4ca3-9f83-564b62397ebe,"",5,2026-09-23T05:24:06.9870252+02:00
support-priority,design_creative,PASS,,2,282e6f3b-9611-4a6b-aaad-6cdba204616f,"",5,2026-09-23T05:24:36.5103990+02:00
support-dedicated,design_creative,PASS,,2,4d50a8a7-369f-4b5c-a0f6-46e2eb54abf0,"",5,2026-09-23T05:25:06.2122157+02:00
landing,design_creative,PASS,,0,0de7b2be-3afc-4aff-8f0a-b4005e5fa114,"",4,2026-09-23T05:25:35.6894176+02:00
website-business,design_creative,PASS,,0,e38ea6cc-4ff6-4f09-8aef-1ae91eef58f3,"",5,2026-09-23T05:26:05.7013992+02:00
website-ecommerce,design_creative,PASS,,0,02cc49cf-58b4-4f5e-80a2-137bd989b0e6,"",5,2026-09-23T05:26:35.4616150+02:00
white-label-setup,design_creative,PASS,,2,855c2ed9-4c49-4210-828c-ab21fc6fcd99,"",5,2026-09-23T05:27:05.6108314+02:00
sales-enablement,design_creative,PASS,,2,4eb42f28-2f52-434e-bd09-8fbe5d2dd073,"",5,2026-09-23T05:27:35.1360427+02:00
vertical-package,design_creative,PASS,,2,7be28ff9-b5db-4d5d-bb3d-ad516b4f3cc5,"",5,2026-09-23T05:28:04.8817471+02:00
lead-gen-retainer,design_creative,PASS,,3,4f127e47-d0b3-41d5-b50d-d2e15ff8dbb6,"",13,2026-09-23T05:28:42.8257289+02:00
ai-support-retainer,design_creative,PASS,,3,0f9dd3e3-08d7-4c43-b389-d9fa8279f9d8,"",5,2026-09-23T05:29:12.4846092+02:00
custom-software,design_creative,PASS,,2,f07df6d2-18ad-4e4e-a02c-bd2e75869795,"",4,2026-09-23T05:29:41.9480257+02:00
bundle-portal-presence,design_creative,PASS,,2,d7d94ebf-ab56-4e0c-b620-758905ab0bcf,"",4,2026-09-23T05:30:11.4273056+02:00
bundle-sales-launch,design_creative,PASS,,2,003a9182-4fb6-4484-a81d-f4473c3fbf85,"",4,2026-09-23T05:30:40.9329524+02:00
bundle-ops-clarity,design_creative,PASS,,4,c6e45715-d702-45a0-8fbd-ebaac10d98a2,"",4,2026-09-23T05:31:10.4381119+02:00
setup-quick,development_it,PASS,,2,949a007e-ee39-44db-8948-801364051e25,"",4,2026-09-23T05:31:39.9447294+02:00
setup-full,development_it,PASS,,4,773d470a-85a9-4c7c-82a6-b23fc1997ba3,"",5,2026-09-23T05:32:09.5058613+02:00
setup-custom,development_it,PASS,,3,e1ebba5b-40ad-4e36-a36c-60bb03d2e7d3,"",4,2026-09-23T05:32:38.9665218+02:00
audit,development_it,PASS,,2,c07a3ceb-5ed6-4a33-a9be-0529b1ea7995,"",4,2026-09-23T05:33:08.4583749+02:00
integration,development_it,PASS,,3,6a0a6e2e-8d3e-4b07-ac96-cca6f585d167,"",5,2026-09-23T05:33:38.0932246+02:00
workflow-design,development_it,PASS,,2,49ee4b54-b14d-4d00-88f3-7c350891cf1b,"",5,2026-09-23T05:34:07.6905149+02:00
support-priority,development_it,PASS,,2,46ed24d7-72d4-4965-bdf8-af56fe73cfaf,"",4,2026-09-23T05:34:37.1390542+02:00
support-dedicated,development_it,PASS,,2,21af2174-4b49-498b-81a9-f511a4064ddf,"",5,2026-09-23T05:35:06.8710804+02:00
landing,development_it,PASS,,0,535c0c58-dfa3-4989-b640-16a6f0cd8bb5,"",5,2026-09-23T05:35:36.4467490+02:00
website-business,development_it,PASS,,0,2d889dc4-4efd-47bb-8cea-496e43a8ffc0,"",5,2026-09-23T05:36:06.0538289+02:00
website-ecommerce,development_it,PASS,,0,1d6013de-d155-468c-ad43-1ca402aff21b,"",4,2026-09-23T05:36:35.5327674+02:00
white-label-setup,development_it,PASS,,2,21e5a44d-f29e-431d-acd8-a8efaa64e315,"",5,2026-09-23T05:37:05.1190174+02:00
sales-enablement,development_it,PASS,,2,541a4e99-5022-4d7b-91be-91806ac4ca6f,"",5,2026-09-23T05:37:34.7369262+02:00
vertical-package,development_it,PASS,,2,03fc0464-6c38-43bd-9ee5-3016ae7c04eb,"",4,2026-09-23T05:38:04.1695764+02:00
lead-gen-retainer,development_it,PASS,,3,11f4dbfd-69d7-4563-9171-d21d45db5712,"",9,2026-09-23T05:38:37.7961305+02:00
ai-support-retainer,development_it,PASS,,3,3eeb6ad4-ad47-4259-b9e2-356e46784bab,"",5,2026-09-23T05:39:07.3702096+02:00
custom-software,development_it,PASS,,2,613e508c-755e-4710-8a9b-a3a7a7011653,"",4,2026-09-23T05:39:36.8519765+02:00
bundle-portal-presence,development_it,PASS,,2,1dc0b846-eb8f-4ee8-bf5b-1a8afec0b94c,"",5,2026-09-23T05:40:06.5275009+02:00
bundle-sales-launch,development_it,PASS,,2,b76bf72c-7af8-48a6-8794-91a50acd81d2,"",4,2026-09-23T05:40:35.9563000+02:00
bundle-ops-clarity,development_it,PASS,,4,d108a578-60a6-47cb-bfec-da1b52aeca4a,"",5,2026-09-23T05:41:05.7071169+02:00
setup-quick,ecommerce,PASS,,2,0b6f0411-e8b0-4610-8b4a-7c7338cc46cc,"",5,2026-09-23T05:41:35.2411809+02:00
setup-full,ecommerce,PASS,,4,5eb5eec7-8589-43ed-82d8-d7f5de47fef9,"",5,2026-09-23T05:42:04.9747476+02:00
setup-custom,ecommerce,PASS,,3,9351a4e1-9bca-40fa-9af7-720654efb93d,"",5,2026-09-23T05:42:34.5799180+02:00
audit,ecommerce,PASS,,2,04e6400c-8ded-40dd-8f7f-861241ac41e7,"",5,2026-09-23T05:43:04.1672180+02:00
integration,ecommerce,PASS,,3,cbd46175-7f3f-4210-87a9-0bb9e3698325,"",4,2026-09-23T05:43:33.6589933+02:00
workflow-design,ecommerce,PASS,,2,7afeb538-e232-415e-8173-8281cf25c62c,"",4,2026-09-23T05:44:03.1540780+02:00
support-priority,ecommerce,PASS,,2,1f5b1e2e-5014-4c8b-a23d-bb3b375d539d,"",5,2026-09-23T05:44:32.8076098+02:00
support-dedicated,ecommerce,PASS,,2,eecbb051-66b2-4973-9abb-c7f59c1f5417,"",5,2026-09-23T05:45:02.3596886+02:00
landing,ecommerce,PASS,,0,c0b9f6bf-d25b-496c-b781-36d1945ffc71,"",5,2026-09-23T05:45:31.8911832+02:00
website-business,ecommerce,PASS,,0,61340d77-2981-44aa-9ec5-b6a1008ac26b,"",4,2026-09-23T05:46:01.3721116+02:00
website-ecommerce,ecommerce,PASS,,0,0b22860f-a4a2-4737-be10-bad6181d5981,"",5,2026-09-23T05:46:30.9422411+02:00
white-label-setup,ecommerce,PASS,,2,e069428c-e257-4336-9cd2-c821751600fe,"",5,2026-09-23T05:47:00.6407817+02:00
sales-enablement,ecommerce,PASS,,2,49b6937e-792d-41ba-9af2-066a31945a5a,"",5,2026-09-23T05:47:30.3215609+02:00
vertical-package,ecommerce,PASS,,2,02d8e403-caa4-422c-b3c9-041d651633e0,"",4,2026-09-23T05:47:59.7698924+02:00
lead-gen-retainer,ecommerce,PASS,,3,1f9aac3a-252e-4795-acf0-33b3fb5cac63,"",9,2026-09-23T05:48:33.3568228+02:00
ai-support-retainer,ecommerce,PASS,,3,fe36121e-e9e8-4ff2-8761-4159472ee810,"",4,2026-09-23T05:49:02.8105569+02:00
custom-software,ecommerce,PASS,,2,4243533f-9c02-45ca-ba23-f9415fc30268,"",4,2026-09-23T05:49:32.3019873+02:00
bundle-portal-presence,ecommerce,PASS,,2,52fff440-d114-4789-9f8d-09e8e468ca2b,"",4,2026-09-23T05:50:01.7431108+02:00
bundle-sales-launch,ecommerce,PASS,,2,7baa18cb-5339-4a7e-a785-35366cebef28,"",4,2026-09-23T05:50:31.2111967+02:00
bundle-ops-clarity,ecommerce,PASS,,4,a54af574-d158-4b87-8695-f1a4a95d74fc,"",5,2026-09-23T05:51:00.7565040+02:00
setup-quick,education_training,PASS,,2,37edb250-d2fb-4cd4-a284-f34a41f1b9cb,"",5,2026-09-23T05:51:30.5696829+02:00
setup-full,education_training,PASS,,4,30ef430e-02ea-47e5-8971-9ccec03bad35,"",4,2026-09-23T05:52:00.0721282+02:00
setup-custom,education_training,PASS,,3,1fad77ca-54c0-4e18-8350-0ccc70a94543,"",4,2026-09-23T05:52:29.5238937+02:00
audit,education_training,PASS,,2,45d5dc26-baea-4b23-afbc-72656a66cebd,"",4,2026-09-23T05:52:58.9985848+02:00
integration,education_training,PASS,,3,5851bed2-ed5e-4ec6-b0ed-811f7931344b,"",4,2026-09-23T05:53:28.5061276+02:00
workflow-design,education_training,PASS,,2,dd990a37-61dd-42e4-9b66-693144fa99a6,"",4,2026-09-23T05:53:57.9847470+02:00
support-priority,education_training,PASS,,2,282269cc-f6e0-454e-b605-f6faa62f5bbc,"",5,2026-09-23T05:54:27.4965564+02:00
support-dedicated,education_training,PASS,,2,5f42950d-bd77-4042-ac93-f43f518a448b,"",4,2026-09-23T05:54:56.9789511+02:00
landing,education_training,PASS,,0,0b5f1463-4a1d-43f0-af7e-541f7c43d9a0,"",4,2026-09-23T05:55:26.4858881+02:00
website-business,education_training,PASS,,0,003ff247-a7c6-46d1-910a-fdfeb80914e4,"",4,2026-09-23T05:55:55.9820945+02:00
website-ecommerce,education_training,PASS,,0,86ddee09-a135-4c1b-94a8-0077459c3029,"",4,2026-09-23T05:56:25.4504413+02:00
white-label-setup,education_training,PASS,,2,6f465648-f1d7-47ff-9532-9d9e6af9fa6d,"",4,2026-09-23T05:56:54.9335875+02:00
sales-enablement,education_training,PASS,,2,eefb0558-d58a-4779-aaad-a67cd7d5d6a1,"",5,2026-09-23T05:57:24.5931788+02:00
vertical-package,education_training,PASS,,2,f11f68fb-8d84-4ee9-b322-30ba261b6c72,"",5,2026-09-23T05:57:54.1244454+02:00
lead-gen-retainer,education_training,PASS,,3,ce299ed6-3785-4639-864d-2d88b52363aa,"",13,2026-09-23T05:58:31.7771744+02:00
ai-support-retainer,education_training,PASS,,3,d37da698-4ff2-43e2-8215-da79d5a872ef,"",5,2026-09-23T05:59:01.2885926+02:00
custom-software,education_training,PASS,,2,e6225f7b-7f75-45d9-aa88-eec8059da8de,"",5,2026-09-23T05:59:30.7970050+02:00
bundle-portal-presence,education_training,PASS,,2,7ae8983c-f2d2-488f-a645-b02d92f8cd8b,"",4,2026-09-23T06:00:00.2797134+02:00
bundle-sales-launch,education_training,PASS,,2,e8a1ac43-7347-426f-931a-bb64fe023d00,"",5,2026-09-23T06:00:29.8690884+02:00
bundle-ops-clarity,education_training,PASS,,4,7b6d4d4b-0650-41db-838f-54036d058160,"",5,2026-09-23T06:00:59.4047820+02:00
setup-quick,engineering_architecture,PASS,,2,cd77a03a-74bf-475a-ba9f-d66aa9e707e4,"",4,2026-09-23T06:01:28.9026643+02:00
setup-full,engineering_architecture,PASS,,4,2ccd2f20-36db-425e-91c8-3dc50012befc,"",4,2026-09-23T06:01:58.3923967+02:00
setup-custom,engineering_architecture,PASS,,3,62ba79a7-9d2b-4570-aab9-8fd1c3f59ca9,"",5,2026-09-23T06:02:28.2033330+02:00
audit,engineering_architecture,PASS,,2,550023a7-9581-473a-b963-cbbdc6fd31e5,"",5,2026-09-23T06:02:57.7716822+02:00
integration,engineering_architecture,PASS,,3,3e7a3ee2-8087-48ce-8901-80f6684bee9b,"",5,2026-09-23T06:03:27.4671772+02:00
workflow-design,engineering_architecture,PASS,,2,ac13620d-e3f2-48e9-931d-074213b15e95,"",4,2026-09-23T06:03:56.9251823+02:00
support-priority,engineering_architecture,PASS,,2,2cdfc39e-c2ab-4593-ab86-40efd2b2adc7,"",4,2026-09-23T06:04:26.4216471+02:00
support-dedicated,engineering_architecture,PASS,,2,9ac55982-5da0-49f6-9b43-952eab810a77,"",4,2026-09-23T06:04:55.8831863+02:00
landing,engineering_architecture,PASS,,0,5e754414-a558-4497-902d-800b48f239b1,"",5,2026-09-23T06:05:25.4427214+02:00
website-business,engineering_architecture,PASS,,0,0de7b15c-ba46-441d-b41a-125a9690a508,"",4,2026-09-23T06:05:54.8994011+02:00
website-ecommerce,engineering_architecture,PASS,,0,1709c4d6-15fa-4cd4-9cc1-fb1c8e1c64b2,"",5,2026-09-23T06:06:24.5286537+02:00
white-label-setup,engineering_architecture,PASS,,2,05f9c3ac-2e79-427f-a7f5-0c41ab4b0c20,"",5,2026-09-23T06:06:54.0698176+02:00
sales-enablement,engineering_architecture,PASS,,2,b9ce76e0-874e-432a-9cb4-ec913bfa2b39,"",4,2026-09-23T06:07:23.5301546+02:00
vertical-package,engineering_architecture,PASS,,2,5db6dbc9-f78d-4d62-a36a-f656680fba3e,"",4,2026-09-23T06:07:53.0123122+02:00
lead-gen-retainer,engineering_architecture,PASS,,3,60d0f110-b83a-4fed-9040-5f7419ceeb5b,"",9,2026-09-23T06:08:26.6181922+02:00
ai-support-retainer,engineering_architecture,PASS,,3,7100ee31-3e8e-4c21-9370-60806754b51b,"",4,2026-09-23T06:08:56.0862359+02:00
custom-software,engineering_architecture,PASS,,2,b6f375c7-ba30-4b6c-be44-a537df774cab,"",4,2026-09-23T06:09:25.5346132+02:00
bundle-portal-presence,engineering_architecture,PASS,,2,353c89f4-8f4e-41af-9b5c-eb6863da090d,"",4,2026-09-23T06:09:54.9866443+02:00
bundle-sales-launch,engineering_architecture,PASS,,2,32c1cd04-9c22-4bae-b65a-1965bbdad4b1,"",4,2026-09-23T06:10:24.4986663+02:00
bundle-ops-clarity,engineering_architecture,PASS,,4,a5c8e727-88ce-4cb7-a39b-d19618bf7661,"",4,2026-09-23T06:10:53.9980525+02:00
setup-quick,engineering_science,PASS,,2,fe91aafe-ce56-4888-b5fc-28c4878e681b,"",5,2026-09-23T06:11:23.5218619+02:00
setup-full,engineering_science,PASS,,4,8a434568-9346-4bdd-9bda-2dfa66d026d7,"",4,2026-09-23T06:11:53.0043597+02:00
setup-custom,engineering_science,PASS,,3,b00ddf70-a0da-44d9-813a-9f6029bf2450,"",5,2026-09-23T06:12:22.5384806+02:00
audit,engineering_science,PASS,,2,891a8bc6-de9b-4ef8-85c8-40fc880cc8f9,"",5,2026-09-23T06:12:52.0638334+02:00
integration,engineering_science,PASS,,3,2a13afe1-fd99-4bca-8d92-337987131a54,"",5,2026-09-23T06:13:21.6265192+02:00
workflow-design,engineering_science,PASS,,2,79153e5e-6af9-4239-af60-95b589c3ca6a,"",5,2026-09-23T06:13:51.1661003+02:00
support-priority,engineering_science,PASS,,2,8e86aa3c-3cb2-4044-bc6b-973c2ca181a9,"",5,2026-09-23T06:14:20.7029033+02:00
support-dedicated,engineering_science,PASS,,2,5e8b1ec8-6471-4f7f-b611-037ff66ee276,"",5,2026-09-23T06:14:50.2255659+02:00
landing,engineering_science,PASS,,0,68a75919-cb2e-4b40-8891-78731e6afe0f,"",4,2026-09-23T06:15:19.7084820+02:00
website-business,engineering_science,PASS,,0,f4a41c91-605d-4921-a177-0f4a4a07e3ec,"",5,2026-09-23T06:15:49.3340582+02:00
website-ecommerce,engineering_science,PASS,,0,11a9d9c0-7d02-44d4-9ca3-1ffd497fbe0a,"",5,2026-09-23T06:16:19.1103997+02:00
white-label-setup,engineering_science,PASS,,2,a2d6ce9f-d042-4e8d-aa20-5e48331575de,"",5,2026-09-23T06:16:48.6375405+02:00
sales-enablement,engineering_science,PASS,,2,5bf5ddf0-e4cd-48b2-bfc0-6bc3009f8b9b,"",5,2026-09-23T06:17:18.5908418+02:00
vertical-package,engineering_science,PASS,,2,ed26cc41-98f2-498b-ab63-bf15c37d7dcd,"",5,2026-09-23T06:17:48.2209598+02:00
lead-gen-retainer,engineering_science,PASS,,3,d7c97e98-bc04-4305-acc5-5a71f31354b2,"",9,2026-09-23T06:18:22.1016765+02:00
ai-support-retainer,engineering_science,PASS,,3,ce91373b-889d-4be0-b786-6d0b33d0a5bb,"",5,2026-09-23T06:18:51.7126123+02:00
custom-software,engineering_science,PASS,,2,9ee869be-76c6-47af-8b88-ec440fee19ea,"",6,2026-09-23T06:19:22.4373673+02:00
bundle-portal-presence,engineering_science,PASS,,2,f4d77b8c-ca01-4860-b433-1a0a529198e1,"",5,2026-09-23T06:19:52.5065542+02:00
bundle-sales-launch,engineering_science,PASS,,2,1f81d49c-c854-4867-9923-3d5ce9ae267e,"",5,2026-09-23T06:20:22.9069831+02:00
bundle-ops-clarity,engineering_science,PASS,,4,eb995808-3381-4071-af7e-8226b95a4a29,"",5,2026-09-23T06:20:52.4253826+02:00
setup-quick,finance_accounting,PASS,,2,5ce53c8c-a649-47b7-b772-dc171c86963c,"",6,2026-09-23T06:21:23.6536486+02:00
setup-full,finance_accounting,PASS,,4,25053f9b-179d-46c1-832b-0f45cc4d7e00,"",6,2026-09-23T06:21:54.1835327+02:00
setup-custom,finance_accounting,PASS,,3,1fe43e13-191c-4409-9f7d-95f49b4d3092,"",8,2026-09-23T06:22:27.2748212+02:00
audit,finance_accounting,PASS,,2,09ae64f4-7ee8-44ed-8a0b-a006de8ea285,"",5,2026-09-23T06:22:57.5104813+02:00
integration,finance_accounting,PASS,,3,6940fd9d-53d5-4c77-ab2c-693338cf7f76,"",6,2026-09-23T06:23:28.8147191+02:00
workflow-design,finance_accounting,PASS,,2,e4d4254a-6e68-41f7-8d67-f4fea1eb889f,"",5,2026-09-23T06:23:58.6046137+02:00
support-priority,finance_accounting,PASS,,2,0d6439e9-5615-4866-9fb7-990779fbf66a,"",5,2026-09-23T06:24:28.1948311+02:00
support-dedicated,finance_accounting,PASS,,2,a124bc78-b496-40d7-9cae-3ee739fc35e8,"",4,2026-09-23T06:24:57.6162975+02:00
landing,finance_accounting,PASS,,0,e146daea-fc08-4bbe-ac55-63c8421380f9,"",4,2026-09-23T06:25:27.1113263+02:00
website-business,finance_accounting,PASS,,0,a2fdb2ec-efb9-442d-b056-0d97bf08c6a4,"",4,2026-09-23T06:25:56.8408465+02:00
website-ecommerce,finance_accounting,PASS,,0,dcd2780a-2cb7-4cf9-839d-3b7cc2673fd9,"",5,2026-09-23T06:26:27.1802848+02:00
white-label-setup,finance_accounting,PASS,,2,0f1a8acd-a925-4b94-ab62-78aa3f3a13e3,"",5,2026-09-23T06:26:56.7048175+02:00
sales-enablement,finance_accounting,PASS,,2,f3380989-4d95-40d1-ac6b-94cbc217278e,"",4,2026-09-23T06:27:26.1000322+02:00
vertical-package,finance_accounting,PASS,,2,66f76e57-6287-4a5c-8098-b7c479a514f1,"",17,2026-09-23T06:28:08.5449361+02:00
lead-gen-retainer,finance_accounting,PASS,,3,7b33846e-71b6-483a-a3b3-ce2531ec5923,"",21,2026-09-23T06:28:54.2815962+02:00
ai-support-retainer,finance_accounting,PASS,,3,bee4a3c8-15a8-4caa-ae01-54f2d94cef07,"",5,2026-09-23T06:29:24.1141383+02:00
custom-software,finance_accounting,PASS,,2,9446ecbe-2409-4e03-b575-593a36df8531,"",5,2026-09-23T06:29:53.7175217+02:00
bundle-portal-presence,finance_accounting,PASS,,2,2797a209-289a-49a6-86e1-6f302df2ce71,"",5,2026-09-23T06:30:23.4982355+02:00
bundle-sales-launch,finance_accounting,PASS,,2,d2419e50-b873-4ec5-901f-b1010111ab19,"",5,2026-09-23T06:30:53.3599814+02:00
bundle-ops-clarity,finance_accounting,PASS,,4,f1adb289-c35d-4900-909a-f21c94461b05,"",6,2026-09-23T06:31:25.0101805+02:00
setup-quick,hr_recruiting,PASS,,2,4f128421-9677-4a11-b11a-eb36f748a74c,"",35,2026-09-23T06:32:25.9316034+02:00
setup-full,hr_recruiting,PASS,,4,f627ffd2-e066-408c-b9ed-75239476877e,"",5,2026-09-23T06:32:55.7250110+02:00
setup-custom,hr_recruiting,PASS,,3,9af60a21-9307-4d43-976c-d4d4d860278a,"",5,2026-09-23T06:33:25.3142488+02:00
audit,hr_recruiting,PASS,,2,afad1707-f3ff-4785-8482-b2df25e87fb9,"",5,2026-09-23T06:33:55.1757614+02:00
integration,hr_recruiting,PASS,,3,fb61ba12-0c6f-4b36-8085-f4a39570d0ca,"",4,2026-09-23T06:34:24.6261313+02:00
workflow-design,hr_recruiting,PASS,,2,381aa428-c119-4fb8-b1c1-a93097d40455,"",6,2026-09-23T06:34:55.1460376+02:00
support-priority,hr_recruiting,PASS,,2,0572381f-1445-4995-a319-b494106e96d5,"",5,2026-09-23T06:35:25.3404893+02:00
support-dedicated,hr_recruiting,PASS,,2,5d895b09-1a33-41b8-9f3b-06acdda79934,"",5,2026-09-23T06:35:55.2305877+02:00
landing,hr_recruiting,PASS,,0,3eaac281-dee8-47ba-94a9-3625287824b3,"",5,2026-09-23T06:36:24.8502476+02:00
website-business,hr_recruiting,PASS,,0,29bcac76-5dcc-4362-996c-a5abcb909cd3,"",5,2026-09-23T06:36:56.3747877+02:00
website-ecommerce,hr_recruiting,PASS,,0,6d8c7fa3-bb4f-42f1-a762-f7d9dc65d968,"",4,2026-09-23T06:37:25.8350797+02:00
white-label-setup,hr_recruiting,PASS,,2,256a2eec-73b1-4b1c-8866-33126f7e8e64,"",5,2026-09-23T06:37:55.9494618+02:00
sales-enablement,hr_recruiting,PASS,,2,4e1ed849-afc3-4c07-a598-3d804d587f3b,"",7,2026-09-23T06:38:55.4524652+02:00
vertical-package,hr_recruiting,PASS,,2,c6316f53-828f-42da-8df1-f15aa625f110,"",6,2026-09-23T06:39:26.7639283+02:00
lead-gen-retainer,hr_recruiting,PASS,,3,a543483c-a68c-4dd4-b40e-05a42a6f23d9,"",9,2026-09-23T06:40:00.5132203+02:00
ai-support-retainer,hr_recruiting,PASS,,3,5fb27141-88b0-4b93-aaea-9c03e387de3b,"",7,2026-09-23T06:40:32.6161958+02:00
custom-software,hr_recruiting,PASS,,2,27256622-e31a-4298-8742-9f6783aab215,"",5,2026-09-23T06:41:02.7028455+02:00
bundle-portal-presence,hr_recruiting,PASS,,2,447fa3cb-be46-401a-ba42-81a90beb763c,"",4,2026-09-23T06:41:32.1887239+02:00
bundle-sales-launch,hr_recruiting,PASS,,2,6bfb9ff6-403b-4c76-874e-693db35a765a,"",6,2026-09-23T06:42:03.3899085+02:00
bundle-ops-clarity,hr_recruiting,PASS,,4,c09b197c-304a-46d1-91e5-8b05f6c9232c,"",5,2026-09-23T06:42:32.9201242+02:00
setup-quick,legal_services,PASS,,2,4bf8ee73-2cc4-4dc7-bef2-342f88d7b67c,"",5,2026-09-23T06:43:02.4826843+02:00
setup-full,legal_services,PASS,,4,65b3831b-2f34-46f1-9c93-51388a479245,"",5,2026-09-23T06:43:32.1297044+02:00
setup-custom,legal_services,PASS,,3,c11573e8-c195-44c8-ae60-372c29097f34,"",5,2026-09-23T06:44:02.2457336+02:00
audit,legal_services,PASS,,2,86376767-b219-4dd2-9ab5-d6a1d67bf84f,"",5,2026-09-23T06:44:31.9047310+02:00
integration,legal_services,PASS,,3,9a9ef2e3-cf03-4064-9345-4360a0aa8d79,"",5,2026-09-23T06:45:01.7613288+02:00
workflow-design,legal_services,PASS,,2,60cae638-3a5c-4a9e-a8c2-1f7b32ccc334,"",5,2026-09-23T06:45:31.3451830+02:00
support-priority,legal_services,PASS,,2,70d2a110-1440-48e6-b149-7aa14aff18b2,"",4,2026-09-23T06:46:00.8096492+02:00
support-dedicated,legal_services,PASS,,2,409d87cf-b34d-41a9-9e09-c124fe416e48,"",5,2026-09-23T06:46:30.3701006+02:00
landing,legal_services,PASS,,0,b32a02e0-8c01-4bfc-b359-18d26cb9b0c0,"",5,2026-09-23T06:47:00.0951286+02:00
website-business,legal_services,PASS,,0,f21c85ff-4c55-44a2-8c38-43f62ddbe598,"",4,2026-09-23T06:47:29.6073499+02:00
website-ecommerce,legal_services,PASS,,0,098c6946-c7c0-4d83-9432-4b2de1ef85b9,"",4,2026-09-23T06:47:59.1217649+02:00
white-label-setup,legal_services,PASS,,2,c8204807-fc49-498d-9ce1-b9b7591ae9ea,"",4,2026-09-23T06:48:28.5755006+02:00
sales-enablement,legal_services,PASS,,2,24a16abf-6429-49d8-9099-30e84b60b68f,"",4,2026-09-23T06:48:58.0440390+02:00
vertical-package,legal_services,PASS,,2,c55d1e0e-b5b6-4590-984f-9f29d748c11f,"",4,2026-09-23T06:49:27.5050720+02:00
lead-gen-retainer,legal_services,PASS,,3,38f8a4c6-f9f6-4ad9-8514-d8ecf9939cdd,"",13,2026-09-23T06:50:05.2255423+02:00
ai-support-retainer,legal_services,PASS,,3,a44a4ed6-3c69-429b-bd1d-f6f2c699e75e,"",5,2026-09-23T06:50:34.7567309+02:00
custom-software,legal_services,PASS,,2,e14c0ece-145a-4f27-877e-93a0b82ab200,"",4,2026-09-23T06:51:04.2382871+02:00
bundle-portal-presence,legal_services,PASS,,2,362c167c-0261-4ccd-9e26-e31babdefb48,"",4,2026-09-23T06:51:33.7088446+02:00
bundle-sales-launch,legal_services,PASS,,2,5ddea9e1-297f-4c48-b1c5-1d0d91c406fe,"",4,2026-09-23T06:52:03.2208238+02:00
bundle-ops-clarity,legal_services,PASS,,4,8931ce5f-feae-4c2b-8e4c-988be08fe03a,"",5,2026-09-23T06:52:32.7702517+02:00
setup-quick,localization,PASS,,2,3ca896b6-9901-438c-97a2-ae49e573a13c,"",4,2026-09-23T06:53:02.2488998+02:00
setup-full,localization,PASS,,4,e9a492c5-0284-4674-84e9-782c9b166711,"",7,2026-09-23T06:53:34.6660768+02:00
setup-custom,localization,PASS,,3,3972c8a3-7891-4eea-8b7e-ea653912b56a,"",11,2026-09-23T06:54:12.0845479+02:00
audit,localization,PASS,,2,67036217-ebe5-4a97-8e5c-433092c40d86,"",6,2026-09-23T06:54:42.7240342+02:00
integration,localization,PASS,,3,4ed05572-7435-44d1-b253-67359ab3f345,"",5,2026-09-23T06:55:12.4357884+02:00
workflow-design,localization,PASS,,2,fd10c243-ded0-4dab-a229-f3ac2bfd8810,"",5,2026-09-23T06:55:42.0243765+02:00
support-priority,localization,PASS,,2,4a27d721-b721-4441-a0a7-9157d2623786,"",5,2026-09-23T06:56:11.7563248+02:00
support-dedicated,localization,PASS,,2,72d1eb47-19b4-4333-9ef6-01b5e8bacf46,"",4,2026-09-23T06:56:41.2451218+02:00
landing,localization,PASS,,0,43dd50b8-281d-495b-9d98-d444e396dca9,"",5,2026-09-23T06:57:11.0622516+02:00
website-business,localization,PASS,,0,2796f495-7efe-4fe1-baac-c5e268df3ba8,"",5,2026-09-23T06:57:40.6191412+02:00
website-ecommerce,localization,PASS,,0,1d024db8-0f9a-4cd7-a9d0-d7f50ee23d66,"",7,2026-09-23T06:58:13.2541795+02:00
white-label-setup,localization,PASS,,2,7675b9a4-9072-4d35-9ac8-1fa3bc88368f,"",4,2026-09-23T06:58:42.7224996+02:00
sales-enablement,localization,PASS,,2,4ff1d940-eba0-4026-b36d-ed245803ae81,"",4,2026-09-23T06:59:12.1701456+02:00
vertical-package,localization,PASS,,2,7888002f-fb55-4f77-b5a9-0885a1983cd5,"",5,2026-09-23T06:59:41.7036094+02:00
lead-gen-retainer,localization,PASS,,3,a3cde683-e6e1-4bc0-90a3-026aadb88efa,"",22,2026-09-23T07:00:28.4119946+02:00
ai-support-retainer,localization,PASS,,3,4617a91f-5f22-4d6e-b71b-c800553b57a5,"",5,2026-09-23T07:00:58.6416590+02:00
custom-software,localization,PASS,,2,6594fb01-84a9-4bc1-a2c6-915ec9041f3b,"",4,2026-09-23T07:01:28.1266338+02:00
bundle-portal-presence,localization,PASS,,2,154273d9-3c8a-4ca2-befb-d41fb495dbf3,"",5,2026-09-23T07:01:57.7522825+02:00
bundle-sales-launch,localization,PASS,,2,8b234ddc-93f3-424f-8141-45b4be7eb47c,"",5,2026-09-23T07:02:27.4047042+02:00
bundle-ops-clarity,localization,PASS,,4,ba90b1c2-c88d-4cfe-b36a-61ced1081cff,"",4,2026-09-23T07:02:56.9266789+02:00
setup-quick,marketing,PASS,,2,f9e66a56-7e31-4201-90c6-d36689fa2633,"",5,2026-09-23T07:03:26.4551875+02:00
setup-full,marketing,PASS,,4,ba3261e6-69d2-4fde-bf74-156adc78fe1f,"",5,2026-09-23T07:03:56.0119063+02:00
setup-custom,marketing,PASS,,3,645a9f69-6219-4e9d-85e9-d25569a2684d,"",5,2026-09-23T07:04:25.5924267+02:00
audit,marketing,PASS,,2,f25a8013-c688-48de-a6c9-66fdc29e0eb4,"",5,2026-09-23T07:04:56.2220964+02:00
integration,marketing,PASS,,3,d03b5c68-ae58-448e-9168-eda89bc55ebc,"",5,2026-09-23T07:05:25.8596603+02:00
workflow-design,marketing,PASS,,2,12b2d1f3-9e79-41b2-bbda-327f222795a6,"",5,2026-09-23T07:05:55.4256546+02:00
support-priority,marketing,PASS,,2,98b2497f-9a61-42c9-8967-b971b25b430a,"",4,2026-09-23T07:06:24.8856250+02:00
support-dedicated,marketing,PASS,,2,953dfd4c-b973-4e1a-bc58-ec59b1961635,"",4,2026-09-23T07:06:54.3997368+02:00
landing,marketing,PASS,,0,40fd49dc-691b-425d-a3b8-046bd547b30e,"",4,2026-09-23T07:07:23.8987340+02:00
website-business,marketing,PASS,,0,8f08237c-2df7-4deb-86b1-3f3f3ac25183,"",4,2026-09-23T07:07:53.3744400+02:00
website-ecommerce,marketing,PASS,,0,a4720cf2-e04e-449f-ad99-4a06d092a1b7,"",5,2026-09-23T07:08:22.9290807+02:00
white-label-setup,marketing,PASS,,2,73197e64-b196-409c-8cc2-c8fce1a2a441,"",4,2026-09-23T07:08:52.4245711+02:00
sales-enablement,marketing,PASS,,2,dad79ef6-e363-4d42-bd45-4b0c9a1dfd9e,"",4,2026-09-23T07:09:21.9158465+02:00
vertical-package,marketing,PASS,,2,5f848b89-239c-4a64-bbcf-1f3362781b5d,"",5,2026-09-23T07:09:51.5171158+02:00
lead-gen-retainer,marketing,PASS,,3,5f7b2bdb-60d4-40bc-830d-ff3704fbcf2e,"",9,2026-09-23T07:10:25.0822427+02:00
ai-support-retainer,marketing,PASS,,3,8a885b6a-1ed3-4d84-9a12-8dc36a161d96,"",4,2026-09-23T07:10:54.6038864+02:00
custom-software,marketing,PASS,,2,ac97299f-7fe2-4bfc-8635-7393bf658e5e,"",4,2026-09-23T07:11:24.0948150+02:00
bundle-portal-presence,marketing,PASS,,2,8cff99ac-87b9-46d6-a9ea-5a3e02bd7e06,"",5,2026-09-23T07:11:53.7027619+02:00
bundle-sales-launch,marketing,PASS,,2,d8bb2345-a5dc-47d9-8dd4-1378a55f455f,"",5,2026-09-23T07:12:23.2832876+02:00
bundle-ops-clarity,marketing,PASS,,4,aef1beea-3ecb-4dd5-bcc6-0a24c1fa9de8,"",4,2026-09-23T07:12:52.7694458+02:00
setup-quick,photography,PASS,,2,fa337770-4c7c-4b0e-aa82-b1a86514a997,"",5,2026-09-23T07:13:22.3996430+02:00
setup-full,photography,PASS,,4,92b129ac-c026-48a0-a1df-468f8ee9823d,"",5,2026-09-23T07:13:51.9443257+02:00
setup-custom,photography,PASS,,3,e3730a60-28f0-4248-b605-42a241cbb3c4,"",4,2026-09-23T07:14:21.4171798+02:00
audit,photography,PASS,,2,d1ea7f33-a7ce-4518-8523-4286c3b2a470,"",4,2026-09-23T07:14:50.8714752+02:00
integration,photography,PASS,,3,5b832a12-c90c-443c-a9fb-61f472c5abaf,"",4,2026-09-23T07:15:20.3788899+02:00
workflow-design,photography,PASS,,2,3235082d-badf-4856-a8e4-16b93ebf48f1,"",5,2026-09-23T07:15:50.2416538+02:00
support-priority,photography,PASS,,2,66a45c0f-204f-47aa-91da-90a596c9f8ac,"",4,2026-09-23T07:16:19.6859247+02:00
support-dedicated,photography,PASS,,2,6b1c648c-c9be-4a28-9277-2ea57cca64c4,"",4,2026-09-23T07:16:49.1720917+02:00
landing,photography,PASS,,0,77d6020e-497e-4336-b51b-d27489588d2c,"",5,2026-09-23T07:17:19.1554924+02:00
website-business,photography,PASS,,0,ca532ff9-c9df-453a-8634-ba13068e85c7,"",5,2026-09-23T07:17:48.9534867+02:00
website-ecommerce,photography,PASS,,0,bebec259-d301-4ebb-bf44-588cafc90fe4,"",5,2026-09-23T07:18:18.6192676+02:00
white-label-setup,photography,PASS,,2,346e508f-2b74-4830-a55c-8e4c12191dd3,"",8,2026-09-23T07:18:51.7485518+02:00
sales-enablement,photography,PASS,,2,07a504ba-42f6-4aea-aac0-c17c9e0cd786,"",5,2026-09-23T07:19:21.5446844+02:00
vertical-package,photography,PASS,,2,37e73c83-4fe0-49cf-adeb-d661008e06b9,"",5,2026-09-23T07:19:51.1807294+02:00
lead-gen-retainer,photography,PASS,,3,bcb95fe8-ddde-47ab-af3a-941315bb95ed,"",10,2026-09-23T07:20:26.0737146+02:00
ai-support-retainer,photography,PASS,,3,76f3ad15-0eb2-40cf-bf70-4b6c22cdf4c6,"",5,2026-09-23T07:20:56.1071402+02:00
custom-software,photography,PASS,,2,05c37d81-a37c-404c-8edd-478632c9d02c,"",5,2026-09-23T07:21:26.0711965+02:00
bundle-portal-presence,photography,PASS,,2,78440dff-d53b-4c8b-bb9f-87d653bfc588,"",4,2026-09-23T07:21:55.5808051+02:00
bundle-sales-launch,photography,PASS,,2,1c88d550-4c33-42e7-b0c4-dd28e8bd6715,"",5,2026-09-23T07:22:25.1163733+02:00
bundle-ops-clarity,photography,PASS,,4,a9d16afe-90f1-49ab-a212-d940620a0730,"",5,2026-09-23T07:22:54.6381632+02:00
setup-quick,product_project_management,PASS,,2,5459d97f-8a3e-478b-b301-69f577ad0376,"",6,2026-09-23T07:23:25.5214481+02:00
setup-full,product_project_management,PASS,,4,79323ed0-747f-4b10-859d-df09ea84b0f5,"",6,2026-09-23T07:23:56.9444347+02:00
setup-custom,product_project_management,PASS,,3,63f81b83-862e-46be-acd9-79751b5c49b9,"",6,2026-09-23T07:24:27.8840986+02:00
audit,product_project_management,PASS,,2,bc8e2d13-ab7d-4afc-9f3a-252eb7013550,"",4,2026-09-23T07:24:57.3866305+02:00
integration,product_project_management,PASS,,3,915434ca-33d6-4a6c-ba82-2ce92f73a172,"",4,2026-09-23T07:25:27.0760664+02:00
workflow-design,product_project_management,PASS,,2,8db373a2-28e1-43c5-89ca-1efe750bcf1f,"",5,2026-09-23T07:25:57.0683368+02:00
support-priority,product_project_management,PASS,,2,42fd47c8-cff6-4a38-bc7f-f0685c900a39,"",4,2026-09-23T07:26:26.5889771+02:00
support-dedicated,product_project_management,PASS,,2,af3609e4-ce29-4a8b-ab6f-2d7757f06ca1,"",5,2026-09-23T07:26:56.1580275+02:00
landing,product_project_management,PASS,,0,6f520730-bb2c-4292-b9dd-e60346db346f,"",5,2026-09-23T07:27:25.6832077+02:00
website-business,product_project_management,PASS,,0,96180a55-199b-4880-b0cb-b49854414982,"",5,2026-09-23T07:27:55.3213000+02:00
website-ecommerce,product_project_management,PASS,,0,fa86982d-f0dc-45cf-a01e-3adef5df4af6,"",5,2026-09-23T07:28:24.9723061+02:00
white-label-setup,product_project_management,PASS,,2,08b0d26c-3635-42ce-b3c4-cff551a9ca5a,"",5,2026-09-23T07:28:54.5880638+02:00
sales-enablement,product_project_management,PASS,,2,9ddb283a-4085-422d-b2bb-badbfbddfd8c,"",5,2026-09-23T07:29:24.1218899+02:00
vertical-package,product_project_management,PASS,,2,17f87d84-3f20-4443-939c-14e7d0f9acb6,"",5,2026-09-23T07:29:53.8817407+02:00
lead-gen-retainer,product_project_management,PASS,,3,016b3231-9cab-4e84-a302-03ef2d527d27,"",9,2026-09-23T07:30:27.4495348+02:00
ai-support-retainer,product_project_management,PASS,,3,0c1cb9cb-33d8-47e3-a11f-fc9de2b922bb,"",5,2026-09-23T07:30:57.0238678+02:00
custom-software,product_project_management,PASS,,2,444cbe4e-7561-45f1-8ccc-dc18731aa540,"",5,2026-09-23T07:31:26.6340783+02:00
bundle-portal-presence,product_project_management,PASS,,2,f49b59ea-32d5-4d15-a21e-77dccecde3fa,"",5,2026-09-23T07:31:56.1842659+02:00
bundle-sales-launch,product_project_management,PASS,,2,6c4b7d00-5ced-4fbc-a467-e61afcc07e9f,"",5,2026-09-23T07:32:25.8015526+02:00
bundle-ops-clarity,product_project_management,PASS,,4,8c14bdf4-7545-40e7-96f6-9aa7909408be,"",5,2026-09-23T07:32:55.5123538+02:00
setup-quick,real_estate_services,PASS,,2,50c8b5f2-d6ea-4f6b-b59e-becb55c4cde5,"",5,2026-09-23T07:33:25.3367838+02:00
setup-full,real_estate_services,PASS,,4,574d0459-22f5-4bb3-9308-0ee707e174c8,"",5,2026-09-23T07:33:55.1137972+02:00
setup-custom,real_estate_services,PASS,,3,a1a2275c-769e-4ca5-8675-b252e06477ae,"",4,2026-09-23T07:34:24.5730984+02:00
audit,real_estate_services,PASS,,2,76ecbaeb-062e-485b-b2c3-43f0bbf2c170,"",4,2026-09-23T07:34:54.0277369+02:00
integration,real_estate_services,PASS,,3,e646a196-e9dc-4326-a2c3-77284470504e,"",4,2026-09-23T07:35:23.5169323+02:00
workflow-design,real_estate_services,PASS,,2,44cd140f-2472-4c1d-bb65-92f39c817515,"",5,2026-09-23T07:35:53.3642737+02:00
support-priority,real_estate_services,PASS,,2,dd2e1453-0d7b-4aa7-b76b-bdf88fe1c4d1,"",5,2026-09-23T07:36:22.9001518+02:00
support-dedicated,real_estate_services,PASS,,2,9c3a2a56-a799-4c71-b8a2-56b552dff632,"",4,2026-09-23T07:36:52.3847171+02:00
landing,real_estate_services,PASS,,0,fda87659-c7c5-4626-837b-fbaf9ff34483,"",4,2026-09-23T07:37:21.8525701+02:00
website-business,real_estate_services,PASS,,0,2afaeb85-311a-47ba-98fa-9091c47ccc31,"",4,2026-09-23T07:37:51.3641972+02:00
website-ecommerce,real_estate_services,PASS,,0,0db275b2-8b70-41eb-8e4f-ed47b008189c,"",4,2026-09-23T07:38:20.8576183+02:00
white-label-setup,real_estate_services,PASS,,2,7b2bde73-64d0-4dd2-8a7f-e44cdeea86c8,"",4,2026-09-23T07:38:50.3080653+02:00
sales-enablement,real_estate_services,PASS,,2,752066d4-3508-4f3d-af59-77baf3c239e0,"",5,2026-09-23T07:39:19.8439423+02:00
vertical-package,real_estate_services,PASS,,2,8144aa33-57cb-49a1-a92b-acc531155822,"",4,2026-09-23T07:39:49.3431124+02:00
lead-gen-retainer,real_estate_services,PASS,,3,c493cade-a285-4559-ae53-e8191f3e0115,"",9,2026-09-23T07:40:22.9640299+02:00
ai-support-retainer,real_estate_services,PASS,,3,12055199-6070-470a-b252-67f0041c7650,"",4,2026-09-23T07:40:52.4335920+02:00
custom-software,real_estate_services,PASS,,2,6d93531b-40bf-4c2a-a4f5-66bfa6568d7f,"",4,2026-09-23T07:41:21.9376774+02:00
bundle-portal-presence,real_estate_services,PASS,,2,5941a8e7-9d12-4214-98e0-c9741c542df5,"",4,2026-09-23T07:41:51.4004978+02:00
bundle-sales-launch,real_estate_services,PASS,,2,770fb615-b07f-4b6f-91cb-cca4ebb65aa2,"",4,2026-09-23T07:42:20.8860288+02:00
bundle-ops-clarity,real_estate_services,PASS,,4,a663e3de-ac5c-4d2c-8eb8-51375a93615d,"",5,2026-09-23T07:42:50.4115899+02:00
setup-quick,sales,PASS,,2,b630e9df-37b6-448f-9f35-dd41ca62001f,"",5,2026-09-23T07:43:20.3106081+02:00
setup-full,sales,PASS,,4,6d901b8f-ec4f-4cd5-a5e3-1b1b5ccb879f,"",5,2026-09-23T07:43:49.8713491+02:00
setup-custom,sales,PASS,,3,40085ff0-dd2b-4714-96c0-47f4b0ad3792,"",5,2026-09-23T07:44:19.5155490+02:00
audit,sales,PASS,,2,9f3daedf-99b4-4075-bfd4-e837187173c2,"",5,2026-09-23T07:44:49.8748140+02:00
integration,sales,PASS,,3,c5835510-1b1e-4b46-a5d2-fea9b12720cc,"",5,2026-09-23T07:45:19.4820648+02:00
workflow-design,sales,PASS,,2,c8552f18-60b8-4a55-a698-4c6cc1b768d9,"",5,2026-09-23T07:45:49.2393110+02:00
support-priority,sales,PASS,,2,1520befe-fc50-4fa6-b9b6-5200a52f3032,"",5,2026-09-23T07:46:19.0966150+02:00
support-dedicated,sales,PASS,,2,ebe378af-2f64-4659-8eec-9819919688d4,"",5,2026-09-23T07:46:48.6873823+02:00
landing,sales,PASS,,0,37b482e6-3e5b-4769-ab18-c1b8060d6436,"",4,2026-09-23T07:47:18.1722756+02:00
website-business,sales,PASS,,0,f836869e-fb71-4333-a617-df4339ae8d02,"",5,2026-09-23T07:47:47.7923805+02:00
website-ecommerce,sales,PASS,,0,2231ab1a-03bb-48b1-9d40-c3c759702774,"",4,2026-09-23T07:48:17.2704649+02:00
white-label-setup,sales,PASS,,2,11a7430c-7aec-410e-b01e-8b5517312758,"",5,2026-09-23T07:48:46.9004249+02:00
sales-enablement,sales,PASS,,2,e90a396c-b27c-4f78-8252-a8f5b8cef32d,"",5,2026-09-23T07:49:16.4246250+02:00
vertical-package,sales,PASS,,2,8d59395f-70f8-4d98-835c-7d8b3cd5069c,"",4,2026-09-23T07:49:45.9139183+02:00
lead-gen-retainer,sales,PASS,,3,1039abbe-5f36-4e6b-9601-9105712e5cc5,"",9,2026-09-23T07:50:19.7431783+02:00
ai-support-retainer,sales,PASS,,3,5f5af349-eb92-4602-b525-fe446e2c4d6e,"",5,2026-09-23T07:50:49.3043535+02:00
custom-software,sales,PASS,,2,0273cb97-2e57-4f15-8afd-7d9a6e2737ae,"",5,2026-09-23T07:51:18.8219081+02:00
bundle-portal-presence,sales,PASS,,2,75ea9733-55fd-41a5-8397-0d4b7502279f,"",5,2026-09-23T07:51:48.3468773+02:00
bundle-sales-launch,sales,PASS,,2,d89e0c34-91bb-4c9e-8681-d6213798216e,"",5,2026-09-23T07:52:17.8885665+02:00
bundle-ops-clarity,sales,PASS,,4,c958081e-ab3b-4b1a-81e1-42b116724623,"",5,2026-09-23T07:52:47.4125315+02:00
setup-quick,video_animation,PASS,,2,c5503263-c333-4db7-b8a7-c2174fad4a12,"",5,2026-09-23T07:53:17.0120507+02:00
setup-full,video_animation,PASS,,4,43681cf4-45f8-4b5c-9b4a-aaef93ae94bb,"",5,2026-09-23T07:53:46.5788244+02:00
setup-custom,video_animation,PASS,,3,9b7d84d8-7a87-4cb7-94e8-290579d2dd0b,"",5,2026-09-23T07:54:16.1703508+02:00
audit,video_animation,PASS,,2,bbffd470-a390-4e8d-b0a8-1f6e36671b5b,"",4,2026-09-23T07:54:45.6851069+02:00
integration,video_animation,PASS,,3,1d9ded37-f592-4357-b058-b9640199cb86,"",5,2026-09-23T07:55:15.2950209+02:00
workflow-design,video_animation,PASS,,2,aed6b4b4-d7d5-43e1-85bf-d4484c2e5812,"",4,2026-09-23T07:55:44.8096629+02:00
support-priority,video_animation,PASS,,2,17699304-3def-40d0-8407-e46dbf72d39d,"",5,2026-09-23T07:56:14.9297889+02:00
support-dedicated,video_animation,PASS,,2,a3d2b2c6-9fd4-41a4-876c-098348ae6c9b,"",4,2026-09-23T07:56:44.4174311+02:00
landing,video_animation,PASS,,0,ffeac35a-2c17-4e6b-92e3-d105bf8e0bb1,"",5,2026-09-23T07:57:14.0336744+02:00
website-business,video_animation,PASS,,0,0d86d925-3cd4-44ea-8227-4ef51b66c727,"",4,2026-09-23T07:57:43.5313274+02:00
website-ecommerce,video_animation,PASS,,0,61421dd1-8cd7-4981-a433-3bd0ab78c904,"",4,2026-09-23T07:58:13.0133017+02:00
white-label-setup,video_animation,PASS,,2,ba76f455-a9f4-43b6-8bb8-43c11a2ccea7,"",5,2026-09-23T07:58:42.8054108+02:00
sales-enablement,video_animation,PASS,,2,1c96ec15-234a-47dc-b55c-d3592005c3ae,"",5,2026-09-23T07:59:12.3869134+02:00
vertical-package,video_animation,PASS,,2,453e988b-3283-43c4-9e53-7d579e950b41,"",4,2026-09-23T07:59:41.8815982+02:00
lead-gen-retainer,video_animation,PASS,,3,eac4be96-b6a8-447a-99a6-40f1b2d6c08b,"",9,2026-09-23T08:00:15.8846537+02:00
ai-support-retainer,video_animation,PASS,,3,91ae1947-bff6-42dd-b58b-9fa7ef7d25df,"",5,2026-09-23T08:00:45.4531308+02:00
custom-software,video_animation,PASS,,2,174060d2-b683-48c7-b952-a75b2eda62e7,"",4,2026-09-23T08:01:15.1541979+02:00
bundle-portal-presence,video_animation,PASS,,2,0d04664e-903b-4fcb-9ffb-a31519889a56,"",4,2026-09-23T08:01:44.6478149+02:00
bundle-sales-launch,video_animation,PASS,,2,7d543760-ab7a-4855-9271-c1995baf20b8,"",4,2026-09-23T08:02:14.1329811+02:00
bundle-ops-clarity,video_animation,PASS,,4,76252f6f-76bd-4ce2-994d-fb210888086f,"",5,2026-09-23T08:02:43.7226919+02:00
setup-quick,web3,PASS,,2,6776d9fb-3d3c-4848-b58c-9546f2109876,"",5,2026-09-23T08:03:13.2399638+02:00
setup-full,web3,PASS,,4,4765547b-67d7-4eed-993a-76623cec8e47,"",5,2026-09-23T08:03:43.0248030+02:00
setup-custom,web3,PASS,,3,500bdea5-ec3b-4d9c-8e78-b4c14d5fd41d,"",5,2026-09-23T08:04:12.7728638+02:00
audit,web3,PASS,,2,cba58694-0235-4f4a-af3e-368d7c51418b,"",4,2026-09-23T08:04:42.2682312+02:00
integration,web3,PASS,,3,d667946b-573f-4318-9f9d-9ab953f828a8,"",5,2026-09-23T08:05:12.2050429+02:00
workflow-design,web3,PASS,,2,46efd1e5-b3e9-4ad3-ae53-4fba4f6bdd1a,"",4,2026-09-23T08:05:41.7042241+02:00
support-priority,web3,PASS,,2,009a1874-059c-4c2f-bb80-a71754c96b88,"",5,2026-09-23T08:06:11.2476682+02:00
support-dedicated,web3,PASS,,2,c09a7cef-6829-447e-a734-8baa263484e1,"",5,2026-09-23T08:06:40.8039548+02:00
landing,web3,PASS,,0,83d87ade-6853-4933-8973-3659f224940a,"",5,2026-09-23T08:07:10.7237275+02:00
website-business,web3,PASS,,0,72db6cd1-ba70-467e-9794-64e71f4eda81,"",5,2026-09-23T08:07:40.3760858+02:00
website-ecommerce,web3,PASS,,0,e498b0cd-7922-4198-9e07-636ee119a954,"",5,2026-09-23T08:08:10.0345645+02:00
white-label-setup,web3,PASS,,2,37bb025b-d294-4736-b3f1-27cf5ea576ef,"",4,2026-09-23T08:08:39.5548771+02:00
sales-enablement,web3,PASS,,2,093e97e0-9652-4b6f-8685-a34058b7e2eb,"",5,2026-09-23T08:09:09.1397947+02:00
vertical-package,web3,PASS,,2,5700b030-e319-4145-943d-811799d3e628,"",5,2026-09-23T08:09:38.9512574+02:00
lead-gen-retainer,web3,PASS,,3,e1e4ee72-da5e-43a0-9570-26d4e2eda229,"",9,2026-09-23T08:10:12.8143097+02:00
ai-support-retainer,web3,PASS,,3,8b88b5d0-d9a0-4bf1-884b-d2617d2aa951,"",4,2026-09-23T08:10:42.3263617+02:00
custom-software,web3,PASS,,2,61f64d09-8ced-43a4-b40d-8dc637c6153b,"",5,2026-09-23T08:11:11.8968247+02:00
bundle-portal-presence,web3,PASS,,2,7f5221fb-f1d6-435a-8e28-b128d3476652,"",5,2026-09-23T08:11:41.7955771+02:00
bundle-sales-launch,web3,PASS,,2,72bce3fc-b76f-483e-8af2-10ac83507764,"",4,2026-09-23T08:12:11.3065874+02:00
bundle-ops-clarity,web3,PASS,,4,c06fed1a-d40c-4f10-8ed5-72b411ea27b0,"",5,2026-09-23T08:12:40.8378420+02:00
setup-quick,writing_translation,PASS,,2,c1a8b654-481c-4756-9212-874536b93a02,"",5,2026-09-23T08:13:10.3644689+02:00
setup-full,writing_translation,PASS,,4,0e01c236-d3f9-4fa0-894d-ec22f3207136,"",5,2026-09-23T08:13:39.9124583+02:00
setup-custom,writing_translation,PASS,,3,ca170838-ea8b-4e26-82ae-6eafc3887132,"",5,2026-09-23T08:14:09.6448972+02:00
audit,writing_translation,PASS,,2,a1cf9b86-7729-42ca-be0a-16d93b79bb5a,"",4,2026-09-23T08:14:39.1030332+02:00
integration,writing_translation,PASS,,3,5370c9c3-1208-453e-8753-0e67554c162d,"",4,2026-09-23T08:15:08.6094049+02:00
workflow-design,writing_translation,PASS,,2,f7d2a043-d274-4e3c-9ed5-43cb44401acd,"",5,2026-09-23T08:15:38.1346733+02:00
support-priority,writing_translation,PASS,,2,36cf1f61-5b0e-41e0-a919-ba85c01abd9f,"",5,2026-09-23T08:16:07.8260410+02:00
support-dedicated,writing_translation,PASS,,2,711a250d-5897-48fc-a218-dd05b0ec9c3a,"",4,2026-09-23T08:16:37.4839331+02:00
landing,writing_translation,PASS,,0,3c6b6107-7f79-4da1-981d-f9f34f07375a,"",6,2026-09-23T08:17:08.0780418+02:00
website-business,writing_translation,PASS,,0,d93cf8ba-dece-4825-a6b4-b35c9d01a5b3,"",5,2026-09-23T08:17:37.7020482+02:00
website-ecommerce,writing_translation,PASS,,0,1e698177-3100-40c2-bff1-ebb11247061b,"",5,2026-09-23T08:18:07.7334240+02:00
white-label-setup,writing_translation,PASS,,2,1e56b5dc-4c40-4e62-ae2d-762f2874f80a,"",5,2026-09-23T08:18:37.3650267+02:00
sales-enablement,writing_translation,PASS,,2,c96f18aa-941e-4ccc-9193-976ef2d7cbd6,"",5,2026-09-23T08:19:07.2354289+02:00
vertical-package,writing_translation,PASS,,2,d05c626e-50ea-4d6a-8a6f-3fc71a917fa8,"",11,2026-09-23T08:19:43.4502375+02:00
lead-gen-retainer,writing_translation,PASS,,3,a8974836-bcd0-46be-ae2f-2e6ca4df8041,"",11,2026-09-23T08:20:19.1550832+02:00
ai-support-retainer,writing_translation,PASS,,3,7b4b8b10-eb6e-4f20-859b-7a9260a268df,"",6,2026-09-23T08:20:50.1189958+02:00
custom-software,writing_translation,PASS,,2,8eaaac52-e05a-4b6f-9eff-601b19808a8a,"",5,2026-09-23T08:21:19.6407156+02:00
bundle-portal-presence,writing_translation,PASS,,2,a35c3424-918d-45c3-ae71-f8f843eefac7,"",4,2026-09-23T08:21:49.1208619+02:00
bundle-sales-launch,writing_translation,PASS,,2,e519f98c-f915-4e94-8477-f3adb31186df,"",4,2026-09-23T08:22:18.6149775+02:00
bundle-ops-clarity,writing_translation,PASS,,4,023b7d47-2b5a-4810-be4f-1c9350eee219,"",4,2026-09-23T08:22:48.1082597+02:00
setup-quick,healthcare,PASS,,2,ca99f93b-0ea9-4456-9947-60e31ba8324b,"",5,2026-09-23T08:23:17.7342357+02:00
setup-full,healthcare,PASS,,4,096bb142-5f62-4e77-99af-a537911edc2f,"",5,2026-09-23T08:23:47.2477189+02:00
setup-custom,healthcare,PASS,,3,1a3611e1-2b9f-4ce7-97db-22fa4c6d29f3,"",5,2026-09-23T08:24:16.8648273+02:00
audit,healthcare,PASS,,2,e533e282-5f0f-45b0-8e36-31e01ff8f582,"",5,2026-09-23T08:24:46.5124561+02:00
integration,healthcare,PASS,,3,5e378a4c-88b3-4859-b22b-ca66bc752191,"",5,2026-09-23T08:25:16.0752514+02:00
workflow-design,healthcare,PASS,,2,994621b4-239b-41d3-8b77-464c62474200,"",4,2026-09-23T08:25:45.5581663+02:00
support-priority,healthcare,PASS,,2,0422a7c5-8161-4352-adb0-a05d0f21f9bb,"",5,2026-09-23T08:26:15.1368464+02:00
support-dedicated,healthcare,PASS,,2,474969ff-cac8-4e35-bebb-371734983873,"",5,2026-09-23T08:26:44.8644144+02:00
landing,healthcare,PASS,,0,4f648974-3642-415b-9209-21f0744b1d5a,"",4,2026-09-23T08:27:14.3675850+02:00
website-business,healthcare,PASS,,0,80294146-25fa-440f-903f-9b034154093b,"",5,2026-09-23T08:27:44.7661657+02:00
website-ecommerce,healthcare,PASS,,0,39c0dd91-4b57-40ac-a467-3f6c0f44ce74,"",5,2026-09-23T08:28:14.5141225+02:00
white-label-setup,healthcare,PASS,,2,68542bf7-3428-48b3-845e-d42ac874ed81,"",22,2026-09-23T08:29:01.3432982+02:00
sales-enablement,healthcare,PASS,,2,e51fe46f-d0db-4be0-b5c4-56698be652f5,"",5,2026-09-23T08:29:31.2947576+02:00
vertical-package,healthcare,PASS,,2,4b2f4e24-fa95-4e3e-bbc6-c4fc4eabc42d,"",5,2026-09-23T08:30:00.9901141+02:00
lead-gen-retainer,healthcare,PASS,,3,30f22ca3-4f8a-4f81-9db5-1bc37bda42f3,"",9,2026-09-23T08:30:34.9268892+02:00
ai-support-retainer,healthcare,PASS,,3,1960fc57-86a6-49a1-92ee-cde3758337ed,"",5,2026-09-23T08:31:04.7593943+02:00
custom-software,healthcare,PASS,,2,515ef832-35e1-4391-b27d-a5ce66a4fc0e,"",5,2026-09-23T08:31:34.2770518+02:00
bundle-portal-presence,healthcare,PASS,,2,b71a8edf-6b7f-4467-8af9-1a49e0358819,"",5,2026-09-23T08:32:03.9195220+02:00
bundle-sales-launch,healthcare,PASS,,2,bf1b1f6a-3b50-420a-b469-38300ea53706,"",4,2026-09-23T08:32:33.4126431+02:00
bundle-ops-clarity,healthcare,PASS,,4,66e4ba05-8766-49b4-8328-8b1a5d097350,"",5,2026-09-23T08:33:03.0086870+02:00
setup-quick,legal,PASS,,2,a44343cb-d68d-45ec-a575-68d3445cf57c,"",5,2026-09-23T08:33:32.5590499+02:00
setup-full,legal,PASS,,4,18a71b90-34cf-4d45-bfa1-8b01cc03ab97,"",5,2026-09-23T08:34:02.9555713+02:00
setup-custom,legal,PASS,,3,ae60e854-ce26-4848-97d3-20aef1ef0358,"",4,2026-09-23T08:34:32.4394793+02:00
audit,legal,PASS,,2,c5165c1d-9119-4b60-8983-c8e732146211,"",5,2026-09-23T08:35:02.1441205+02:00
integration,legal,PASS,,3,013ae270-fccc-4aa5-979b-71ffad20663b,"",5,2026-09-23T08:35:31.7774134+02:00
workflow-design,legal,PASS,,2,3a2cdd99-75e6-42e3-8327-fd9a7518072f,"",4,2026-09-23T08:36:01.2887127+02:00
support-priority,legal,PASS,,2,c6f56f81-4d66-4776-a495-8a84754962f0,"",4,2026-09-23T08:36:30.7757738+02:00
support-dedicated,legal,PASS,,2,067b4a20-8dc8-476b-ae18-ca9b9396af7a,"",5,2026-09-23T08:37:00.3613767+02:00
landing,legal,PASS,,0,132f4bbb-3fd1-4dec-8425-c225d6a2e9fc,"",9,2026-09-23T08:37:34.4338964+02:00
website-business,legal,PASS,,0,6a108820-0ee7-4686-9104-4a31059b0506,"",5,2026-09-23T08:38:06.1187998+02:00
website-ecommerce,legal,PASS,,0,2a35bc16-7607-4825-8f94-48d9a82336e7,"",4,2026-09-23T08:38:35.5720099+02:00
white-label-setup,legal,PASS,,2,256f3a2a-5173-47b5-a069-0e3afc1bd394,"",5,2026-09-23T08:39:05.2552179+02:00
sales-enablement,legal,PASS,,2,1856d8e3-0b1a-41c3-9629-0d67b5afe4f9,"",4,2026-09-23T08:39:34.7121277+02:00
vertical-package,legal,PASS,,2,08bea9fd-cf51-4bad-85d2-12e71f312810,"",5,2026-09-23T08:40:04.2866883+02:00
lead-gen-retainer,legal,PASS,,3,dc6d936f-8ad2-4c6d-9557-565175d5604b,"",10,2026-09-23T08:40:39.0789640+02:00
ai-support-retainer,legal,PASS,,3,32e1987f-21b0-4795-b7e0-a76c73086ce2,"",6,2026-09-23T08:41:10.2241584+02:00
custom-software,legal,PASS,,2,32daa846-a7fc-4d80-9acc-c76b76906380,"",5,2026-09-23T08:41:40.6125085+02:00
bundle-portal-presence,legal,PASS,,2,4ea8890b-36bd-4aab-a9a5-833c5edec49c,"",5,2026-09-23T08:42:10.9378873+02:00
bundle-sales-launch,legal,PASS,,2,a9ebf00f-48b8-45b9-b232-e3f556d7b5a3,"",5,2026-09-23T08:42:40.7162799+02:00
bundle-ops-clarity,legal,PASS,,4,125f22ef-0cc6-4e76-92b8-32adfed77171,"",5,2026-09-23T08:43:10.2450996+02:00
setup-quick,retail,PASS,,2,dfc9f061-d05c-4072-b003-9286ec3aad2f,"",5,2026-09-23T08:43:39.7845885+02:00
setup-full,retail,PASS,,4,4a11c051-d8a9-4742-8237-d2b699a4bf42,"",6,2026-09-23T08:44:11.1170622+02:00
setup-custom,retail,PASS,,3,bd217f5d-3ba1-4397-b884-d3a900be44c6,"",5,2026-09-23T08:44:41.8388917+02:00
audit,retail,PASS,,2,879c7aee-08bc-4195-82f3-96bbaab538b5,"",5,2026-09-23T08:45:11.4842512+02:00
integration,retail,PASS,,3,5928c0b6-ac2c-47ae-a41e-48eeafa05a06,"",5,2026-09-23T08:45:42.8527237+02:00
workflow-design,retail,PASS,,2,7131c651-93ca-4040-8791-79ac809105ab,"",5,2026-09-23T08:46:12.4603551+02:00
support-priority,retail,PASS,,2,a3f63462-bb82-4ef5-8ea9-5105245826b2,"",5,2026-09-23T08:46:42.5484263+02:00
support-dedicated,retail,PASS,,2,289b08da-600e-41d8-ab6f-c0a076f71967,"",8,2026-09-23T08:47:17.0249763+02:00
landing,retail,PASS,,0,716f95b2-4a91-49bd-b816-d4006a25d52d,"",5,2026-09-23T08:47:47.2613977+02:00
website-business,retail,PASS,,0,ab78cc61-d258-49e1-885d-8c473cce3da2,"",6,2026-09-23T08:48:18.7876530+02:00
website-ecommerce,retail,PASS,,0,cdba0a71-0b1a-4d0a-b899-054f965a70ce,"",6,2026-09-23T08:48:50.0758217+02:00
white-label-setup,retail,PASS,,2,d123a354-5b38-4fb4-82f8-31d219c7b300,"",8,2026-09-23T08:49:23.3703728+02:00
sales-enablement,retail,PASS,,2,d2f780e6-675b-4fe6-9cf4-4645f8212745,"",5,2026-09-23T08:49:53.4058580+02:00
vertical-package,retail,PASS,,2,2412dea5-88b5-4c6b-b57d-78a9405bd960,"",5,2026-09-23T08:50:22.9509202+02:00
lead-gen-retainer,retail,PASS,,3,4760c4b4-ae72-4efa-8398-8dbcdeafe5fb,"",9,2026-09-23T08:50:56.6281786+02:00
ai-support-retainer,retail,PASS,,3,9f3b3acd-38c6-4bf7-86b2-b4e0b3e11cd2,"",8,2026-09-23T08:51:29.4711127+02:00
custom-software,retail,PASS,,2,ac838925-da91-49e7-b36f-1fd3287f1cc5,"",5,2026-09-23T08:51:59.0302707+02:00
bundle-portal-presence,retail,PASS,,2,744333e5-477c-4040-be78-96ffb6c6962e,"",5,2026-09-23T08:52:28.6135452+02:00
bundle-sales-launch,retail,PASS,,2,b9dec7ae-2755-4003-a0cc-f8fc9e378bf0,"",5,2026-09-23T08:52:58.1722082+02:00
bundle-ops-clarity,retail,PASS,,4,cd2cb1ea-6ea4-4505-96cc-a765d6e0898f,"",5,2026-09-23T08:53:28.2398983+02:00
setup-quick,hospitality,PASS,,2,219d7a91-08b8-4067-9158-4a4059248e9d,"",5,2026-09-23T08:53:58.1590961+02:00
setup-full,hospitality,PASS,,4,4db78d37-35fb-449b-8f87-9edff8106a00,"",5,2026-09-23T08:54:27.9975386+02:00
setup-custom,hospitality,PASS,,3,7ce9d2fc-e19e-4270-87be-9ee2aceb6bf0,"",5,2026-09-23T08:54:57.7079919+02:00
audit,hospitality,PASS,,2,c48f2127-798e-4d2e-b77a-e9015ae450a8,"",5,2026-09-23T08:55:27.9068170+02:00
integration,hospitality,PASS,,3,4addc63e-94b8-4cf7-a635-8e8ae073fb98,"",9,2026-09-23T08:56:01.4889532+02:00
workflow-design,hospitality,PASS,,2,68eb95e2-bbf9-44af-8ca8-ff619a3f5fe5,"",5,2026-09-23T08:56:31.3413787+02:00
support-priority,hospitality,PASS,,2,5ad5948d-ea89-48bf-9a79-e54aa018e716,"",8,2026-09-23T08:57:05.5025997+02:00
support-dedicated,hospitality,PASS,,2,f149be0b-a1a6-43d7-b370-edefb42e3a6c,"",38,2026-09-23T08:58:13.6345599+02:00
landing,hospitality,PASS,,0,790c18b5-114d-466f-9968-121638c6cfa4,"",41,2026-09-23T08:59:19.4622179+02:00
website-business,hospitality,PASS,,0,36fb34d6-7e58-4d67-b601-cfcd78707621,"",18,2026-09-23T09:00:08.7245022+02:00
website-ecommerce,hospitality,PASS,,0,11702cba-ecc1-4381-a4e5-15d5d17e376c,"",5,2026-09-23T09:00:38.3364921+02:00
white-label-setup,hospitality,PASS,,2,bef54b55-c44d-4c29-a67d-48379bbb1714,"",7,2026-09-23T09:01:10.2654320+02:00
sales-enablement,hospitality,PASS,,2,25f7ad7a-b811-4fbb-83a6-258f703192ae,"",7,2026-09-23T09:01:41.7941616+02:00
vertical-package,hospitality,PASS,,2,bcc838bd-e3ac-4124-9073-ce1a57817a54,"",8,2026-09-23T09:02:14.5536049+02:00
lead-gen-retainer,hospitality,PASS,,3,a737c6a8-64cd-4696-8087-8926eccb0a17,"",9,2026-09-23T09:02:48.7673434+02:00
ai-support-retainer,hospitality,PASS,,3,fa0d454c-52c9-4183-a5b2-a5762c83764c,"",5,2026-09-23T09:03:18.3132039+02:00
custom-software,hospitality,PASS,,2,8f90d8f5-c64b-423a-808f-297a944d0d47,"",5,2026-09-23T09:03:47.9357850+02:00
bundle-portal-presence,hospitality,PASS,,2,1b52a029-db03-49e0-8b86-9c249ad72dd2,"",5,2026-09-23T09:04:17.5202795+02:00
bundle-sales-launch,hospitality,PASS,,2,acc020e1-191b-4c43-b753-19135c4488a0,"",4,2026-09-23T09:04:47.0043216+02:00
bundle-ops-clarity,hospitality,PASS,,4,2e29be5d-daf4-4aa7-a6d4-b328e6d47f52,"",5,2026-09-23T09:05:16.6496320+02:00
setup-quick,construction,PASS,,2,b44d3e49-37e7-4894-a992-c7f91ea65027,"",5,2026-09-23T09:05:46.2151062+02:00
setup-full,construction,PASS,,4,c8a3d0bc-b7c3-4206-a415-2db8bf94a0c9,"",5,2026-09-23T09:06:16.3554399+02:00
setup-custom,construction,PASS,,3,7e2e46df-c931-4697-9691-d247f1829a26,"",5,2026-09-23T09:06:45.8849272+02:00
audit,construction,PASS,,2,ed8a19cc-2c2f-4ed6-b6c6-95d48b7b4f17,"",5,2026-09-23T09:07:15.4227210+02:00
integration,construction,PASS,,3,a2e429bb-770c-4c03-9f8e-b5585e220c72,"",5,2026-09-23T09:07:45.3097380+02:00
workflow-design,construction,PASS,,2,ce1bc343-1c37-4e21-8b01-3657a8648882,"",5,2026-09-23T09:08:15.1816732+02:00
support-priority,construction,PASS,,2,d365e6b0-e57a-49c6-a8a7-ab8fa0bde5c8,"",4,2026-09-23T09:08:44.6619429+02:00
support-dedicated,construction,PASS,,2,e4a20143-6107-41ca-aec3-c2b4ac836cc5,"",5,2026-09-23T09:09:14.2952952+02:00
landing,construction,PASS,,0,843d8dc2-20c5-4645-a613-f53ad9539488,"",4,2026-09-23T09:09:43.7933853+02:00
website-business,construction,PASS,,0,a3695988-99f0-4374-88b7-d6e16b917421,"",5,2026-09-23T09:10:13.4306859+02:00
website-ecommerce,construction,PASS,,0,5be44bfb-896e-4a20-aa17-5d0425a4bb36,"",4,2026-09-23T09:10:42.8982624+02:00
white-label-setup,construction,PASS,,2,6830f513-4346-4e9b-9903-ef9d2b70baf7,"",5,2026-09-23T09:11:12.7530701+02:00
sales-enablement,construction,PASS,,2,b48aa4c0-4815-49f7-ab8f-314bf552da71,"",7,2026-09-23T09:11:44.7444182+02:00
vertical-package,construction,PASS,,2,592c02c5-ece8-4d5a-a25d-502147cabcce,"",5,2026-09-23T09:12:14.2901193+02:00
lead-gen-retainer,construction,PASS,,3,7041af10-b575-4d65-905e-73c0f6c8efdc,"",9,2026-09-23T09:12:47.9179901+02:00
ai-support-retainer,construction,PASS,,3,bb1b9679-02fb-4f58-adfc-0a16cf1713fa,"",5,2026-09-23T09:13:17.4454575+02:00
custom-software,construction,PASS,,2,7f98f755-9629-41a3-8bbf-bfb670ee8c92,"",5,2026-09-23T09:13:47.0026746+02:00
bundle-portal-presence,construction,PASS,,2,a8b115c1-76ea-429b-9244-44ff33ea79ed,"",4,2026-09-23T09:14:16.4893444+02:00
bundle-sales-launch,construction,PASS,,2,b75469c5-e5b9-412f-bcdd-142acb72ff5a,"",4,2026-09-23T09:14:45.9561196+02:00
bundle-ops-clarity,construction,PASS,,4,8c814dfa-262d-417d-aac0-ef688574e868,"",5,2026-09-23T09:15:15.6065030+02:00
setup-quick,education,PASS,,2,c1f079df-8baf-49ab-b6ff-a855d8d18b17,"",5,2026-09-23T09:15:45.2585341+02:00
setup-full,education,PASS,,4,27fadbac-b398-4ef1-a4ee-1a75115b461a,"",5,2026-09-23T09:16:14.8207675+02:00
setup-custom,education,PASS,,3,649abc2f-beb8-4e69-87a8-57f8a64ffbdb,"",4,2026-09-23T09:16:44.3042349+02:00
audit,education,PASS,,2,5f8df25c-47da-44cb-abb5-e56c8867c091,"",5,2026-09-23T09:17:14.0949295+02:00
integration,education,PASS,,3,3b6a3609-3ee0-4402-a408-6b51a895e55b,"",4,2026-09-23T09:17:43.5906467+02:00
workflow-design,education,PASS,,2,cbbeb38d-9455-4d34-b731-a1939d57e12f,"",5,2026-09-23T09:18:13.5807709+02:00
support-priority,education,PASS,,2,3e39c782-1783-49c0-9e60-a9d0acd85217,"",4,2026-09-23T09:18:43.0639724+02:00
support-dedicated,education,PASS,,2,66aba41e-b31f-477a-8546-9e858a766cbb,"",4,2026-09-23T09:19:12.5238391+02:00
landing,education,PASS,,0,b12981a7-276d-48bc-8061-00142095ffd8,"",5,2026-09-23T09:19:42.0639241+02:00
website-business,education,PASS,,0,cc545218-8945-4540-8e2e-8ad4c009c2ee,"",5,2026-09-23T09:20:12.1395107+02:00
website-ecommerce,education,PASS,,0,f79a4f37-45bd-479a-8183-86a9380202d4,"",4,2026-09-23T09:20:41.6448670+02:00
white-label-setup,education,PASS,,2,120038ed-a984-49e4-859f-a090bac19f2b,"",5,2026-09-23T09:21:11.1648645+02:00
sales-enablement,education,PASS,,2,c82fc6ff-bb48-4766-acf7-946679276ba5,"",4,2026-09-23T09:21:40.6627635+02:00
vertical-package,education,PASS,,2,650702ba-ec0f-46f3-be05-9a651ccf4164,"",5,2026-09-23T09:22:10.3440298+02:00
lead-gen-retainer,education,PASS,,3,43f7e5ac-8e40-42ad-b71c-30fd007fc68b,"",9,2026-09-23T09:22:43.9784838+02:00
ai-support-retainer,education,PASS,,3,e3b7d815-40d8-4cbb-b2cb-2d2406919171,"",5,2026-09-23T09:23:13.5112658+02:00
custom-software,education,PASS,,2,72a0dc4f-f110-49ec-8e96-62a4e6865885,"",5,2026-09-23T09:23:43.0314222+02:00
bundle-portal-presence,education,PASS,,2,5f4e3330-e674-4d88-954b-f714074e975d,"",4,2026-09-23T09:24:12.5073301+02:00
bundle-sales-launch,education,PASS,,2,f726b424-4cb6-4afc-a0d9-52b149a711b5,"",5,2026-09-23T09:24:42.1108045+02:00
bundle-ops-clarity,education,PASS,,4,71d75809-3b41-4365-8927-db69ae7da983,"",4,2026-09-23T09:25:11.5907918+02:00
setup-quick,finance,PASS,,2,8de8b42d-b343-49db-8c53-e7dc812c845d,"",4,2026-09-23T09:25:41.0745822+02:00
setup-full,finance,PASS,,4,fb826634-6ae6-4093-a933-5a2785c10307,"",4,2026-09-23T09:26:10.5760421+02:00
setup-custom,finance,PASS,,3,0ca11cfa-0088-458e-a24c-1fbb42e3c036,"",5,2026-09-23T09:26:40.1530358+02:00
audit,finance,PASS,,2,1aa517f1-edf8-44d4-976d-70f0cfad8236,"",4,2026-09-23T09:27:09.6450381+02:00
integration,finance,PASS,,3,a662a5e2-1a52-4045-9052-9af6445579a6,"",5,2026-09-23T09:27:39.1959253+02:00
workflow-design,finance,PASS,,2,9dd607d7-40c6-4135-bec2-31c8e68ee1ef,"",4,2026-09-23T09:28:08.6948455+02:00
support-priority,finance,PASS,,2,ca30aac3-c547-4fa0-9c74-be20b8972475,"",4,2026-09-23T09:28:38.1732001+02:00
support-dedicated,finance,PASS,,2,cebe9488-cccc-47a9-92d3-91f627e9e38d,"",5,2026-09-23T09:29:07.7719280+02:00
landing,finance,PASS,,0,6374b949-ea3d-4574-b116-df68b5783d64,"",4,2026-09-23T09:29:37.2731492+02:00
website-business,finance,PASS,,0,e918dc40-b4b2-4d67-abfc-315016025942,"",5,2026-09-23T09:30:06.9998890+02:00
website-ecommerce,finance,PASS,,0,9fcb2c67-85bd-4728-8af0-2a408cdca785,"",5,2026-09-23T09:30:36.5459049+02:00
white-label-setup,finance,PASS,,2,0889da3b-f2f0-4faa-98b2-c2215b20b27f,"",5,2026-09-23T09:31:06.7344748+02:00
sales-enablement,finance,PASS,,2,aa19fff2-a730-408b-b452-848cd86d3150,"",16,2026-09-23T09:31:48.5163500+02:00
vertical-package,finance,PASS,,2,fd96e326-871d-453a-9b2c-c4984d0ff87e,"",5,2026-09-23T09:32:18.8351664+02:00
lead-gen-retainer,finance,PASS,,3,bbf7dd4c-e0f4-4ceb-99c1-cd5f168de899,"",9,2026-09-23T09:32:52.5632940+02:00
ai-support-retainer,finance,PASS,,3,c88d7e75-3ec4-4f04-8a4f-731f6fe3d038,"",5,2026-09-23T09:33:23.3111858+02:00
custom-software,finance,PASS,,2,e75abda2-bf28-495c-afa7-6b0d283ac643,"",6,2026-09-23T09:33:54.9730265+02:00
bundle-portal-presence,finance,PASS,,2,8b6c4df4-47b1-4b4d-97f2-b57a0d716031,"",14,2026-09-23T09:34:34.3045561+02:00
bundle-sales-launch,finance,PASS,,2,cb733221-7dfa-4381-94ec-8d32ca7878dd,"",12,2026-09-23T09:35:12.2149886+02:00
bundle-ops-clarity,finance,PASS,,4,8e46b5f9-3ec9-4dda-8c3f-e23d61b67698,"",22,2026-09-23T09:36:00.1504933+02:00
setup-quick,logistics,PASS,,2,a48b11ca-fe9f-458f-9472-869efbf69cc8,"",65,2026-09-23T09:37:31.6734397+02:00
setup-full,logistics,PASS,,4,b485eba3-0a05-4742-82a6-c2b30e14534b,"",5,2026-09-23T09:38:01.2180892+02:00
setup-custom,logistics,PASS,,3,08ee90ea-5660-49b1-9c45-c582529bb910,"",5,2026-09-23T09:38:30.9729975+02:00
audit,logistics,PASS,,2,d64d4454-0f34-4b1a-ac88-7e248d291d66,"",6,2026-09-23T09:39:02.4259931+02:00
integration,logistics,PASS,,3,2ebbf357-13b3-40c6-8709-e852e4099ee9,"",5,2026-09-23T09:39:32.2624175+02:00
workflow-design,logistics,PASS,,2,cbdba580-32d3-4977-b5ec-a39525514150,"",8,2026-09-23T09:40:05.8810423+02:00
support-priority,logistics,PASS,,2,e7c76f40-9541-4c3e-b2e2-1809584b34a5,"",8,2026-09-23T09:40:38.7949332+02:00
support-dedicated,logistics,PASS,,2,ac925b61-0939-4f78-8a9e-b0acf20d3ee9,"",13,2026-09-23T09:41:16.5803733+02:00
landing,logistics,PASS,,0,a4b52717-e7bb-4afb-9fe6-4e84091cd3d7,"",17,2026-09-23T09:41:59.8852371+02:00
website-business,logistics,PASS,,0,b95fcc7a-a92a-411d-b969-35e131732188,"",7,2026-09-23T09:42:32.2026449+02:00
website-ecommerce,logistics,PASS,,0,966b24ad-36c0-4838-abd3-4b5f08a99dd6,"",11,2026-09-23T09:43:12.8098976+02:00
white-label-setup,logistics,PASS,,2,5d3c62fe-d9a8-420c-8695-239643ec63f9,"",24,2026-09-23T09:44:03.0238080+02:00
sales-enablement,logistics,PASS,,2,80e34191-8513-4e78-949f-1c83938fa2d1,"",5,2026-09-23T09:44:33.2397822+02:00
vertical-package,logistics,PASS,,2,668bc7be-e02f-48fa-bcb1-44c91605aa9e,"",8,2026-09-23T09:45:06.4181659+02:00
lead-gen-retainer,logistics,PASS,,3,8971079e-a3ff-45e3-918e-997f3a32460b,"",9,2026-09-23T09:45:40.5991394+02:00
ai-support-retainer,logistics,PASS,,3,98c6c5f6-39c7-48b1-ad8b-572e9396a228,"",10,2026-09-23T09:46:15.7568180+02:00
custom-software,logistics,PASS,,2,3fc2eda2-c847-476e-ac10-07a2487a9889,"",5,2026-09-23T09:46:45.3451111+02:00
bundle-portal-presence,logistics,PASS,,2,bce0570c-1508-4d7c-89cb-6b488dd63615,"",5,2026-09-23T09:47:15.5872235+02:00
bundle-sales-launch,logistics,PASS,,2,7b6675d2-ac96-40be-987c-cd7bfb385745,"",5,2026-09-23T09:47:45.7917957+02:00
bundle-ops-clarity,logistics,PASS,,4,f9ff812f-55d2-48e9-8d0c-9de40306dd45,"",5,2026-09-23T09:48:16.1321471+02:00
setup-quick,beauty,PASS,,2,1d6c0457-9989-4f42-9be9-66296a115888,"",5,2026-09-23T09:48:45.6542492+02:00
setup-full,beauty,PASS,,4,a173a830-ffd4-4543-b572-baf0f54cb8b9,"",5,2026-09-23T09:49:15.3587254+02:00
setup-custom,beauty,PASS,,3,61d64f32-52d9-4d34-97f3-1a456acc9d4d,"",5,2026-09-23T09:49:44.8852468+02:00
audit,beauty,PASS,,2,0d3f6a86-773e-496f-bba9-02eaaf8159d1,"",5,2026-09-23T09:50:15.1505133+02:00
integration,beauty,PASS,,3,86c43d40-4ef8-4f3a-8c45-52a72f1d75f4,"",4,2026-09-23T09:50:44.6489298+02:00
workflow-design,beauty,PASS,,2,7eb5c58f-d02b-4eae-b7f1-6df98c88d670,"",5,2026-09-23T09:51:14.5713737+02:00
support-priority,beauty,PASS,,2,de5add91-62df-4da1-a384-ebf95bcea159,"",4,2026-09-23T09:51:44.0721366+02:00
support-dedicated,beauty,PASS,,2,b5d295a9-17fa-4aad-b9d5-09ba96aae54a,"",5,2026-09-23T09:52:13.6333389+02:00
landing,beauty,PASS,,0,411c2954-b9fb-4de2-8255-243ae5fbc4ad,"",5,2026-09-23T09:52:43.2039939+02:00
website-business,beauty,PASS,,0,4422f12c-0518-4bab-b6dc-a88c24f0f26b,"",4,2026-09-23T09:53:12.7022747+02:00
website-ecommerce,beauty,PASS,,0,33eb1724-eea9-4669-bfbb-58947d4837f8,"",5,2026-09-23T09:53:42.4240806+02:00
white-label-setup,beauty,PASS,,2,59513dfe-53a1-46c9-93d1-7fb53e442150,"",47,2026-09-23T09:54:54.7776119+02:00
sales-enablement,beauty,PASS,,2,278eff76-addc-4b2b-a5cf-7fd6b8659ff9,"",22,2026-09-23T09:55:44.2606020+02:00
vertical-package,beauty,PASS,,2,64fd5797-d3ee-468d-b3cc-5ea7cf1a639d,"",5,2026-09-23T09:56:14.6273855+02:00
lead-gen-retainer,beauty,PASS,,3,256522e1-0fa6-4838-b7b9-a273292de70d,"",11,2026-09-23T09:56:50.5957713+02:00
ai-support-retainer,beauty,PASS,,3,215b0011-796e-495f-a822-f4c27720b50c,"",5,2026-09-23T09:57:20.3897357+02:00
custom-software,beauty,PASS,,2,05e709c0-5d33-4f3d-80f2-4a5882d74f45,"",7,2026-09-23T09:57:52.0791857+02:00
bundle-portal-presence,beauty,PASS,,2,a46411dc-b29a-48d1-8d75-2af786109888,"",5,2026-09-23T09:58:22.3796815+02:00
bundle-sales-launch,beauty,PASS,,2,b1135f72-fd19-4bb3-a25d-f7c483eb151d,"",5,2026-09-23T09:58:51.9356725+02:00
bundle-ops-clarity,beauty,PASS,,4,200974c8-2892-4b83-b539-e7e18d4dfad5,"",12,2026-09-23T09:59:29.3292419+02:00
setup-quick,fitness,PASS,,2,43a023fd-ee8e-4dde-af65-cb24143b2aa4,"",41,2026-09-23T10:00:35.5901967+02:00
setup-full,fitness,PASS,,4,947aa4c6-8a2e-4d96-86ac-89d40dc58e25,"",30,2026-09-23T10:01:30.6387770+02:00
setup-custom,fitness,PASS,,3,9f750069-046f-4789-a937-c45193a7ab3c,"",10,2026-09-23T10:02:05.2162853+02:00
audit,fitness,PASS,,2,2fe197dc-2f01-49f9-882d-23fd60c60ff8,"",33,2026-09-23T10:03:03.3970123+02:00
integration,fitness,PASS,,3,1b3dfda7-6d14-4fd5-8d2f-852e3bf51936,"",18,2026-09-23T10:03:46.6218309+02:00
workflow-design,fitness,PASS,,2,38b12a15-fe60-4eb0-be8a-f095bc4e8cc8,"",9,2026-09-23T10:04:20.8927670+02:00
support-priority,fitness,PASS,,2,610311d5-7f89-49d3-bd17-198ea86fd477,"",249,2026-09-23T10:08:56.1427627+02:00
support-dedicated,fitness,PASS,,2,f016546f-2e16-48e0-81e1-580a7879b199,"",38,2026-09-23T10:10:00.8025668+02:00
landing,fitness,PASS,,0,ff830adc-6dd9-4625-b9cd-5595447a22bc,"",8,2026-09-23T10:10:34.4372196+02:00
website-business,fitness,PASS,,0,0ac113ea-2724-4ccc-97f8-938f961b23f8,"",15,2026-09-23T10:11:16.3456318+02:00
website-ecommerce,fitness,PASS,,0,70a86a97-7cb6-451d-a961-afc1901ba9ec,"",88,2026-09-23T10:13:12.9270055+02:00
white-label-setup,fitness,PASS,,2,5a513e73-7f0a-4e56-ab3e-f53f62d0a76a,"",52,2026-09-23T10:14:31.3526941+02:00
sales-enablement,fitness,PASS,,2,cc0cd3a4-be35-429b-bfa6-77587aca3b34,"",8,2026-09-23T10:15:06.7029044+02:00
vertical-package,fitness,PASS,,2,c8b37706-b968-4e62-81ef-332c0e66fcbe,"",12,2026-09-23T10:15:43.7757444+02:00
lead-gen-retainer,fitness,PASS,,3,2feb9a6a-c879-43a3-88af-34252f377e06,"",76,2026-09-23T10:17:27.8604369+02:00
ai-support-retainer,fitness,PASS,,3,c61b6d98-c407-455d-b276-05ce65c88ad4,"",19,2026-09-23T10:18:13.7452921+02:00
custom-software,fitness,PASS,,2,4ebbfbe3-690d-4fa6-8b3f-0e209a0ca06d,"",84,2026-09-23T10:20:05.0477970+02:00
bundle-portal-presence,fitness,PASS,,2,ca94d671-1d0d-4fd7-9ffa-4ce87bbd432c,"",12,2026-09-23T10:20:45.2121734+02:00
bundle-sales-launch,fitness,PASS,,2,4ccb997c-97c9-4b8d-913e-5bd3a5121c9d,"",9,2026-09-23T10:21:22.0063128+02:00
bundle-ops-clarity,fitness,PASS,,4,3ef702c7-dbc8-4fac-b374-171d0da75e84,"",5,2026-09-23T10:21:52.2549778+02:00
setup-quick,agriculture,PASS,,2,7ac62c79-eac5-4be3-b745-e64976b2cf1a,"",6,2026-09-23T10:22:23.2137615+02:00
setup-full,agriculture,PASS,,4,eb41e71a-8ead-4a0c-83ab-05d7368c122d,"",7,2026-09-23T10:22:56.3820607+02:00
setup-custom,agriculture,PASS,,3,efc520c5-a58a-45cf-a2ed-8506400a74b3,"",5,2026-09-23T10:23:25.9893723+02:00
audit,agriculture,PASS,,2,99ff613a-e2d6-4813-876c-bcca9332138b,"",5,2026-09-23T10:23:55.5383133+02:00
integration,agriculture,PASS,,3,9d045c5b-d31c-42c0-9342-3198e715a8fe,"",5,2026-09-23T10:24:25.0897539+02:00
workflow-design,agriculture,PASS,,2,97bcce22-6bcf-42b5-adf8-10314e4f3ab4,"",4,2026-09-23T10:24:54.5654078+02:00
support-priority,agriculture,PASS,,2,97e90766-67b9-4224-8e79-a1152a2d076f,"",5,2026-09-23T10:25:24.1010613+02:00
support-dedicated,agriculture,PASS,,2,82c4b990-5ce5-46c0-8267-26be2b8a2e40,"",4,2026-09-23T10:25:53.6105662+02:00
landing,agriculture,PASS,,0,8020719f-0c1f-4eec-b2dc-362651392d75,"",4,2026-09-23T10:26:23.1174644+02:00
website-business,agriculture,PASS,,0,4f171adc-5af0-4d39-bec9-c8fe831321a6,"",5,2026-09-23T10:26:52.7379493+02:00
website-ecommerce,agriculture,PASS,,0,dc4433c6-062e-43a7-bf1e-df44e8def13c,"",4,2026-09-23T10:27:22.2221327+02:00
white-label-setup,agriculture,PASS,,2,3c350d5b-817f-4523-a1eb-97463faf8f67,"",5,2026-09-23T10:27:51.7922171+02:00
sales-enablement,agriculture,PASS,,2,1d911536-ca9a-42b2-868f-e402d3fe3318,"",5,2026-09-23T10:28:21.6149409+02:00
vertical-package,agriculture,PASS,,2,7d9153ac-db6c-4bc6-82e1-d6441129c64d,"",5,2026-09-23T10:28:51.2257996+02:00
lead-gen-retainer,agriculture,PASS,,3,dd8c8217-0756-4049-a3dc-a9543b35d71e,"",5,2026-09-23T10:29:20.7519786+02:00
ai-support-retainer,agriculture,PASS,,3,1a753e78-aa80-45a9-927a-a1b8f577a22b,"",5,2026-09-23T10:29:50.3889334+02:00
custom-software,agriculture,PASS,,2,5e156c4e-fa4e-465c-95bb-da798efd1b2e,"",4,2026-09-23T10:30:19.8771056+02:00
bundle-portal-presence,agriculture,PASS,,2,196a3a2f-1f4a-4dfe-9ece-93d78a468d41,"",4,2026-09-23T10:30:49.3652288+02:00
bundle-sales-launch,agriculture,PASS,,2,6b2cf272-cbb0-4181-a1a9-e94ea8e80cc8,"",4,2026-09-23T10:31:18.8304102+02:00
bundle-ops-clarity,agriculture,PASS,,4,101afa19-5bf5-4f99-a616-7059b17f99ac,"",5,2026-09-23T10:31:48.3855594+02:00
setup-quick,automotive,PASS,,2,a0d2777a-e72f-4c24-bbbd-e3bffffa84f8,"",4,2026-09-23T10:32:17.8425844+02:00
setup-full,automotive,PASS,,4,c4d7b2e1-7090-498c-a28f-43ad55e2c4b0,"",5,2026-09-23T10:32:47.3594652+02:00
setup-custom,automotive,PASS,,3,649b9eb6-e0c1-40fa-9c3f-f3bbe6d51cb8,"",5,2026-09-23T10:33:16.9073768+02:00
audit,automotive,PASS,,2,3b490ec4-2f8b-4994-8e80-189a95da7b3f,"",5,2026-09-23T10:33:46.5442223+02:00
integration,automotive,PASS,,3,6b795fa3-e9c4-4bca-808c-adada1c2d92b,"",4,2026-09-23T10:34:16.0466098+02:00
workflow-design,automotive,PASS,,2,61cc4d4c-ee33-4660-a840-1704cc94d031,"",4,2026-09-23T10:34:45.5309525+02:00
support-priority,automotive,PASS,,2,d8567293-679b-49e7-aa58-559e4b24d0b6,"",4,2026-09-23T10:35:15.0835564+02:00
support-dedicated,automotive,PASS,,2,8add39dd-ad8b-4c58-a44e-250aeb45b593,"",6,2026-09-23T10:35:46.8676231+02:00
landing,automotive,PASS,,0,b9eddbe5-b16b-449b-a088-1c19ba1929cf,"",7,2026-09-23T10:36:18.9912501+02:00
website-business,automotive,PASS,,0,c422ae1d-793e-498c-9d0c-bd7479dbaf4f,"",12,2026-09-23T10:36:59.2352792+02:00
website-ecommerce,automotive,PASS,,0,6ed0958a-34c4-454e-8b5e-8355c85d3cb8,"",5,2026-09-23T10:37:28.9014773+02:00
white-label-setup,automotive,PASS,,2,3274c12f-38d9-44eb-9728-a76cb12ee5a5,"",20,2026-09-23T10:38:17.9415144+02:00
sales-enablement,automotive,PASS,,2,06c81280-abe9-4e5d-aad0-79be3354df0f,"",5,2026-09-23T10:38:47.9563406+02:00
vertical-package,automotive,PASS,,2,a8ef97d0-796b-4fdf-b267-d27ce3032bc1,"",5,2026-09-23T10:39:18.9666212+02:00
lead-gen-retainer,automotive,PASS,,3,3062f214-cc5f-41f7-8131-a308813f8212,"",9,2026-09-23T10:39:52.8809415+02:00
ai-support-retainer,automotive,PASS,,3,2ed7ac53-1d8d-4765-b463-f3b2ff5b9ec8,"",5,2026-09-23T10:40:22.9162616+02:00
custom-software,automotive,PASS,,2,5d69e8cf-0c74-43b8-876f-8581741d1c70,"",5,2026-09-23T10:40:52.4637056+02:00
bundle-portal-presence,automotive,PASS,,2,2402a6c9-39bf-406e-b8b7-a55df185adc5,"",5,2026-09-23T10:41:22.7365102+02:00
bundle-sales-launch,automotive,PASS,,2,2953fb9c-7ad7-4dc4-9e32-b417937f65ec,"",5,2026-09-23T10:41:52.7245994+02:00
bundle-ops-clarity,automotive,PASS,,4,64ca0751-e96b-406c-93e7-8ff51ff5a3f5,"",6,2026-09-23T10:42:23.8550144+02:00
setup-quick,real-estate,PASS,,2,93841827-02c5-402c-bcc5-964da0ea34b6,"",7,2026-09-23T10:42:56.1049149+02:00
setup-full,real-estate,PASS,,4,353cf5a1-41a7-4071-8bc5-bcba6a6ae41b,"",12,2026-09-23T10:43:32.9063244+02:00
setup-custom,real-estate,PASS,,3,5c6010a6-29e0-4580-8bad-4e7cb2ce0976,"",5,2026-09-23T10:44:02.6394390+02:00
audit,real-estate,PASS,,2,7498edcd-e95c-4834-82be-3aad58b0b920,"",5,2026-09-23T10:44:32.2729819+02:00
integration,real-estate,PASS,,3,06b6cdc1-417e-48e4-99b0-2ca0ba0b739e,"",5,2026-09-23T10:45:02.7731004+02:00
workflow-design,real-estate,PASS,,2,a8bddd96-4379-4d7c-b4d7-a24908d89f32,"",270,2026-09-23T10:49:59.5743158+02:00
support-priority,real-estate,PASS,,2,556c82b5-056c-4e9d-bd64-5554d3e30405,"",124,2026-09-23T10:52:28.9807358+02:00
support-dedicated,real-estate,PASS,,2,df634520-e1df-46fa-a975-65c150796d1a,"",5,2026-09-23T10:52:58.5473661+02:00
landing,real-estate,PASS,,0,d949e8e7-0e8b-4158-aaa5-03683392c7fd,"",5,2026-09-23T10:53:28.8804714+02:00
website-business,real-estate,PASS,,0,d6fbd478-9ddd-4805-a325-35934bf3c222,"",5,2026-09-23T10:53:58.7848617+02:00
website-ecommerce,real-estate,PASS,,0,86489c76-78d2-4635-978b-0e77c3c6f745,"",5,2026-09-23T10:54:28.7116234+02:00
white-label-setup,real-estate,PASS,,2,716d4ffa-7b03-44b1-af37-710130ef9ec2,"",21,2026-09-23T10:55:15.8963983+02:00
sales-enablement,real-estate,PASS,,2,027cf465-c3c6-44ea-b192-a42b432a3fc4,"",5,2026-09-23T10:55:45.6431606+02:00
vertical-package,real-estate,PASS,,2,ee18016e-72b2-473b-ab4d-5fde8e142ef3,"",21,2026-09-23T10:56:33.3340516+02:00
lead-gen-retainer,real-estate,PASS,,3,da748dbe-20f4-4ace-bc8d-655a871934e5,"",9,2026-09-23T10:57:07.2287215+02:00
ai-support-retainer,real-estate,PASS,,3,5012cbfb-8889-4637-b734-943c29f9a45b,"",5,2026-09-23T10:57:36.9331259+02:00
custom-software,real-estate,PASS,,2,b7c430bc-be3a-4ba1-80ac-257329f8c3b2,"",13,2026-09-23T10:58:15.7054381+02:00
bundle-portal-presence,real-estate,PASS,,2,1ff40ad3-6fa4-4794-85d5-ee4a56e9270f,"",5,2026-09-23T10:58:45.2864245+02:00
bundle-sales-launch,real-estate,PASS,,2,b693d303-241a-49ac-b316-753977255da4,"",7,2026-09-23T10:59:17.5980398+02:00
bundle-ops-clarity,real-estate,PASS,,4,c397377d-9ec8-4d5e-9ad8-441aa05c7546,"",6,2026-09-23T10:59:49.5276428+02:00
setup-quick,manufacturing,PASS,,2,2b30f229-80fe-455e-a022-2b540db98621,"",9,2026-09-23T11:00:23.9758606+02:00
setup-full,manufacturing,PASS,,4,a3126f56-4118-4a58-b261-ccc6e83a60a0,"",15,2026-09-23T11:01:06.8351363+02:00
setup-custom,manufacturing,PASS,,3,4797a0b2-b559-44b6-aeb9-67c7a9ae55d0,"",5,2026-09-23T11:01:36.3933927+02:00
audit,manufacturing,PASS,,2,564a5ddc-a68a-4793-aede-794ba5e03512,"",5,2026-09-23T11:02:06.0448781+02:00
integration,manufacturing,PASS,,3,fc48e8d2-4569-4eaa-b560-35ed733b7084,"",5,2026-09-23T11:02:35.9516317+02:00
workflow-design,manufacturing,PASS,,2,2dedb136-024f-47ad-8912-c4150b5f02e8,"",11,2026-09-23T11:03:12.3736236+02:00
support-priority,manufacturing,PASS,,2,ff75116b-3330-4ef5-a4ad-45e75b10d262,"",5,2026-09-23T11:03:42.0640774+02:00
support-dedicated,manufacturing,PASS,,2,6d1dd0fe-f5a4-44fc-897c-01b186894ca8,"",4,2026-09-23T11:04:11.5661872+02:00
landing,manufacturing,PASS,,0,82965ac6-b97c-47b7-bef6-8c53334e67e0,"",5,2026-09-23T11:04:41.0956530+02:00
website-business,manufacturing,PASS,,0,1a117123-8066-4aea-95ab-98e963e965d0,"",5,2026-09-23T11:05:10.7884285+02:00
website-ecommerce,manufacturing,PASS,,0,4879888f-af17-44d9-965a-5e657a2b5e98,"",12,2026-09-23T11:05:47.7049962+02:00
white-label-setup,manufacturing,PASS,,2,484efd11-894d-4719-a76f-eceb33964ced,"",5,2026-09-23T11:06:17.2720231+02:00
sales-enablement,manufacturing,PASS,,2,5d91ff37-269f-4f79-bbb5-41dd89af1e67,"",5,2026-09-23T11:06:46.8216047+02:00
vertical-package,manufacturing,PASS,,2,8a88be39-ddca-4b88-8bef-5e3a156cb5cb,"",5,2026-09-23T11:07:16.7389149+02:00
lead-gen-retainer,manufacturing,PASS,,3,e048d41e-f125-4b08-b8da-641ca09a303a,"",9,2026-09-23T11:07:50.4908753+02:00
ai-support-retainer,manufacturing,PASS,,3,f8886800-d624-4ada-9710-89433ee7925c,"",5,2026-09-23T11:08:20.8225898+02:00
custom-software,manufacturing,PASS,,2,3102eb2b-e083-4af9-b377-c969a7bfb7e0,"",5,2026-09-23T11:08:50.4897902+02:00
bundle-portal-presence,manufacturing,PASS,,2,8173d885-e067-4002-b4bf-92df3a567a86,"",5,2026-09-23T11:09:20.5911374+02:00
bundle-sales-launch,manufacturing,PASS,,2,1f11fd0a-c9ef-49ff-a9d0-a3b02376b60b,"",6,2026-09-23T11:09:51.5583505+02:00
bundle-ops-clarity,manufacturing,PASS,,4,e1f188a7-9740-419d-9bc0-5142c7123de6,"",7,2026-09-23T11:10:23.1746446+02:00
setup-quick,technology,PASS,,2,a89acf03-7225-4f60-ac93-745081d086ed,"",5,2026-09-23T11:10:53.2589886+02:00
setup-full,technology,PASS,,4,ad02e37a-6928-49e3-80a3-984ba697e416,"",45,2026-09-23T11:12:06.5444325+02:00
setup-custom,technology,PASS,,3,d9b45a47-204e-4604-8724-d7321b4e51bb,"",23,2026-09-23T11:12:54.9076976+02:00
audit,technology,PASS,,2,3f0e4875-2f17-4a3b-a3f6-1174472d0ad6,"",5,2026-09-23T11:13:25.4349440+02:00
integration,technology,PASS,,3,c6f3d960-9c91-4630-8637-3d5ed0f6db6a,"",5,2026-09-23T11:13:56.3261081+02:00
workflow-design,technology,PASS,,2,16249e2f-4649-48cf-9899-b10264a7f5fc,"",5,2026-09-23T11:14:26.3281838+02:00
support-priority,technology,PASS,,2,4ee14569-1288-4400-97d6-3f83cf12ef96,"",5,2026-09-23T11:14:55.9515098+02:00
support-dedicated,technology,PASS,,2,69806f11-c59d-4cce-abaf-8bc9610ab5f1,"",4,2026-09-23T11:15:25.4812605+02:00
landing,technology,PASS,,0,685a0c82-e6f7-425a-95be-51e1dd0213cf,"",5,2026-09-23T11:15:55.9434945+02:00
website-business,technology,PASS,,0,45237b51-4c9f-4a6a-8a23-a3cae68e92d9,"",5,2026-09-23T11:16:25.4582750+02:00
website-ecommerce,technology,PASS,,0,8de3788f-61ac-4552-bcc6-98a538c1dee1,"",4,2026-09-23T11:16:54.9319376+02:00
white-label-setup,technology,PASS,,2,d4ceef81-1088-4530-b240-5239d830c2e2,"",5,2026-09-23T11:17:24.4770704+02:00
sales-enablement,technology,PASS,,2,aad8308a-979a-4b60-a930-4b5b89c960c6,"",5,2026-09-23T11:17:54.1269032+02:00
vertical-package,technology,PASS,,2,b8e9654d-85b8-4e85-945b-5b885a7e8654,"",5,2026-09-23T11:18:23.9860788+02:00
lead-gen-retainer,technology,PASS,,3,38109a2f-4546-4472-af38-b48a6a521874,"",9,2026-09-23T11:18:57.6202358+02:00
ai-support-retainer,technology,PASS,,3,dac5eb56-7450-40a8-ba7b-2264d5d85b4d,"",5,2026-09-23T11:19:27.1446883+02:00
custom-software,technology,PASS,,2,8f2f8082-99ff-41e7-b390-7cf87960e558,"",5,2026-09-23T11:19:56.7246294+02:00
bundle-portal-presence,technology,PASS,,2,95bdf7ae-a1b0-4605-8f34-621b07ded70a,"",5,2026-09-23T11:20:26.2603512+02:00
bundle-sales-launch,technology,PASS,,2,16f23fe9-3f88-4834-a093-c03b6131bb8f,"",5,2026-09-23T11:20:56.2690351+02:00
bundle-ops-clarity,technology,PASS,,4,812fd822-e795-4bc6-865c-57c809ad0b8a,"",5,2026-09-23T11:21:25.8355738+02:00
setup-quick,media,PASS,,2,601e8218-c702-4c68-a305-fa0f01fa6f86,"",4,2026-09-23T11:21:55.3114206+02:00
setup-full,media,PASS,,4,3a87a403-fda9-4466-8d20-2afe35f6de20,"",4,2026-09-23T11:22:24.8048108+02:00
setup-custom,media,PASS,,3,46f8cb7b-0ada-49bf-9725-eb4861e7e636,"",21,2026-09-23T11:23:10.9909679+02:00
audit,media,PASS,,2,c1b64a1b-20c9-4c90-80bc-c24213bbe7a6,"",5,2026-09-23T11:23:40.8835577+02:00
integration,media,PASS,,3,13f29db1-797a-4932-8103-f44b9837f957,"",5,2026-09-23T11:24:10.9381353+02:00
workflow-design,media,PASS,,2,1a068b4f-c68b-4650-aefc-f1cfde2f8d98,"",6,2026-09-23T11:24:42.5286208+02:00
support-priority,media,PASS,,2,95809a39-1310-45e0-919a-567d6f2cca4f,"",4,2026-09-23T11:25:12.0329813+02:00
support-dedicated,media,PASS,,2,7650efe1-2214-4769-bde2-9ed38276d66a,"",4,2026-09-23T11:25:41.5517724+02:00
landing,media,PASS,,0,06c744ee-f450-4933-8b32-3120c2123ac4,"",6,2026-09-23T11:26:12.9967196+02:00
website-business,media,PASS,,0,091d8feb-864f-40d6-b50e-8afc8822753c,"",5,2026-09-23T11:26:42.5527140+02:00
website-ecommerce,media,PASS,,0,42ff55ba-7527-47f4-8760-9061d4a08f99,"",4,2026-09-23T11:27:12.0727444+02:00
white-label-setup,media,PASS,,2,9e9c7825-8a46-4a24-870c-f408d84e884f,"",5,2026-09-23T11:27:42.5475973+02:00
sales-enablement,media,PASS,,2,a1013f0e-cde2-4ea3-a689-5d6564230acb,"",4,2026-09-23T11:28:12.0466405+02:00
vertical-package,media,PASS,,2,16861918-297d-4ca2-8a82-317ac31958b5,"",5,2026-09-23T11:28:41.8066451+02:00
lead-gen-retainer,media,PASS,,3,5886097f-bb64-447b-86b1-967f3e8ab7f6,"",13,2026-09-23T11:29:20.0098789+02:00
ai-support-retainer,media,PASS,,3,5904f4af-9eb3-4b1f-964f-c1b4a7e03dc3,"",5,2026-09-23T11:29:49.5244615+02:00
custom-software,media,PASS,,2,cfbd6b00-fb90-4fab-87c1-e856bd88f657,"",5,2026-09-23T11:30:19.1644181+02:00
bundle-portal-presence,media,PASS,,2,a0ec0ff6-3a36-41ff-8414-450bf7e26bb4,"",7,2026-09-23T11:30:52.0532204+02:00
bundle-sales-launch,media,PASS,,2,a3c440df-3e62-42ee-9b95-1c778ed3a771,"",4,2026-09-23T11:31:21.5583038+02:00
bundle-ops-clarity,media,PASS,,4,e89e09ce-4586-412d-8350-5f05eec3ea92,"",17,2026-09-23T11:32:03.8441622+02:00
setup-quick,nonprofit,PASS,,2,90a25fac-bc78-48eb-900a-73198e601b4b,"",5,2026-09-23T11:32:33.7217563+02:00
setup-full,nonprofit,PASS,,4,6629b0f4-7a5b-4f50-8415-64673f42d75a,"",6,2026-09-23T11:33:06.0774905+02:00
setup-custom,nonprofit,PASS,,3,2e1fe45e-cee8-4481-a8a8-41e0d9e2bc11,"",6,2026-09-23T11:33:37.0698057+02:00
audit,nonprofit,PASS,,2,7c6df1b5-1810-4676-83be-c8b717cd75b3,"",5,2026-09-23T11:34:06.6069538+02:00
integration,nonprofit,PASS,,3,d05e7c7a-bcc1-480d-9db1-def39acb223c,"",6,2026-09-23T11:34:39.7311326+02:00
workflow-design,nonprofit,PASS,,2,3f1b14b0-fff1-4f68-b337-69dd6c159dc5,"",7,2026-09-23T11:35:13.1500880+02:00
support-priority,nonprofit,PASS,,2,6e80bf65-e5de-4593-abfc-b13b9d1d4d55,"",10,2026-09-23T11:35:48.3290507+02:00
support-dedicated,nonprofit,PASS,,2,4910dca9-c511-4894-94c5-3677383ccb33,"",13,2026-09-23T11:36:27.4602021+02:00
landing,nonprofit,PASS,,0,a667cc83-b073-47b8-88e7-6de2382f6061,"",5,2026-09-23T11:36:57.5906665+02:00
website-business,nonprofit,PASS,,0,bae14b92-557d-43ad-96c2-8da93fc9b43d,"",87,2026-09-23T11:38:49.9378838+02:00
website-ecommerce,nonprofit,PASS,,0,001728ca-005d-4575-a243-b701e3c0b72b,"",5,2026-09-23T11:39:19.5280495+02:00
white-label-setup,nonprofit,PASS,,2,49b3e8d6-fa8b-486b-9d15-929591105b63,"",5,2026-09-23T11:39:49.1064709+02:00
sales-enablement,nonprofit,PASS,,2,78232136-d739-4f73-9c36-73612578dd74,"",5,2026-09-23T11:40:18.9951166+02:00
vertical-package,nonprofit,PASS,,2,5a0d563e-cb91-425b-8d13-9b9321dec54e,"",5,2026-09-23T11:40:49.0816331+02:00
lead-gen-retainer,nonprofit,PASS,,3,3ac4c900-2ccd-4804-82c2-e7b34221e724,"",10,2026-09-23T11:41:24.3882693+02:00
ai-support-retainer,nonprofit,PASS,,3,17ba5a49-5416-4851-b79b-533be447de47,"",7,2026-09-23T11:41:56.3599375+02:00
custom-software,nonprofit,PASS,,2,ebb0b2cd-9240-4174-9cbf-c4b59a901295,"",12,2026-09-23T11:42:36.9991932+02:00
bundle-portal-presence,nonprofit,PASS,,2,276b19a9-253f-4cce-92b7-10c703a46de1,"",21,2026-09-23T11:43:23.4673534+02:00
bundle-sales-launch,nonprofit,PASS,,2,28cc1846-9fed-40d0-aa4c-5bd5ff7f56c6,"",6,2026-09-23T11:43:55.4856787+02:00
bundle-ops-clarity,nonprofit,PASS,,4,a9f93f1b-20ce-4ea2-aa49-1a85008b088e,"",6,2026-09-23T11:44:26.4484896+02:00
setup-quick,government,PASS,,2,58cd8f6a-61a9-4a6a-9cc0-f0c5fc6547bd,"",36,2026-09-23T11:45:32.4941024+02:00
setup-full,government,PASS,,4,9373a888-11ba-49f6-a707-d837c85af4d5,"",5,2026-09-23T11:46:02.0493303+02:00
setup-custom,government,PASS,,3,611384fd-44ab-4927-9ac6-a7157964494f,"",5,2026-09-23T11:46:31.7580150+02:00
audit,government,PASS,,2,b8d743e6-5426-4545-988c-acca9214a29e,"",5,2026-09-23T11:47:01.2877957+02:00
integration,government,PASS,,3,574c3593-296e-4626-9f6c-da545bd9cfac,"",5,2026-09-23T11:47:30.8894940+02:00
workflow-design,government,PASS,,2,2438401a-7220-45ed-9ab5-5a217402b447,"",5,2026-09-23T11:48:00.6333001+02:00
support-priority,government,PASS,,2,b36d3750-4fda-4f57-a6fa-a0e50065bde7,"",4,2026-09-23T11:48:30.1441772+02:00
support-dedicated,government,PASS,,2,887d471a-514b-4c09-b1dc-be489b2295e6,"",4,2026-09-23T11:48:59.5890550+02:00
landing,government,PASS,,0,3f278df1-caa7-479f-9a8e-f3047c6cf676,"",4,2026-09-23T11:49:29.0361673+02:00
website-business,government,PASS,,0,3b80257b-18e7-4e59-9793-2685c99e0d14,"",4,2026-09-23T11:49:58.5335269+02:00
website-ecommerce,government,PASS,,0,03b30e46-9dd2-4477-8d45-3dd2de452cfc,"",4,2026-09-23T11:50:28.0191002+02:00
white-label-setup,government,PASS,,2,d5b1ac30-b32a-4510-aa36-aeac4b7e9ed0,"",6,2026-09-23T11:50:58.6761095+02:00
sales-enablement,government,PASS,,2,84ea81d8-5305-4d16-ba39-cce296cf4e38,"",5,2026-09-23T11:51:28.2303554+02:00
vertical-package,government,PASS,,2,b5ee4e49-e303-46d2-93ba-87e1405613c9,"",5,2026-09-23T11:51:57.7983881+02:00
lead-gen-retainer,government,PASS,,3,295bbe6b-57a7-47b0-85d3-3fbb1e3074f5,"",9,2026-09-23T11:52:31.3877973+02:00
ai-support-retainer,government,PASS,,3,483c332d-f893-45e5-b9b5-f8df191e263d,"",5,2026-09-23T11:53:00.9406812+02:00
custom-software,government,PASS,,2,c545186f-bf2d-4e45-abb4-643910c7ba16,"",4,2026-09-23T11:53:30.3879220+02:00
bundle-portal-presence,government,PASS,,2,afa9c028-8e5b-40c8-aa4e-3b78b5fc7699,"",6,2026-09-23T11:54:01.1808023+02:00
bundle-sales-launch,government,PASS,,2,12ee4a6f-9f49-40f7-8d89-5a3d7b755746,"",4,2026-09-23T11:54:30.6528165+02:00
bundle-ops-clarity,government,PASS,,4,a293fd72-a4c6-49db-a9e6-d620d120a42c,"",4,2026-09-23T11:55:00.1408517+02:00
setup-quick,energy,PASS,,2,483f0490-30c4-41a5-855f-7902ed8cc8f0,"",5,2026-09-23T11:55:29.7705288+02:00
setup-full,energy,PASS,,4,4be2b318-fff0-440d-a414-7fa46e10cc26,"",5,2026-09-23T11:55:59.9020052+02:00
setup-custom,energy,PASS,,3,0c36d99d-5c64-4949-95ee-757ec63f7e05,"",5,2026-09-23T11:56:29.7228572+02:00
audit,energy,PASS,,2,97801836-64ca-4ce2-93fe-ec47097db4ed,"",111,2026-09-23T11:58:50.4382897+02:00
integration,energy,PASS,,3,6b89d9ae-137b-4d7f-b89d-c728844ca241,"",4,2026-09-23T11:59:19.9055840+02:00
workflow-design,energy,PASS,,2,956fb52a-199e-4e0d-9e98-f41bc95e9c67,"",5,2026-09-23T11:59:49.5733062+02:00
support-priority,energy,PASS,,2,f31215b2-847d-461b-bb53-645bc67b74eb,"",4,2026-09-23T12:00:19.0698573+02:00
support-dedicated,energy,PASS,,2,4f3cc6f0-fbe2-40f5-97ac-745d52b86a2d,"",5,2026-09-23T12:00:48.7340599+02:00
landing,energy,PASS,,0,e1e66277-1014-4392-820d-4a7e205217f9,"",5,2026-09-23T12:01:18.6479483+02:00
website-business,energy,PASS,,0,4b6ca879-af8b-4f64-856a-3f62e1ccef13,"",4,2026-09-23T12:01:48.1473327+02:00
website-ecommerce,energy,PASS,,0,909b0f73-54e7-4acd-b0ed-6f97e54aa89a,"",4,2026-09-23T12:02:17.6449941+02:00
white-label-setup,energy,PASS,,2,d29a97ed-f278-4163-b1cb-c75a87ec4d2a,"",4,2026-09-23T12:02:47.1503094+02:00
sales-enablement,energy,PASS,,2,33ea1eb6-8b54-4f31-810a-3684e5bd2ecb,"",5,2026-09-23T12:03:16.6887898+02:00
vertical-package,energy,PASS,,2,ca4cb064-9247-4448-8056-ea90afbc7efb,"",4,2026-09-23T12:03:46.1751039+02:00
lead-gen-retainer,energy,PASS,,3,e16d9485-abcb-42ec-86f2-6bcc8e86cb44,"",9,2026-09-23T12:04:19.7353293+02:00
ai-support-retainer,energy,PASS,,3,d486cf04-5996-4569-99cb-674d27847cad,"",5,2026-09-23T12:04:49.2617772+02:00
custom-software,energy,PASS,,2,889765a5-2329-4704-86cd-68807ecdc0c3,"",5,2026-09-23T12:05:18.7925665+02:00
bundle-portal-presence,energy,PASS,,2,e7c9385b-adde-47a2-b929-24c5eee6750b,"",5,2026-09-23T12:05:48.8533465+02:00
bundle-sales-launch,energy,PASS,,2,208fc72e-d34c-403d-aca0-271c1fb3c0ca,"",6,2026-09-23T12:06:19.6096908+02:00
bundle-ops-clarity,energy,PASS,,4,ad747ca8-94cd-415b-b1bc-84f4799da682,"",4,2026-09-23T12:06:49.0755686+02:00
setup-quick,travel,PASS,,2,c08cc75e-f234-4537-914e-817a44f62d47,"",5,2026-09-23T12:07:18.6680608+02:00
setup-full,travel,PASS,,4,8943a05c-6fa2-4b8e-8e28-5949456f23dd,"",5,2026-09-23T12:07:48.2005132+02:00
setup-custom,travel,PASS,,3,ccaf3521-4393-4165-b5e9-9d07a4f5aba2,"",5,2026-09-23T12:08:18.4676265+02:00
audit,travel,PASS,,2,7407d97a-3869-40b7-8a73-b4194de662d2,"",4,2026-09-23T12:08:47.9686890+02:00
integration,travel,PASS,,3,1cd4984e-da52-42e0-9fb2-86f5b6f99d9e,"",5,2026-09-23T12:09:17.6012602+02:00
workflow-design,travel,PASS,,2,2fbdc056-aede-4b88-8508-33fdb6fbda71,"",5,2026-09-23T12:09:47.1916584+02:00
support-priority,travel,PASS,,2,4a398c97-3d20-444e-9b3b-5bc0e9f246d5,"",5,2026-09-23T12:10:16.7210605+02:00
support-dedicated,travel,PASS,,2,0d4b5ad1-6e5b-4adf-b377-0c89381de65f,"",4,2026-09-23T12:10:46.2102495+02:00
landing,travel,PASS,,0,7f0c3ba6-0f52-4b2b-b991-5f751ed6c4c1,"",6,2026-09-23T12:11:17.4902248+02:00
website-business,travel,PASS,,0,b76867c9-49a6-49d6-95d1-810c7085b3c9,"",5,2026-09-23T12:11:47.1526700+02:00
website-ecommerce,travel,PASS,,0,a1b7af43-30bf-42d7-962f-cef24839ae0b,"",5,2026-09-23T12:12:16.6869816+02:00
white-label-setup,travel,PASS,,2,40dde9a9-da45-4752-bc6f-903627215ba8,"",7,2026-09-23T12:12:48.7995169+02:00
sales-enablement,travel,PASS,,2,1c931ba2-01dc-4bd7-8163-b9d1c5dd1eb6,"",4,2026-09-23T12:13:18.3017124+02:00
vertical-package,travel,PASS,,2,d48a5beb-773c-43eb-bf6c-895e39d99ede,"",4,2026-09-23T12:13:47.8096060+02:00
lead-gen-retainer,travel,PASS,,3,81b59745-09dc-4662-aae3-0f9597cdc43f,"",9,2026-09-23T12:14:21.9445457+02:00
ai-support-retainer,travel,PASS,,3,1d5fc3f7-d775-46e9-99f0-c694879b9453,"",57,2026-09-23T12:15:48.0285175+02:00
custom-software,travel,PASS,,2,fcf060df-e725-44a1-87f8-fbec172bc381,"",13,2026-09-23T12:16:27.7662904+02:00
bundle-portal-presence,travel,PASS,,2,a43c1b02-388f-4789-a342-92c3d38d6291,"",9,2026-09-23T12:17:03.8428856+02:00
bundle-sales-launch,travel,PASS,,2,4e1cfca5-aacf-4db2-8dd1-57a9e31f36b5,"",112,2026-09-23T12:19:22.8894825+02:00
bundle-ops-clarity,travel,PASS,,4,b753ea28-0d72-4e1f-9e31-a47b8620ceb2,"",28,2026-09-23T12:20:17.0245213+02:00
setup-quick,professional,PASS,,2,c9eb70bb-f6ec-4102-95db-a4d31aa7a925,"",375,2026-09-23T12:26:59.2679702+02:00
setup-full,professional,PASS,,4,ff9e968d-a487-463d-b0f5-679008b8d94d,"",21,2026-09-23T12:27:45.5492100+02:00
setup-custom,professional,PASS,,3,d7856429-2e85-4b25-803e-c122a73ff820,"",12,2026-09-23T12:28:23.3324176+02:00
audit,professional,PASS,,2,2440e22a-9ee4-4b44-a338-8a9c7bc58348,"",8,2026-09-23T12:28:56.4608821+02:00
integration,professional,PASS,,3,904fea76-d077-4178-886f-802ae3caa9f8,"",5,2026-09-23T12:29:26.3532713+02:00
workflow-design,professional,PASS,,2,7f5acfb1-94d8-437d-8233-6e58640119c2,"",8,2026-09-23T12:29:59.4015854+02:00
support-priority,professional,PASS,,2,54c9832e-096c-413f-8617-ea5e8e923c9d,"",417,2026-09-23T12:37:27.7170166+02:00
support-dedicated,professional,PASS,,2,ea8fe059-aadc-4873-b478-3483f9391952,"",87,2026-09-23T12:39:26.8988060+02:00
landing,professional,PASS,,0,7ece4428-bf44-4dd2-9044-6299434f91c3,"",28,2026-09-23T12:40:20.2897874+02:00
website-business,professional,PASS,,0,817e8902-dd4c-48e6-ac10-20e7f7ed39a3,"",26,2026-09-23T12:41:13.9442443+02:00
website-ecommerce,professional,PASS,,0,69079c60-3058-47f7-88b4-288c99731167,"",22,2026-09-23T12:42:02.5833685+02:00
white-label-setup,professional,PASS,,2,ece81f15-2535-49bb-8318-9aa05131c685,"",10,2026-09-23T12:42:39.3885615+02:00
sales-enablement,professional,PASS,,2,bf7abd9f-f6a8-4982-9351-bb41bd0ea9aa,"",5,2026-09-23T12:43:09.0928878+02:00
vertical-package,professional,PASS,,2,80d1c521-7571-45e5-b616-4f6a35540cee,"",6,2026-09-23T12:43:40.3053218+02:00
lead-gen-retainer,professional,PASS,,3,d25177a3-5c7a-47fc-9503-cbddac9aa4ca,"",19,2026-09-23T12:44:25.9756150+02:00
ai-support-retainer,professional,PASS,,3,d279290f-b476-46b5-9112-735b4e24a70a,"",10,2026-09-23T12:45:03.9444429+02:00
custom-software,professional,PASS,,2,6924768d-3e2b-438c-99d4-71a05deb7880,"",9,2026-09-23T12:45:38.2007074+02:00
bundle-portal-presence,professional,PASS,,2,2b7f0aeb-8a6c-42aa-a616-b6aedc723cd1,"",28,2026-09-23T12:46:32.7420875+02:00
bundle-sales-launch,professional,PASS,,2,73c5f109-1e75-412b-8522-8ff2e5826300,"",14,2026-09-23T12:47:12.3041636+02:00
bundle-ops-clarity,professional,PASS,,4,c29f53fc-eb83-4ace-a579-b13107a0689a,"",5,2026-09-23T12:47:41.8759655+02:00
setup-quick,entertainment,PASS,,2,04bbcb34-361b-40bb-8d0b-93782e261fe5,"",6,2026-09-23T12:48:12.7348198+02:00
setup-full,entertainment,PASS,,4,92713ac9-ef12-4407-b7c3-ae4835e806a4,"",9,2026-09-23T12:48:46.9620707+02:00
setup-custom,entertainment,PASS,,3,be86d889-3f6a-4c74-8adf-4e9f1d9c4c66,"",5,2026-09-23T12:49:16.5651854+02:00
audit,entertainment,PASS,,2,7a0ea83b-824d-4c36-9fbe-a6a7db5e7c01,"",11,2026-09-23T12:49:52.1045967+02:00
integration,entertainment,PASS,,3,6f5bb4d2-6856-44e7-b79e-54a581aab4b8,"",6,2026-09-23T12:50:23.6221517+02:00
workflow-design,entertainment,PASS,,2,cc2fbaeb-128a-4c1c-affd-19835ae5eed5,"",5,2026-09-23T12:50:54.2002193+02:00
support-priority,entertainment,PASS,,2,191bf41a-d423-4d15-9bd7-8053a0e9f449,"",14,2026-09-23T12:51:33.2249408+02:00
support-dedicated,entertainment,PASS,,2,f3581ea3-5b96-442f-bab1-bb4a4406c347,"",12,2026-09-23T12:52:10.4134628+02:00
landing,entertainment,PASS,,0,80d21e1f-a83d-421a-9e10-7cb3fd60e724,"",19,2026-09-23T12:52:55.1489187+02:00
website-business,entertainment,PASS,,0,b35eaa9c-0045-4230-8f39-5819dc5f6293,"",13,2026-09-23T12:53:32.8954983+02:00
website-ecommerce,entertainment,PASS,,0,5c463f35-5799-4142-93f7-6d72cc16bc4f,"",31,2026-09-23T12:54:28.9837865+02:00
white-label-setup,entertainment,PASS,,2,89651fd1-53fe-4c3e-a712-00caa25c771b,"",64,2026-09-23T12:56:05.9432803+02:00
sales-enablement,entertainment,PASS,,2,813976c4-53a8-4e99-a82d-a24eb578888e,"",15,2026-09-23T12:56:48.1214349+02:00
vertical-package,entertainment,PASS,,2,72aa7fc7-9e37-44b4-9e82-c1848103c93e,"",12,2026-09-23T12:57:27.3185510+02:00
lead-gen-retainer,entertainment,PASS,,3,8036f5e8-05d6-4b1d-bb74-2d0b35d7c63b,"",38,2026-09-23T12:58:30.9961158+02:00
ai-support-retainer,entertainment,PASS,,3,f9476eab-c9e2-4911-bc88-61096e1731bc,"",12,2026-09-23T12:59:13.2989571+02:00
custom-software,entertainment,PASS,,2,eb31cfcd-0823-4fa5-9eda-7364ce2d3a59,"",12,2026-09-23T12:59:50.6698882+02:00
bundle-portal-presence,entertainment,PASS,,2,590504e3-3a5d-41f2-a9d1-f4eec7f3e465,"",6,2026-09-23T13:00:22.0374967+02:00
bundle-sales-launch,entertainment,PASS,,2,b080a640-a7a7-41c9-8246-8c47dd4398b9,"",5,2026-09-23T13:00:51.8495505+02:00
bundle-ops-clarity,entertainment,PASS,,4,7108a4fd-7f08-4a28-9b2a-a7a32a55e1eb,"",144,2026-09-23T13:03:47.2881134+02:00
setup-quick,home_services,PASS,,2,086997b7-ea47-40d5-91c9-6c8b3450ca38,"",5,2026-09-23T13:04:16.9124008+02:00
setup-full,home_services,PASS,,4,21c8fe37-27da-4689-95a3-6a7bac84d99c,"",68,2026-09-23T13:05:54.3336189+02:00
