deliverableId,industryCategory,status,score,artifacts,paymentId,error,elapsedSec,checkedAt
setup-quick,admin_support,PASS,100,3,1392fb6d-99f5-4545-b502-52e26aac051e,"",7,2026-10-06T23:35:31.9004729+02:00
audit,admin_support,PASS,100,2,2ea58fe8-30f8-4440-9bf9-8e7aa769e45d,"",5,2026-10-06T23:37:31.1104436+02:00
integration,admin_support,PASS,100,4,b94c57af-5a8e-41ff-97d7-60f2a2ca50df,"",5,2026-10-06T23:37:57.9348952+02:00
workflow-design,admin_support,PASS,100,2,4ac8a510-2ddb-4132-a049-f02cd8adc0e9,"",5,2026-10-06T23:38:24.6117127+02:00
support-priority,admin_support,PASS,100,4,4429800a-c117-4007-a249-56617b27d3af,"",5,2026-10-06T23:38:51.4780679+02:00
support-dedicated,admin_support,PASS,100,4,9460c4f3-9273-45bb-adc5-34052c140678,"",5,2026-10-06T23:39:18.1269123+02:00
landing,admin_support,PASS,100,2,de70a81f-c0de-4918-b6ee-57502d2b65fe,"",5,2026-10-06T23:39:44.7372430+02:00
website-business,admin_support,PASS,100,2,3c41b070-4c23-4423-8018-5602a40b1b75,"",5,2026-10-06T23:40:11.4186401+02:00
website-ecommerce,admin_support,PASS,100,2,95e6e207-5143-469b-94c6-d24056a21152,"",5,2026-10-06T23:40:38.1487521+02:00
white-label-setup,admin_support,PASS,100,4,830dc5c2-88de-466a-84f3-d71fe8bf571b,"",5,2026-10-06T23:41:05.1874524+02:00
sales-enablement,admin_support,PASS,100,2,dc8713aa-0d44-491a-aae5-538087b5acb5,"",5,2026-10-06T23:41:31.9271674+02:00
lead-gen-retainer,admin_support,PASS,100,5,dc30bffc-a8f4-43e3-9ebd-e42a2f6ea2b4,"",13,2026-10-06T23:42:51.1860668+02:00
ai-support-retainer,admin_support,PASS,100,6,84298e4d-2886-48ef-9c05-d749feaee5a2,"",5,2026-10-06T23:43:17.8560656+02:00
custom-software,admin_support,PASS,100,2,1495ea4f-faf9-498f-9bc0-654a75b16e48,"",5,2026-10-06T23:43:44.6008302+02:00
bundle-portal-presence,admin_support,PASS,100,5,14636a61-457c-49f8-88cf-eb16e7bb0ce3,"",5,2026-10-06T23:44:11.4141176+02:00
bundle-sales-launch,admin_support,PASS,100,4,a51ee335-a344-4347-9d99-92e6431c57dd,"",5,2026-10-06T23:44:38.1709461+02:00
bundle-ops-clarity,admin_support,PASS,100,4,443601b1-f4cd-4612-9682-2ea08f9bb51b,"",5,2026-10-06T23:45:05.6031039+02:00
setup-quick,ai_data,PASS,100,3,e61af6e3-1ff1-481e-a8e4-a8e48e1a8c6e,"",5,2026-10-06T23:45:32.3064113+02:00
audit,ai_data,PASS,100,2,8c196867-3292-4708-9d57-3120b726053d,"",5,2026-10-06T23:47:25.5761723+02:00
integration,ai_data,PASS,100,4,440c6225-5713-4302-8cc8-b48eedb21f6b,"",5,2026-10-06T23:47:52.2997822+02:00
workflow-design,ai_data,PASS,100,2,6dd1a0d4-b65c-44d3-ba75-52b47ea78134,"",5,2026-10-06T23:48:19.1857131+02:00
support-priority,ai_data,PASS,100,4,83d79c5c-53dc-4481-aad1-199b97029c3a,"",5,2026-10-06T23:48:45.7848325+02:00
support-dedicated,ai_data,PASS,100,4,303ebdf5-ce86-44cc-bf0e-723fdfdeeba0,"",8,2026-10-06T23:49:15.8584136+02:00
landing,ai_data,PASS,100,2,f7f1d614-fc18-4844-873d-0bb6e5ec4500,"",6,2026-10-06T23:49:44.2603144+02:00
setup-full,admin_support,PASS,100,6,0cf84352-e8fc-4166-968e-2cefd85cf5f1,"",6,2026-10-06T23:53:46.0088474+02:00
setup-custom,admin_support,PASS,100,4,cd1ee44f-51e1-4235-a6b1-74ac5192163a,"",5,2026-10-06T23:54:12.6695889+02:00
vertical-package,admin_support,PASS,100,4,464c54c0-678c-4ebf-9094-fc0b7cf18285,"",5,2026-10-06T23:54:39.2454034+02:00
setup-full,ai_data,PASS,100,6,d3bdd1d6-97cc-4976-a7f1-6486a883bc72,"",5,2026-10-06T23:55:06.7416959+02:00
setup-custom,ai_data,PASS,100,4,d6092e98-1d8c-406c-bb8b-6d3509db9fbd,"",5,2026-10-06T23:55:33.3578535+02:00
website-business,ai_data,PASS,100,2,d0204370-3cf1-49aa-a484-23b135547993,"",5,2026-10-06T23:56:00.1948013+02:00
website-ecommerce,ai_data,PASS,100,2,2026feae-791a-4a83-9201-eaa6ba4570d6,"",5,2026-10-06T23:56:26.7720360+02:00
white-label-setup,ai_data,PASS,100,4,3be4be43-c9e3-41fb-9cdb-05df9cb774cb,"",5,2026-10-06T23:56:53.3658044+02:00
sales-enablement,ai_data,PASS,100,2,3178f88d-9d0c-441c-b1c9-f8d621f6933f,"",5,2026-10-06T23:57:19.9591605+02:00
vertical-package,ai_data,PASS,100,4,f7954b76-cd7e-47c5-a54b-db6a27be58df,"",5,2026-10-06T23:57:46.6284942+02:00
lead-gen-retainer,ai_data,PASS,100,5,9a015e52-3dd9-4bfd-b5c8-e3bb6a218c53,"",9,2026-10-06T23:58:17.3820875+02:00
ai-support-retainer,ai_data,PASS,100,6,0f76a169-234b-40ce-b2ff-450c638d8622,"",5,2026-10-06T23:58:43.9675393+02:00
custom-software,ai_data,PASS,100,2,b7ced302-301f-4caf-9f24-969d9ad09bc3,"",5,2026-10-06T23:59:10.6549750+02:00
bundle-portal-presence,ai_data,PASS,100,5,8a3b33ff-09dc-497e-bda4-d7c65ba99b56,"",5,2026-10-06T23:59:37.3219640+02:00
bundle-sales-launch,ai_data,PASS,100,4,c0e94e9f-33bc-499b-839d-09b8e6bfa036,"",6,2026-10-07T00:00:05.4150855+02:00
bundle-ops-clarity,ai_data,PASS,100,4,1d35809f-1255-43f3-a752-484f3d5a906f,"",5,2026-10-07T00:00:32.2027595+02:00
setup-quick,audio_music,PASS,100,3,112e8ab7-f531-498b-904f-5846958ee034,"",5,2026-10-07T00:00:58.8938627+02:00
setup-full,audio_music,PASS,100,6,05c5c6df-df57-4778-bcca-5dab7b6298ca,"",5,2026-10-07T00:01:25.5948997+02:00
setup-custom,audio_music,PASS,100,4,11fadc7a-2d1f-4fe3-b983-9db470ea6289,"",5,2026-10-07T00:01:52.2339112+02:00
audit,audio_music,PASS,100,2,ff2f93a9-6292-4657-80de-9cbd9ef324f6,"",5,2026-10-07T00:02:18.7621341+02:00
integration,audio_music,PASS,100,4,7762d859-1be3-4ef7-abf4-ff5f2e27164a,"",5,2026-10-07T00:02:45.4425981+02:00
workflow-design,audio_music,PASS,100,2,29da80cb-0ac4-4830-bfb2-ae2bbbda1919,"",5,2026-10-07T00:03:12.3477265+02:00
support-priority,audio_music,PASS,100,4,a7f3dd59-5b6d-46b5-8ff7-d89b886f0cc6,"",5,2026-10-07T00:03:39.0626233+02:00
support-dedicated,audio_music,PASS,100,4,e96d0cd4-09ed-4419-aa80-8d47db3b43c1,"",5,2026-10-07T00:04:05.7238120+02:00
landing,audio_music,PASS,100,2,ce1d8641-3f79-4c9b-84a3-b6d45dd875fc,"",5,2026-10-07T00:04:32.4150322+02:00
website-business,audio_music,PASS,100,2,38bc6d8e-8a8a-46ff-9ce7-e481afc9db79,"",5,2026-10-07T00:04:59.1953030+02:00
website-ecommerce,audio_music,PASS,100,2,e5c77f0b-b601-4596-9536-c6101baa7e6e,"",5,2026-10-07T00:05:25.9915051+02:00
white-label-setup,audio_music,PASS,100,4,08ab832f-6ad4-4de0-b155-999ed844280a,"",5,2026-10-07T00:05:52.6931412+02:00
sales-enablement,audio_music,PASS,100,2,e00bbf52-2174-4186-85f9-a4a3f07840af,"",5,2026-10-07T00:06:19.5286903+02:00
vertical-package,audio_music,PASS,100,4,ee35bf62-f5bc-4976-a090-d4321e4e8c13,"",5,2026-10-07T00:06:46.1196013+02:00
lead-gen-retainer,audio_music,PASS,100,5,cd0814db-81f6-46b4-8835-e1443abb4d23,"",9,2026-10-07T00:07:16.8486217+02:00
ai-support-retainer,audio_music,PASS,100,6,31244401-a8ff-4871-afc9-d626972b74df,"",5,2026-10-07T00:07:43.7722208+02:00
custom-software,audio_music,PASS,100,2,621fe683-9527-4746-88af-8e611f104d7f,"",5,2026-10-07T00:08:10.5570253+02:00
bundle-portal-presence,audio_music,PASS,100,5,609bb5d7-d92a-4928-9506-34b2722734c6,"",5,2026-10-07T00:08:37.1416096+02:00
bundle-sales-launch,audio_music,PASS,100,4,cb47cac0-d8c4-4d03-82fc-f27cc3c1f3e9,"",6,2026-10-07T00:09:04.7035457+02:00
bundle-ops-clarity,audio_music,PASS,100,4,caa3cf5e-cf3f-428c-9318-723adb371d79,"",5,2026-10-07T00:09:31.3844334+02:00
setup-quick,business_consulting,PASS,100,3,b7fcbf89-257d-4cfc-9144-661415f544e2,"",5,2026-10-07T00:09:57.9592525+02:00
setup-full,business_consulting,PASS,100,6,40fd59e1-d81b-4f47-9ac6-e7c4668e3148,"",5,2026-10-07T00:10:24.7009834+02:00
setup-custom,business_consulting,PASS,100,4,f83f87c1-96d3-4400-8157-4d26f71f1a40,"",5,2026-10-07T00:10:51.3846075+02:00
audit,business_consulting,PASS,100,2,57c4fb7c-2e2e-40c6-8ae3-38c6c08aba33,"",5,2026-10-07T00:11:17.9984019+02:00
integration,business_consulting,PASS,100,4,c84fb20b-43d2-4380-b687-19c8fd485ba3,"",5,2026-10-07T00:11:44.9782025+02:00
workflow-design,business_consulting,PASS,100,2,59cbbef8-5ceb-4068-9def-7b7e206e59b4,"",5,2026-10-07T00:12:11.5754027+02:00
support-priority,business_consulting,PASS,100,4,2493cd0a-f036-4b4c-9cf0-3b7e013f8a98,"",5,2026-10-07T00:12:38.3590124+02:00
support-dedicated,business_consulting,PASS,100,4,3cc43542-ca05-486b-b1c4-526041a9062b,"",5,2026-10-07T00:13:05.2631277+02:00
landing,business_consulting,PASS,100,2,c3921e01-66c1-403c-87bc-9c9f86eb492c,"",5,2026-10-07T00:13:31.8825182+02:00
website-business,business_consulting,PASS,100,2,7ecd10dc-7200-43c8-a113-ca35be0690e6,"",5,2026-10-07T00:13:58.4919079+02:00
website-ecommerce,business_consulting,PASS,100,2,832ddfe1-3d99-4766-b537-b1bac112d02a,"",5,2026-10-07T00:14:25.1104812+02:00
white-label-setup,business_consulting,PASS,100,4,2121d23f-ad94-44dd-a25f-7ff845662abc,"",5,2026-10-07T00:14:52.0040719+02:00
sales-enablement,business_consulting,PASS,100,2,6c3882b0-ecf4-4c0a-a4d5-86d617547cc7,"",5,2026-10-07T00:15:18.6594393+02:00
vertical-package,business_consulting,PASS,100,4,7c38bb07-cbe9-4a7e-9ffc-72b144ce0298,"",5,2026-10-07T00:15:45.3329392+02:00
lead-gen-retainer,business_consulting,PASS,100,5,0cb1b4ce-e21b-41fc-8e65-387c76a5c48a,"",9,2026-10-07T00:16:16.0913154+02:00
ai-support-retainer,business_consulting,PASS,100,6,4ff3d57b-3639-4e65-8e1d-d55fb4e28664,"",5,2026-10-07T00:16:42.8872831+02:00
custom-software,business_consulting,PASS,100,2,c5523adf-3ca1-40af-bd4a-8f7c95df83d8,"",6,2026-10-07T00:17:10.6728892+02:00
bundle-portal-presence,business_consulting,PASS,100,5,c0c68f1b-0337-4168-83e0-2b070a9224db,"",4,2026-10-07T00:17:37.1843536+02:00
bundle-sales-launch,business_consulting,PASS,100,4,2d7eaa7c-9378-45c7-aeb0-a63543330c7d,"",5,2026-10-07T00:18:03.8916884+02:00
bundle-ops-clarity,business_consulting,PASS,100,4,ce27b408-3460-49af-a7c6-7b7e7290a0a8,"",5,2026-10-07T00:18:30.7746626+02:00
setup-quick,community_moderation,PASS,100,3,9cfce624-03e8-44ea-8adc-1fd531275ae5,"",5,2026-10-07T00:18:57.8250242+02:00
setup-full,community_moderation,PASS,100,6,7508c2a1-480a-4578-bd62-8986805da822,"",5,2026-10-07T00:19:24.4985736+02:00
setup-custom,community_moderation,PASS,100,4,d82844b1-3c29-4273-9fec-f69c581d3ae6,"",5,2026-10-07T00:19:51.1597158+02:00
audit,community_moderation,PASS,100,2,4b559ba1-ab5a-42f6-8640-2d3f1ff51b8c,"",5,2026-10-07T00:20:18.0324121+02:00
integration,community_moderation,PASS,100,4,1bde6a38-ed70-42e2-9b07-7bc600553537,"",5,2026-10-07T00:20:44.8635986+02:00
workflow-design,community_moderation,PASS,100,2,69a2132b-d5d7-4223-9346-bc025d998667,"",5,2026-10-07T00:21:11.8670886+02:00
support-priority,community_moderation,PASS,100,4,251f83b8-976e-4d3e-8734-77413fc401b6,"",5,2026-10-07T00:21:38.5606349+02:00
support-dedicated,community_moderation,PASS,100,4,00f789e9-6703-4fb1-912f-4e27e37e0000,"",5,2026-10-07T00:22:05.3436238+02:00
landing,community_moderation,PASS,100,2,f0e594d7-1448-4759-9da9-2e24e728855f,"",5,2026-10-07T00:22:31.9462605+02:00
website-business,community_moderation,PASS,100,2,65f1177b-f945-4e9a-bbe8-06cb5eed4d4b,"",5,2026-10-07T00:22:58.6482802+02:00
website-ecommerce,community_moderation,PASS,100,2,8b7c5b17-ce42-49b2-8483-5ad822634390,"",5,2026-10-07T00:23:25.2478972+02:00
white-label-setup,community_moderation,PASS,100,4,aa3d128e-5bce-47df-9d11-3dd4783d8451,"",5,2026-10-07T00:23:51.9254012+02:00
sales-enablement,community_moderation,PASS,100,2,d561b0de-1b32-4ed4-a1f4-6a1ef4a4a8c6,"",5,2026-10-07T00:24:18.6760330+02:00
vertical-package,community_moderation,PASS,100,4,69889ae2-8d4c-4d24-b93e-cab2d050c298,"",5,2026-10-07T00:24:45.3133105+02:00
lead-gen-retainer,community_moderation,PASS,100,5,f1f03ab2-d5ac-4032-9fdc-046903dfd696,"",9,2026-10-07T00:25:16.5090138+02:00
ai-support-retainer,community_moderation,PASS,100,6,962c9c16-7235-407b-bdb0-c8e08b9bc011,"",5,2026-10-07T00:25:43.4423811+02:00
custom-software,community_moderation,PASS,100,2,8f9f0355-4e40-4e69-ac73-d801db89dca2,"",5,2026-10-07T00:26:10.0994432+02:00
bundle-portal-presence,community_moderation,PASS,100,5,cf0d323b-1f25-41be-9420-04316308953a,"",5,2026-10-07T00:26:36.7605346+02:00
bundle-sales-launch,community_moderation,PASS,100,4,8f69a123-d2d3-418c-af20-b2805eed34e4,"",5,2026-10-07T00:27:03.8922643+02:00
bundle-ops-clarity,community_moderation,PASS,100,4,60b50aa3-858c-4239-8fab-c251204bb13b,"",5,2026-10-07T00:27:30.5832321+02:00
setup-quick,creator_services,PASS,100,3,40457bee-617c-4c10-b923-f1f0a1fdcf6e,"",5,2026-10-07T00:27:57.5371712+02:00
setup-full,creator_services,PASS,100,6,4fec8d3f-07c8-4855-838f-3b356cd467a6,"",5,2026-10-07T00:28:24.1052453+02:00
setup-custom,creator_services,PASS,100,4,97e86c0e-277f-4c83-b5aa-c79490658f07,"",5,2026-10-07T00:28:50.9253905+02:00
audit,creator_services,PASS,100,2,20acffb6-4b77-4387-a276-f32e44a09db7,"",5,2026-10-07T00:29:17.5460541+02:00
integration,creator_services,PASS,100,4,85c6f6e6-6ec6-4d6a-8184-25a8aa5242ec,"",5,2026-10-07T00:29:44.1535699+02:00
workflow-design,creator_services,PASS,100,2,ecd467a3-11ac-4d19-8932-8471cc5fc754,"",5,2026-10-07T00:30:10.8759116+02:00
support-priority,creator_services,PASS,100,4,5d029d56-b42d-450a-b893-31cadb4d3b17,"",5,2026-10-07T00:30:37.4983389+02:00
support-dedicated,creator_services,PASS,100,4,ae07f211-de66-4e62-b125-bb1f66187824,"",5,2026-10-07T00:31:04.5344647+02:00
landing,creator_services,PASS,100,2,79c5bfce-7750-4f09-a481-782d6e5d94d2,"",5,2026-10-07T00:31:31.1483383+02:00
website-business,creator_services,PASS,100,2,d4500f47-e85c-4dc3-b1ff-cec6f70b593f,"",5,2026-10-07T00:31:57.8947392+02:00
website-ecommerce,creator_services,PASS,100,2,c8d4c9e7-2619-40bc-a2a0-9516251c09d8,"",5,2026-10-07T00:32:24.5378169+02:00
white-label-setup,creator_services,PASS,100,4,0bf5fc60-cc7d-4164-80ec-e4a2664195a2,"",5,2026-10-07T00:32:51.2039686+02:00
sales-enablement,creator_services,PASS,100,2,dafe0935-b2c4-48ef-a6aa-f6dabfee1598,"",5,2026-10-07T00:33:17.8147324+02:00
vertical-package,creator_services,PASS,100,4,bdb58a49-9a2d-4480-9244-32d636f744de,"",5,2026-10-07T00:33:44.3675183+02:00
lead-gen-retainer,creator_services,PASS,100,5,93e08eec-9eaa-4422-95c2-224d674058fc,"",9,2026-10-07T00:34:15.0256814+02:00
ai-support-retainer,creator_services,PASS,100,6,eda8d446-757e-4a6e-afb7-b49bde6a92f9,"",4,2026-10-07T00:34:41.5261653+02:00
custom-software,creator_services,PASS,100,2,c352694a-7e42-4c5e-ab7b-ef2e8ae94317,"",5,2026-10-07T00:35:08.2209694+02:00
bundle-portal-presence,creator_services,PASS,100,5,f4317235-17a3-43ba-96ef-fcfc7d8463da,"",5,2026-10-07T00:35:34.9567212+02:00
bundle-sales-launch,creator_services,PASS,100,4,ea3e1632-d37f-4d5d-b10d-89c774a0fe74,"",5,2026-10-07T00:36:01.9418710+02:00
bundle-ops-clarity,creator_services,PASS,100,4,2d02be3e-1271-4421-9d8e-dabb637e74f4,"",5,2026-10-07T00:36:28.5375854+02:00
setup-quick,customer_service,PASS,100,3,7de5ec30-5356-41ba-9724-065fbdde0476,"",5,2026-10-07T00:36:55.2580667+02:00
setup-full,customer_service,PASS,100,6,62dd8322-32c9-4c4e-ae7f-9ec3051e3155,"",5,2026-10-07T00:37:21.8723796+02:00
setup-custom,customer_service,PASS,100,4,9c21ad23-84ba-49c4-99a6-4cd477f84781,"",5,2026-10-07T00:37:48.4861095+02:00
audit,customer_service,PASS,100,2,6eb1099c-3f8b-4912-ad15-25476091a41d,"",5,2026-10-07T00:38:15.1498022+02:00
integration,customer_service,PASS,100,4,3e4ab068-e30c-4d71-bc20-c47d9b899df0,"",5,2026-10-07T00:38:41.7645011+02:00
workflow-design,customer_service,PASS,100,2,3aaa99be-240e-48d5-bc9d-d40596570455,"",5,2026-10-07T00:39:08.9593132+02:00
support-priority,customer_service,PASS,100,4,ca07404d-d1ef-4664-8365-f73850325574,"",5,2026-10-07T00:39:35.4816585+02:00
support-dedicated,customer_service,PASS,100,4,5762c01c-ce90-4d09-9ba4-53dbc5c2eac5,"",5,2026-10-07T00:40:02.1206466+02:00
landing,customer_service,PASS,100,2,6527997e-5912-42a0-b921-5150b0270b6f,"",5,2026-10-07T00:40:28.6386929+02:00
website-business,customer_service,PASS,100,2,96a411e4-cddf-4b2b-a2cf-caee7b54ec53,"",5,2026-10-07T00:40:55.4389026+02:00
website-ecommerce,customer_service,PASS,100,2,751a4dfe-1336-46c8-8165-63ce0dc47ad2,"",5,2026-10-07T00:41:22.0927216+02:00
white-label-setup,customer_service,PASS,100,4,3c1432c9-7b5b-4b53-8745-640695cc624a,"",5,2026-10-07T00:41:48.8656527+02:00
sales-enablement,customer_service,PASS,100,2,47ece365-f150-4f83-abe7-8f3ecf2c7f07,"",5,2026-10-07T00:42:15.4724780+02:00
vertical-package,customer_service,PASS,100,4,d6934393-026c-48a1-a717-e66eec20c391,"",5,2026-10-07T00:42:42.0415429+02:00
lead-gen-retainer,customer_service,PASS,100,5,0278fe4b-d6de-459d-ac60-652b2662abb9,"",17,2026-10-07T00:43:20.9323323+02:00
ai-support-retainer,customer_service,PASS,100,6,32d1195e-567b-4517-bca3-36001b2a7660,"",5,2026-10-07T00:43:47.5648046+02:00
custom-software,customer_service,PASS,100,2,7fdc45e3-92ab-4c4d-9452-80b38d7ef1fe,"",5,2026-10-07T00:44:14.1562837+02:00
bundle-portal-presence,customer_service,PASS,100,5,5969ef2e-950d-464f-9d60-aee60534aeba,"",5,2026-10-07T00:44:40.7685773+02:00
bundle-sales-launch,customer_service,PASS,100,4,b137b0f5-f91d-4b15-9c64-5ee4323eee60,"",5,2026-10-07T00:45:07.5782926+02:00
bundle-ops-clarity,customer_service,PASS,100,4,8522e6bc-37e4-466c-8f41-a5153620aa82,"",5,2026-10-07T00:45:34.2910294+02:00
setup-quick,design_creative,PASS,100,3,76ac5d69-9a3f-4899-a5e7-082a63f5dad1,"",5,2026-10-07T00:46:01.0958595+02:00
setup-full,design_creative,PASS,100,6,0ce6bc6c-c991-448c-bdf7-0d850af19b94,"",5,2026-10-07T00:46:27.9882509+02:00
setup-custom,design_creative,PASS,100,4,f9a540d3-9df0-4a99-9169-a851b9eb314a,"",5,2026-10-07T00:46:54.8946178+02:00
audit,design_creative,PASS,100,2,0ef39707-ec37-4873-8963-261a93780cb1,"",5,2026-10-07T00:47:21.5127736+02:00
integration,design_creative,PASS,100,4,522f0757-8a0d-4444-b7e1-a5043ed4feac,"",5,2026-10-07T00:47:48.0950525+02:00
workflow-design,design_creative,PASS,100,2,ddf9c71c-501a-4e77-b071-6128dc21e775,"",5,2026-10-07T00:48:14.8180283+02:00
support-priority,design_creative,PASS,100,4,d5edbf2f-3bf6-44fb-b98e-c06d5bd40b1e,"",5,2026-10-07T00:48:41.4864673+02:00
support-dedicated,design_creative,PASS,100,4,1c3af72b-939b-49af-85be-bc1c6ca98cf5,"",5,2026-10-07T00:49:08.0898721+02:00
landing,design_creative,PASS,100,2,dd4e66f7-8ce2-40ec-b047-40a5b639f6f0,"",5,2026-10-07T00:49:34.6550708+02:00
website-business,design_creative,PASS,100,2,76e2fd04-69be-4ab8-9658-ce136bbdccc2,"",5,2026-10-07T00:50:01.2277226+02:00
website-ecommerce,design_creative,PASS,100,2,1398bf3b-283e-4b44-848a-f9629f10d052,"",5,2026-10-07T00:50:27.8407513+02:00
white-label-setup,design_creative,PASS,100,4,b1cca1ca-e1a6-4373-8c9f-f033b8369423,"",5,2026-10-07T00:50:54.6929000+02:00
sales-enablement,design_creative,PASS,100,2,0f707dc1-278a-473c-bfb4-405b72d3fa8e,"",5,2026-10-07T00:51:21.3368248+02:00
vertical-package,design_creative,PASS,100,4,eca430cc-5cf1-4cf6-841f-1acddeb37b1a,"",5,2026-10-07T00:51:47.8890418+02:00
lead-gen-retainer,design_creative,PASS,100,5,bd9de23e-1d51-4116-8803-f895ed08cde3,"",9,2026-10-07T00:52:18.6000811+02:00
ai-support-retainer,design_creative,PASS,100,6,42dc6b2b-9ddc-491b-8a98-612f85f916f8,"",5,2026-10-07T00:52:45.3758706+02:00
custom-software,design_creative,PASS,100,2,2e5094e6-5be0-4219-aa3d-f3b55a07ced7,"",5,2026-10-07T00:53:11.9988287+02:00
bundle-portal-presence,design_creative,PASS,100,5,3cacc3a5-5976-4bda-9ba2-3a3696057591,"",5,2026-10-07T00:53:38.5589324+02:00
bundle-sales-launch,design_creative,PASS,100,4,871b2cbf-c62d-444f-8f3c-b771777781db,"",5,2026-10-07T00:54:05.4464977+02:00
bundle-ops-clarity,design_creative,PASS,100,4,ec2801fb-d96e-4915-9d5f-3ed3847258e8,"",5,2026-10-07T00:54:32.0070883+02:00
setup-quick,development_it,PASS,100,3,47b7e518-55e8-4b38-9e00-8fb4405c8bcf,"",5,2026-10-07T00:54:58.6591146+02:00
setup-full,development_it,PASS,100,6,7cf86da6-21b6-4a9d-8b97-073d589f0492,"",5,2026-10-07T00:55:25.2485508+02:00
setup-custom,development_it,PASS,100,4,a7a48943-042b-4490-95a8-30bcf339bd7b,"",5,2026-10-07T00:55:52.2758994+02:00
audit,development_it,PASS,100,2,38f8202c-f16d-44eb-8792-754800ee3236,"",5,2026-10-07T00:56:18.9646775+02:00
integration,development_it,PASS,100,4,b199a01f-936e-4011-abb5-2491e89c5d97,"",5,2026-10-07T00:56:45.5790865+02:00
workflow-design,development_it,PASS,100,2,f779d175-5b00-4eea-b1c5-0f0562158702,"",5,2026-10-07T00:57:12.1779158+02:00
support-priority,development_it,PASS,100,4,b655d289-2981-4749-a401-222566769666,"",5,2026-10-07T00:57:38.7336988+02:00
support-dedicated,development_it,PASS,100,4,13a5219f-a6b5-4a52-ba94-641423a50a51,"",5,2026-10-07T00:58:05.5885601+02:00
landing,development_it,PASS,100,2,cd624e3f-34d3-47cf-bd70-a74f64e0d0b2,"",5,2026-10-07T00:58:32.6879251+02:00
website-business,development_it,PASS,100,2,5d762569-573d-4388-bcd0-894c09967404,"",5,2026-10-07T00:58:59.2462000+02:00
website-ecommerce,development_it,PASS,100,2,9fd3f519-6f45-46c0-bf8b-e58df7672cad,"",5,2026-10-07T00:59:25.7830581+02:00
white-label-setup,development_it,PASS,100,4,a5d9c07a-c495-49af-8936-d3f4166fdcad,"",4,2026-10-07T00:59:52.2818515+02:00
sales-enablement,development_it,PASS,100,2,0b8f6bf9-3a85-48ac-aad2-85e746db4f76,"",5,2026-10-07T01:00:19.0560920+02:00
vertical-package,development_it,PASS,100,4,9b388c37-5936-4286-9233-5669f504a1c7,"",5,2026-10-07T01:00:45.6077910+02:00
lead-gen-retainer,development_it,PASS,100,5,2eed1e0b-64dd-4907-b1ef-267489630c23,"",17,2026-10-07T01:01:24.5495564+02:00
ai-support-retainer,development_it,PASS,100,6,5a586aa7-7b5f-417e-8bc2-b221f36a04e9,"",5,2026-10-07T01:01:51.1425693+02:00
custom-software,development_it,PASS,100,2,174decad-d1e9-4faf-8607-fe94bd8694e8,"",5,2026-10-07T01:02:17.7574262+02:00
bundle-portal-presence,development_it,PASS,100,5,e5a4c840-7ea4-46b9-b07e-41017250ae8c,"",5,2026-10-07T01:02:44.4216953+02:00
bundle-sales-launch,development_it,PASS,100,4,a49cc764-1e4d-405b-99c1-f3d14d0d480b,"",5,2026-10-07T01:03:10.9808225+02:00
bundle-ops-clarity,development_it,PASS,100,4,e9c83a6d-8a36-4c36-9881-6692c8506070,"",5,2026-10-07T01:03:37.5573943+02:00
setup-quick,ecommerce,PASS,100,3,61c7901c-6d60-4b7b-9069-958b495d0076,"",5,2026-10-07T01:04:04.6420968+02:00
setup-full,ecommerce,PASS,100,6,6ba8a1c5-9557-419c-a6ff-4fbc92258288,"",5,2026-10-07T01:04:31.4257989+02:00
setup-custom,ecommerce,PASS,100,4,e2d2916a-70ee-4899-9bf6-36f09fe19704,"",5,2026-10-07T01:04:58.1969672+02:00
audit,ecommerce,PASS,100,2,213c2d97-7d04-4d36-a18e-62b92227b063,"",5,2026-10-07T01:05:24.8587763+02:00
integration,ecommerce,PASS,100,4,0c4909cd-194d-4b82-8354-e37a25d63110,"",5,2026-10-07T01:05:51.4920486+02:00
workflow-design,ecommerce,PASS,100,2,d945d1db-3185-40b6-9853-d8f5bf0ac001,"",5,2026-10-07T01:06:18.2122800+02:00
support-priority,ecommerce,PASS,100,4,d2ce5d60-0b49-4d3b-a5e7-4c922359ec68,"",5,2026-10-07T01:06:45.4673767+02:00
support-dedicated,ecommerce,PASS,100,4,f912ee2d-4bbb-4ec6-bb53-258b750a56dc,"",5,2026-10-07T01:07:12.1129819+02:00
landing,ecommerce,PASS,100,2,acf9ed9d-28bc-440f-b775-8b6a8bc01d5b,"",5,2026-10-07T01:07:38.7667555+02:00
website-business,ecommerce,PASS,100,2,6a5f2653-6c22-43ad-9db0-624143590b18,"",5,2026-10-07T01:08:05.6091377+02:00
website-ecommerce,ecommerce,PASS,100,2,15dfa79d-5692-43ea-af8e-759a6fdfb334,"",5,2026-10-07T01:08:32.3885174+02:00
white-label-setup,ecommerce,PASS,100,4,ad7351d0-a98f-458f-b018-f47d495a5bc0,"",5,2026-10-07T01:08:59.0973786+02:00
sales-enablement,ecommerce,PASS,100,2,869f96cf-57fd-4ec3-8ee9-c7170c780c2a,"",5,2026-10-07T01:09:25.6855371+02:00
vertical-package,ecommerce,PASS,100,4,ccd89c57-c0df-4e1f-95b9-a52154388b14,"",5,2026-10-07T01:09:52.3177459+02:00
lead-gen-retainer,ecommerce,PASS,100,5,4f66c561-a457-4955-9d96-534ee0ae4cf9,"",13,2026-10-07T01:10:27.2872533+02:00
ai-support-retainer,ecommerce,PASS,100,6,d75054ee-162b-4f27-b4f4-e54615dd4a83,"",5,2026-10-07T01:10:54.0402363+02:00
custom-software,ecommerce,PASS,100,2,3f356f0a-2a04-402d-b815-6249c9021c9e,"",5,2026-10-07T01:11:21.1834765+02:00
bundle-portal-presence,ecommerce,PASS,100,5,493a72ba-4b98-4f73-b607-ee4ab42f746a,"",5,2026-10-07T01:11:47.9112994+02:00
bundle-sales-launch,ecommerce,PASS,100,4,63931fc7-030f-4fbd-8be8-cd128ab3080f,"",5,2026-10-07T01:12:14.6331273+02:00
bundle-ops-clarity,ecommerce,PASS,100,4,ebc353f1-5eaf-4a3d-96ff-2eccfda07a81,"",5,2026-10-07T01:12:41.2729875+02:00
setup-quick,education_training,PASS,100,3,68cdc045-55ae-4214-9a74-1e0737ba0a8c,"",5,2026-10-07T01:13:07.9517756+02:00
setup-full,education_training,PASS,100,6,a413b36b-ecf4-4d54-9115-b018214f3f28,"",5,2026-10-07T01:13:34.6792893+02:00
setup-custom,education_training,PASS,100,4,f43363b0-1c5f-4141-9322-b11740dc9e31,"",5,2026-10-07T01:14:01.3723688+02:00
audit,education_training,PASS,100,2,122a147a-af5e-4b33-80ae-17df6fadb6d7,"",5,2026-10-07T01:14:27.9647554+02:00
integration,education_training,PASS,100,4,19d7be2c-c5af-436d-9c16-3a05cf9f8e49,"",5,2026-10-07T01:14:54.5271302+02:00
workflow-design,education_training,PASS,100,2,90d82068-8707-4858-8a43-7ff7bb1ae285,"",5,2026-10-07T01:15:21.1999173+02:00
support-priority,education_training,PASS,100,4,8f682097-f230-46df-8fdb-069742b332f5,"",5,2026-10-07T01:15:47.7700442+02:00
support-dedicated,education_training,PASS,100,4,1dd151ed-d672-4dc1-9b46-ea5ff404256d,"",5,2026-10-07T01:16:14.3708623+02:00
landing,education_training,PASS,100,2,b6b650d1-ed2f-41b3-9c03-d1b63d7644e3,"",5,2026-10-07T01:16:41.0193603+02:00
website-business,education_training,PASS,100,2,62fd95a5-f464-4ceb-b083-c28caf6ea653,"",5,2026-10-07T01:17:08.4262179+02:00
website-ecommerce,education_training,PASS,100,2,c9f7d38f-e3d9-41a5-ab30-8164834d722f,"",5,2026-10-07T01:17:35.0176068+02:00
white-label-setup,education_training,PASS,100,4,ee40d849-68a5-4c16-a05e-70a7ea85a73f,"",5,2026-10-07T01:18:01.7834554+02:00
sales-enablement,education_training,PASS,100,2,828d659b-df80-46ab-b6f2-c0c41c0192ed,"",5,2026-10-07T01:18:28.3272720+02:00
vertical-package,education_training,PASS,100,4,868d33e0-398f-4d56-9e87-9878f086d2cf,"",5,2026-10-07T01:18:54.9039468+02:00
lead-gen-retainer,education_training,PASS,100,5,e16aa54a-5b18-4aaf-ab22-9168fdea5380,"",13,2026-10-07T01:19:29.6719864+02:00
ai-support-retainer,education_training,PASS,100,6,c3bcc929-336b-48a9-b603-2e5da1c1d273,"",5,2026-10-07T01:19:56.2830992+02:00
custom-software,education_training,PASS,100,2,50ff14d4-a7ed-458c-b8f1-0b23b7feb1ed,"",5,2026-10-07T01:20:23.3604554+02:00
bundle-portal-presence,education_training,PASS,100,5,88d3bdfb-49d5-4762-9658-d8fe3ac02ad1,"",5,2026-10-07T01:20:50.8209461+02:00
bundle-sales-launch,education_training,PASS,100,4,1d6ef795-1a65-4fc3-8902-147942ef5718,"",5,2026-10-07T01:21:17.5150329+02:00
bundle-ops-clarity,education_training,PASS,100,4,88e2bbb4-0f16-4155-be24-92b682faba32,"",5,2026-10-07T01:21:44.1639165+02:00
setup-quick,engineering_architecture,PASS,100,3,656988a6-5de7-4ed2-af8c-1567625b28e8,"",5,2026-10-07T01:22:10.9642940+02:00
setup-full,engineering_architecture,PASS,100,6,55809984-cb0c-465b-a2cc-0e12f16bb9b9,"",5,2026-10-07T01:22:37.9460271+02:00
setup-custom,engineering_architecture,PASS,100,4,6993a5e5-b178-4f3c-a347-100d0676414b,"",5,2026-10-07T01:23:04.9282023+02:00
audit,engineering_architecture,PASS,100,2,e8d28d75-d841-4e8d-a4d8-75bfe7fc3300,"",5,2026-10-07T01:23:31.6097850+02:00
integration,engineering_architecture,PASS,100,4,03b8773d-4928-4843-bdff-23e6a5195ecc,"",5,2026-10-07T01:23:58.2617243+02:00
workflow-design,engineering_architecture,PASS,100,2,0690b408-dd3e-4aa5-9372-34c0063fb307,"",5,2026-10-07T01:24:24.9053305+02:00
support-priority,engineering_architecture,PASS,100,4,945f2100-bc34-421e-bf0b-74f96d93cd88,"",5,2026-10-07T01:24:51.5676316+02:00
support-dedicated,engineering_architecture,PASS,100,4,0afb2b61-0863-4690-b5fa-ff7bda4b0c6b,"",5,2026-10-07T01:25:18.4923491+02:00
landing,engineering_architecture,PASS,100,2,c5a89106-0e79-4c37-944d-8c9bd2c2284b,"",5,2026-10-07T01:25:45.0658569+02:00
website-business,engineering_architecture,PASS,100,2,3a6e9689-84eb-4679-98bb-a9d4c3724398,"",5,2026-10-07T01:26:11.6881320+02:00
website-ecommerce,engineering_architecture,PASS,100,2,7757da06-0fd6-400f-91b6-0aa71ca89d00,"",5,2026-10-07T01:26:38.3694980+02:00
white-label-setup,engineering_architecture,PASS,100,4,e31337e8-7b98-47ac-bf35-7a16c7d4b5fe,"",5,2026-10-07T01:27:04.9650131+02:00
sales-enablement,engineering_architecture,PASS,100,2,a6eac369-80e8-41db-983e-05d7c47a2253,"",5,2026-10-07T01:27:31.5918133+02:00
vertical-package,engineering_architecture,PASS,100,4,4005ffbc-8290-43db-a585-be29cfa87579,"",5,2026-10-07T01:27:58.1153471+02:00
lead-gen-retainer,engineering_architecture,PASS,100,5,9bc02eb3-d7d8-4296-a982-0b18215eb198,"",13,2026-10-07T01:28:33.0356677+02:00
ai-support-retainer,engineering_architecture,PASS,100,6,05b4bd8d-fece-4db2-b682-7363a5cba167,"",5,2026-10-07T01:28:59.6073587+02:00
custom-software,engineering_architecture,PASS,100,2,d2d74090-defa-47f1-829d-2887c1c75c14,"",5,2026-10-07T01:29:26.2816764+02:00
bundle-portal-presence,engineering_architecture,PASS,100,5,9cc59096-d3d3-4256-be70-6849f06558a6,"",5,2026-10-07T01:29:53.1018779+02:00
bundle-sales-launch,engineering_architecture,PASS,100,4,3fb90cd2-7b84-4fcc-9c92-228695c6f378,"",5,2026-10-07T01:30:19.6357818+02:00
bundle-ops-clarity,engineering_architecture,PASS,100,4,bc6c4a5a-b10f-4474-af1d-5aaf892a3d38,"",5,2026-10-07T01:30:46.2471870+02:00
setup-quick,engineering_science,PASS,100,3,3b57417e-c870-4c4f-82fa-739384d1dec8,"",5,2026-10-07T01:31:12.8547300+02:00
setup-full,engineering_science,PASS,100,6,9f3249a6-8f69-4d89-bbe5-7bf433b37087,"",5,2026-10-07T01:31:39.5307460+02:00
setup-custom,engineering_science,PASS,100,4,eb2adb28-582a-495b-8ea8-b68137e4470b,"",5,2026-10-07T01:32:06.3891566+02:00
audit,engineering_science,PASS,100,2,a131e5fb-08b9-4909-ad3a-6010fb564ac5,"",5,2026-10-07T01:32:32.9455944+02:00
integration,engineering_science,PASS,100,4,617971bd-1c16-49bb-8281-b72c27ecfacf,"",5,2026-10-07T01:32:59.5695790+02:00
workflow-design,engineering_science,PASS,100,2,d843bcbd-3130-44a6-ad6a-9d890186cc78,"",5,2026-10-07T01:33:26.1439911+02:00
support-priority,engineering_science,PASS,100,4,d9d4c966-259a-44ef-8b2b-4d40d1ecc760,"",5,2026-10-07T01:33:52.6801616+02:00
support-dedicated,engineering_science,PASS,100,4,9a95a821-5d28-461d-929a-420cfb70d836,"",5,2026-10-07T01:34:19.3262755+02:00
landing,engineering_science,PASS,100,2,61f52e8d-7663-4151-bd0e-9e2b4c3acb56,"",5,2026-10-07T01:34:45.9524395+02:00
website-business,engineering_science,PASS,100,2,78efae47-41f6-4cbd-836f-dfeeb9f9dbee,"",5,2026-10-07T01:35:12.8067345+02:00
website-ecommerce,engineering_science,PASS,100,2,f931acda-7da2-4ee2-928d-def4fa8c3cdd,"",5,2026-10-07T01:35:39.4117005+02:00
white-label-setup,engineering_science,PASS,100,4,038f7a3a-91bf-44d3-ac90-d9bc4fce3abb,"",5,2026-10-07T01:36:06.3629508+02:00
sales-enablement,engineering_science,PASS,100,2,30bd792e-ca0e-4ebb-ba50-4005b7b6d3af,"",5,2026-10-07T01:36:32.8917531+02:00
vertical-package,engineering_science,PASS,100,4,71893894-cf5d-425a-a25f-43b4504ae3b8,"",5,2026-10-07T01:36:59.6199815+02:00
lead-gen-retainer,engineering_science,PASS,100,5,e80aa074-3389-4064-acef-92adba1f5683,"",9,2026-10-07T01:37:30.3494982+02:00
ai-support-retainer,engineering_science,PASS,100,6,f86d573c-ca52-4fe3-af72-2ef4777aa892,"",5,2026-10-07T01:37:56.9403420+02:00
custom-software,engineering_science,PASS,100,2,d78d634b-952a-4427-ab13-27de8b82afd3,"",5,2026-10-07T01:38:23.6170679+02:00
bundle-portal-presence,engineering_science,PASS,100,5,0f504cd0-ead1-4a77-b842-a14cf07b7e7b,"",5,2026-10-07T01:38:50.1490338+02:00
bundle-sales-launch,engineering_science,PASS,100,4,28cd11b2-5349-43f9-ae12-0c1b1ff4ef50,"",5,2026-10-07T01:39:16.7840697+02:00
bundle-ops-clarity,engineering_science,PASS,100,4,68914e39-1e68-4613-9072-a59ad388f77a,"",5,2026-10-07T01:39:43.3298101+02:00
setup-quick,finance_accounting,PASS,100,3,b704fdf4-7dec-473e-818d-1c258cd6bf61,"",5,2026-10-07T01:40:09.9906649+02:00
setup-full,finance_accounting,PASS,100,6,d6426f90-01d5-4887-a7bd-ca65283ce28b,"",5,2026-10-07T01:40:36.6374500+02:00
setup-custom,finance_accounting,PASS,100,4,40d2e550-f25c-4181-a726-8acdd9b24f18,"",5,2026-10-07T01:41:03.3308819+02:00
audit,finance_accounting,PASS,100,2,3b94abe4-ea28-44d4-bf5b-1f02aa8ad66a,"",5,2026-10-07T01:41:29.8503556+02:00
integration,finance_accounting,PASS,100,4,00520ed5-dfc6-4c89-90bb-5893dcdf1bd4,"",4,2026-10-07T01:41:56.3390183+02:00
workflow-design,finance_accounting,PASS,100,2,d6a8b3ee-c903-48c9-ba0d-e06dfd924de1,"",5,2026-10-07T01:42:22.9395119+02:00
support-priority,finance_accounting,PASS,100,4,a5a11b18-216b-4e53-8c7e-8a5c6d004f16,"",5,2026-10-07T01:42:49.4615274+02:00
support-dedicated,finance_accounting,PASS,100,4,b2263c5a-1ee0-4769-85c5-1cb8808527ba,"",5,2026-10-07T01:43:16.0655307+02:00
landing,finance_accounting,PASS,100,2,c4523a94-7019-4c02-a1dc-cba8ddfb72cc,"",5,2026-10-07T01:43:42.6687700+02:00
website-business,finance_accounting,PASS,100,2,ff766a6e-0c20-4cf9-a1eb-2154c9c7680c,"",5,2026-10-07T01:44:09.2293083+02:00
website-ecommerce,finance_accounting,PASS,100,2,c017d9ae-b4cb-4cf8-8667-d5101132450f,"",4,2026-10-07T01:44:35.7075825+02:00
white-label-setup,finance_accounting,PASS,100,4,a6d715bb-8050-4f08-9a56-0c771dc1c8d9,"",5,2026-10-07T01:45:02.2730471+02:00
sales-enablement,finance_accounting,PASS,100,2,00143d64-2ab6-440e-8073-030ff1d00273,"",5,2026-10-07T01:45:28.8998094+02:00
vertical-package,finance_accounting,PASS,100,4,e1fdb8e2-5bc3-4f71-87e1-a8a1cef1f929,"",9,2026-10-07T01:45:59.5831273+02:00
lead-gen-retainer,finance_accounting,PASS,100,5,4c42f59e-51dd-4b3b-be43-13294a37ff20,"",17,2026-10-07T01:46:38.4998995+02:00
ai-support-retainer,finance_accounting,PASS,100,6,e1b1bf5e-d685-40ab-8cbc-018071e8f219,"",5,2026-10-07T01:47:05.1113330+02:00
custom-software,finance_accounting,PASS,100,2,4b78be31-0ea9-4ecd-a9d7-c376933840ca,"",5,2026-10-07T01:47:31.6497899+02:00
bundle-portal-presence,finance_accounting,PASS,100,5,3ebfe686-c66d-48a4-9284-6926f69d7f1e,"",5,2026-10-07T01:47:58.4245707+02:00
bundle-sales-launch,finance_accounting,PASS,100,4,3cb6e6e0-e59d-4902-a034-37025083ea44,"",5,2026-10-07T01:48:24.9888727+02:00
bundle-ops-clarity,finance_accounting,PASS,100,4,6f0da183-261a-4509-af3f-d37f62072250,"",5,2026-10-07T01:48:51.5398603+02:00
setup-quick,hr_recruiting,PASS,100,3,ac0f504c-a26b-4909-8123-87462e20842c,"",5,2026-10-07T01:49:18.4338270+02:00
setup-full,hr_recruiting,PASS,100,6,fe6b6062-2c3f-48e1-8f7b-c6beb3a7c0db,"",5,2026-10-07T01:49:45.0347419+02:00
setup-custom,hr_recruiting,PASS,100,4,8975809c-21a8-4c78-8398-8710f234076f,"",5,2026-10-07T01:50:11.6503239+02:00
audit,hr_recruiting,PASS,100,2,a9247ed7-ed81-4d31-9330-b736f4dd5229,"",5,2026-10-07T01:50:38.4482904+02:00
integration,hr_recruiting,PASS,100,4,41bd9b10-1852-4f58-92fb-bbe4be851b1c,"",5,2026-10-07T01:51:05.6654921+02:00
workflow-design,hr_recruiting,PASS,100,2,13a875c1-5ed2-4bae-a864-96a9837828b4,"",5,2026-10-07T01:51:32.2984696+02:00
support-priority,hr_recruiting,PASS,100,4,335a5eae-ec9e-43fd-a7f0-534cc87057af,"",5,2026-10-07T01:51:58.8694406+02:00
support-dedicated,hr_recruiting,PASS,100,4,03dff2e7-45d6-41e1-9db7-3526d007a03d,"",5,2026-10-07T01:52:25.4680328+02:00
landing,hr_recruiting,PASS,100,2,ba94a82d-7291-4c7a-a784-f3cf0a4cb297,"",5,2026-10-07T01:52:52.1220044+02:00
website-business,hr_recruiting,PASS,100,2,9e8ffedc-879e-4c4f-bdb5-619117e922a0,"",5,2026-10-07T01:53:18.8820988+02:00
website-ecommerce,hr_recruiting,PASS,100,2,3429d8c4-dc22-499c-afb1-8357d9bacc8a,"",5,2026-10-07T01:53:45.5286362+02:00
white-label-setup,hr_recruiting,PASS,100,4,6a028964-67b0-4c5f-bce1-895e6b00a204,"",5,2026-10-07T01:54:12.1254271+02:00
sales-enablement,hr_recruiting,PASS,100,2,eeaf8905-a9e4-4de4-96b8-fda99841dd6d,"",5,2026-10-07T01:54:38.7337073+02:00
vertical-package,hr_recruiting,PASS,100,4,407c1bf0-147a-4da9-b222-d50210c6f034,"",5,2026-10-07T01:55:05.7203204+02:00
lead-gen-retainer,hr_recruiting,PASS,100,5,ebda301d-f8ed-4118-b1d7-ad02324941c9,"",9,2026-10-07T01:55:36.5055665+02:00
ai-support-retainer,hr_recruiting,PASS,100,6,dde685cd-bfdd-43fa-a58e-117c17027cd2,"",5,2026-10-07T01:56:03.2667215+02:00
custom-software,hr_recruiting,PASS,100,2,968e5115-6429-4121-8db9-f99d7d22aeeb,"",5,2026-10-07T01:56:29.9655379+02:00
bundle-portal-presence,hr_recruiting,PASS,100,5,6ad9f88f-0428-40df-adeb-9a6cda983d99,"",5,2026-10-07T01:56:56.5441912+02:00
bundle-sales-launch,hr_recruiting,PASS,100,4,4ae03101-78ae-4567-a5a1-33c4f8583403,"",5,2026-10-07T01:57:23.2496690+02:00
bundle-ops-clarity,hr_recruiting,PASS,100,4,61be0bb4-30cf-4add-b5c3-0035f17d82f0,"",5,2026-10-07T01:57:49.8356790+02:00
setup-quick,legal_services,PASS,100,3,034be156-dedd-4236-9df0-5a4f3be7d8f5,"",5,2026-10-07T01:58:16.4487286+02:00
setup-full,legal_services,PASS,100,6,020d154f-b461-425c-98b1-206dfc6f94f4,"",5,2026-10-07T01:58:43.2127119+02:00
setup-custom,legal_services,PASS,100,4,6189527f-583e-42f9-8a96-6dc130c73497,"",5,2026-10-07T01:59:09.7329321+02:00
audit,legal_services,PASS,100,2,a4896098-6b68-4f8f-a398-9303de327a80,"",4,2026-10-07T01:59:36.2394165+02:00
integration,legal_services,PASS,100,4,00fd54da-ee95-4f60-8f28-8e115ded90b4,"",5,2026-10-07T02:00:03.2021896+02:00
workflow-design,legal_services,PASS,100,2,644739c0-9814-41b7-884e-833e7078e823,"",5,2026-10-07T02:00:30.0541836+02:00
support-priority,legal_services,PASS,100,4,803ced90-0ca4-4327-8b9a-e70818f22f36,"",5,2026-10-07T02:00:56.7666386+02:00
support-dedicated,legal_services,PASS,100,4,3e2f3fa8-b30b-4ffe-978d-750027faef6a,"",5,2026-10-07T02:01:23.5174602+02:00
landing,legal_services,PASS,100,2,7072e351-beef-4cba-a32a-bee56e1b23d2,"",5,2026-10-07T02:01:50.1599034+02:00
website-business,legal_services,PASS,100,2,c5be7c02-abb6-4ea4-8b13-f81244c08e76,"",5,2026-10-07T02:02:16.8326474+02:00
website-ecommerce,legal_services,PASS,100,2,b871010e-a96d-4a1d-8175-a6dad082e2f1,"",5,2026-10-07T02:02:43.4707876+02:00
white-label-setup,legal_services,PASS,100,4,060e8e59-394e-4c75-b304-0c6778abf691,"",5,2026-10-07T02:03:10.8677336+02:00
sales-enablement,legal_services,PASS,100,2,2a6715d8-1cdb-4892-9891-38762593a0e6,"",5,2026-10-07T02:03:37.5883474+02:00
vertical-package,legal_services,PASS,100,4,f5096f1f-c492-48d2-9529-a90ecf1a3f74,"",5,2026-10-07T02:04:04.3302982+02:00
lead-gen-retainer,legal_services,PASS,100,5,3b931487-4b0b-40de-a8ce-2fe775e23c55,"",9,2026-10-07T02:04:35.0094624+02:00
ai-support-retainer,legal_services,PASS,100,6,d504e919-da63-4a9f-866e-3fd4797c3746,"",5,2026-10-07T02:05:01.6306802+02:00
custom-software,legal_services,PASS,100,2,83524395-7c13-4d93-947e-1ab57f9ccc8a,"",5,2026-10-07T02:05:28.4316305+02:00
bundle-portal-presence,legal_services,PASS,100,5,5d033e9d-5f0d-4f88-9e64-d2b17697ba87,"",5,2026-10-07T02:05:55.1443205+02:00
bundle-sales-launch,legal_services,PASS,100,4,7dd65f39-dcd1-4a72-b255-3d91f71eb669,"",5,2026-10-07T02:06:21.8139067+02:00
bundle-ops-clarity,legal_services,PASS,100,4,30332a89-9d2a-4d89-bdb3-4e0b8a4c1d58,"",5,2026-10-07T02:06:48.6777789+02:00
setup-quick,localization,PASS,100,3,571db75b-baf4-4095-a4e5-b2fbcb62c73d,"",5,2026-10-07T02:07:15.4987466+02:00
setup-full,localization,PASS,100,6,ecc3372e-1588-4968-ad43-afd33c769189,"",5,2026-10-07T02:07:42.1466148+02:00
setup-custom,localization,PASS,100,4,14763ad6-8eb2-4987-9bd1-e6d2a23b1e29,"",5,2026-10-07T02:08:09.0720912+02:00
audit,localization,PASS,100,2,6c6dad08-ae20-4e36-bb4c-dd97e07f67bc,"",5,2026-10-07T02:08:35.6413255+02:00
integration,localization,PASS,100,4,cf480d73-e618-40fa-815e-2f0ffb14ff8e,"",5,2026-10-07T02:09:02.5583076+02:00
workflow-design,localization,PASS,100,2,6163dbdd-17f3-4af1-a863-5effeffe2390,"",5,2026-10-07T02:09:29.2150269+02:00
support-priority,localization,PASS,100,4,4224d243-5032-49a5-9696-c132c7cedefd,"",5,2026-10-07T02:09:55.7589211+02:00
support-dedicated,localization,PASS,100,4,8e51c3ed-7609-4836-84a4-03f7b207c5b5,"",5,2026-10-07T02:10:22.4521389+02:00
landing,localization,PASS,100,2,6aee73ef-3990-49ec-aaed-0bf6f4d2de43,"",5,2026-10-07T02:10:49.0608396+02:00
website-business,localization,PASS,100,2,474bfdbd-c17b-45bf-9a39-b104976350c5,"",5,2026-10-07T02:11:15.6393374+02:00
website-ecommerce,localization,PASS,100,2,c5f48cf9-9e5f-45ce-82b3-06699da57a8d,"",5,2026-10-07T02:11:42.2003490+02:00
white-label-setup,localization,PASS,100,4,ec4a7288-09aa-44ce-afb4-c5876f813617,"",5,2026-10-07T02:12:08.9229716+02:00
sales-enablement,localization,PASS,100,2,29f8b226-875d-4a49-8504-9098019ff78f,"",5,2026-10-07T02:12:35.5044101+02:00
vertical-package,localization,PASS,100,4,bb389197-c50b-45cb-991f-00571c2f8061,"",5,2026-10-07T02:13:02.0692656+02:00
lead-gen-retainer,localization,PASS,100,5,983d857a-a70e-48f3-95a3-974b3587513c,"",9,2026-10-07T02:13:33.4186576+02:00
ai-support-retainer,localization,PASS,100,6,a83d72e0-452f-43b9-a8b2-df2044d1b9f5,"",5,2026-10-07T02:14:00.1452176+02:00
custom-software,localization,PASS,100,2,35ee8bb9-f6cb-4c2d-bea0-d17a15389397,"",4,2026-10-07T02:14:26.6354220+02:00
bundle-portal-presence,localization,PASS,100,5,5ae25e06-8de2-4e8f-8252-a2e3f0c58898,"",5,2026-10-07T02:14:53.2368687+02:00
bundle-sales-launch,localization,PASS,100,4,aa717242-13de-4a72-83b0-6c719ebf13e7,"",5,2026-10-07T02:15:19.7612346+02:00
bundle-ops-clarity,localization,PASS,100,4,952a1aa8-7550-4c87-98e3-8ce371448dc1,"",5,2026-10-07T02:15:46.3527509+02:00
setup-quick,marketing,PASS,100,3,eb69dfb2-245f-4cf9-8225-d55d703b4d6c,"",5,2026-10-07T02:16:12.8801315+02:00
setup-full,marketing,PASS,100,6,c8f4a0a8-ff44-4b4f-91e9-d9dd7ef87d78,"",5,2026-10-07T02:16:39.6098068+02:00
setup-custom,marketing,PASS,100,4,1473dc2c-94ac-433a-9978-388a88afd6eb,"",11,2026-10-07T02:17:12.2702297+02:00
audit,marketing,PASS,100,2,c2627d05-e506-4a85-86f8-71ddb69bf493,"",5,2026-10-07T02:17:38.8701867+02:00
integration,marketing,PASS,100,4,10946aa6-b29e-45d9-871c-174249112ff4,"",5,2026-10-07T02:18:05.9333647+02:00
workflow-design,marketing,PASS,100,2,5a7909fb-bb90-4d31-a48a-636313aaeaf9,"",5,2026-10-07T02:18:32.4835943+02:00
support-priority,marketing,PASS,100,4,f82a4c3d-b008-4f86-a66a-0e3d390bf7f8,"",5,2026-10-07T02:18:59.0680378+02:00
support-dedicated,marketing,PASS,100,4,f10ed848-c9cd-4409-94da-927a9ad03040,"",4,2026-10-07T02:19:25.5671457+02:00
landing,marketing,PASS,100,2,708f497f-8021-4e03-a1df-bd49ebec6895,"",5,2026-10-07T02:19:52.0934332+02:00
website-business,marketing,PASS,100,2,a75bb79b-34b0-42c8-9bfc-909c514ec4be,"",5,2026-10-07T02:20:18.7321725+02:00
website-ecommerce,marketing,PASS,100,2,63274824-6453-42f8-a8eb-e63818161ab3,"",5,2026-10-07T02:20:45.4348936+02:00
white-label-setup,marketing,PASS,100,4,bc44b8e9-854d-495c-af7b-a66b93854982,"",5,2026-10-07T02:21:12.0509259+02:00
sales-enablement,marketing,PASS,100,2,92aa8289-7b27-4cb5-acde-936cc81fbf51,"",5,2026-10-07T02:21:38.7164025+02:00
vertical-package,marketing,PASS,100,4,6197c4a0-5dc0-4d47-95fa-e1694b74a4fb,"",5,2026-10-07T02:22:05.5283694+02:00
lead-gen-retainer,marketing,PASS,100,5,162d4ef2-74e7-4f4a-bd34-9eaff63fa2aa,"",9,2026-10-07T02:22:36.1941826+02:00
ai-support-retainer,marketing,PASS,100,6,5fd38f0b-f688-45d3-aabd-498ddd5361b3,"",5,2026-10-07T02:23:03.2553992+02:00
custom-software,marketing,PASS,100,2,f96ac0d8-2e4d-4443-9c37-ecb5114e2209,"",5,2026-10-07T02:23:30.0514837+02:00
bundle-portal-presence,marketing,PASS,100,5,dd72bd89-71a1-41df-8956-a867ec65067a,"",5,2026-10-07T02:23:56.6972945+02:00
bundle-sales-launch,marketing,PASS,100,4,b2c4cdaf-53ae-4173-988e-c7d82f4a266e,"",4,2026-10-07T02:24:23.1898163+02:00
bundle-ops-clarity,marketing,PASS,100,4,644fa05d-83f1-4f52-8d49-2c90278736d5,"",5,2026-10-07T02:24:49.7869826+02:00
setup-quick,photography,PASS,100,3,88ad19a6-53cb-4952-a78c-b9ce5b260dbb,"",5,2026-10-07T02:25:16.4961767+02:00
setup-full,photography,PASS,100,6,dca1e529-83c9-4c9d-91b9-5e9e517d0519,"",5,2026-10-07T02:25:43.1408946+02:00
setup-custom,photography,PASS,100,4,e5fc28f2-ada5-43dc-ae1a-8f86c1586dab,"",5,2026-10-07T02:26:10.1914208+02:00
audit,photography,PASS,100,2,ff406655-71e9-4476-9d19-e0a7a4588fd7,"",5,2026-10-07T02:26:36.8040672+02:00
integration,photography,PASS,100,4,d098ba63-1bff-4699-adb6-17362016e1ab,"",5,2026-10-07T02:27:03.7249891+02:00
workflow-design,photography,PASS,100,2,611c0833-7731-46f3-a47b-3032c3c031fb,"",5,2026-10-07T02:27:30.3130653+02:00
support-priority,photography,PASS,100,4,2c6f4c94-0630-4c78-ad31-08519ac468bb,"",5,2026-10-07T02:27:56.8626642+02:00
support-dedicated,photography,PASS,100,4,431779b7-723c-46df-bd0a-81de3be1c5bf,"",5,2026-10-07T02:28:23.5013484+02:00
landing,photography,PASS,100,2,971ada19-4c91-46cb-af0f-d65d7a291cc9,"",5,2026-10-07T02:28:50.4714848+02:00
website-business,photography,PASS,100,2,76fec434-c1dd-4c29-b42d-94bd66cfecac,"",5,2026-10-07T02:29:17.2827308+02:00
website-ecommerce,photography,PASS,100,2,66908294-01e2-4b5f-a1a0-9e83b5755185,"",5,2026-10-07T02:29:43.8468913+02:00
white-label-setup,photography,PASS,100,4,83f5cdde-09f0-4b1a-bc54-29afd91ca5bf,"",5,2026-10-07T02:30:10.4131559+02:00
sales-enablement,photography,PASS,100,2,9eb2e081-5069-45f0-89c9-17e79b5011fe,"",5,2026-10-07T02:30:37.0522232+02:00
vertical-package,photography,PASS,100,4,bd0b897e-b3c3-48b6-b225-c163cda9b940,"",5,2026-10-07T02:31:03.8083822+02:00
lead-gen-retainer,photography,PASS,100,5,35f3dee4-2e36-4c18-9cf2-4ab7e8594df2,"",9,2026-10-07T02:31:34.4765392+02:00
ai-support-retainer,photography,PASS,100,6,4f8f6c9f-f2d2-4805-9e76-f7aa95db852e,"",5,2026-10-07T02:32:01.0568910+02:00
custom-software,photography,PASS,100,2,ea91b181-0134-4dcf-8c2c-20dbf04e38e2,"",5,2026-10-07T02:32:27.7689798+02:00
bundle-portal-presence,photography,PASS,100,5,23f93460-3dbc-44ec-97e9-906436bb0fe5,"",5,2026-10-07T02:32:54.4509595+02:00
bundle-sales-launch,photography,PASS,100,4,3e2c95e1-ccfe-42c5-8c7d-cd8473816a8b,"",5,2026-10-07T02:33:21.5485179+02:00
bundle-ops-clarity,photography,PASS,100,4,1f3aad16-f1fa-4ce8-85d3-f898b463be62,"",5,2026-10-07T02:33:48.1480555+02:00
setup-quick,product_project_management,PASS,100,3,294c7d20-eb9a-4f36-9696-3e4820e7070f,"",5,2026-10-07T02:34:14.7138100+02:00
setup-full,product_project_management,PASS,100,6,a5c7d838-2ce3-4d56-a3fc-a17f5212bff7,"",5,2026-10-07T02:34:41.5268280+02:00
setup-custom,product_project_management,PASS,100,4,b44e2fcc-f068-4912-af36-f278afc6da16,"",5,2026-10-07T02:35:08.1802965+02:00
audit,product_project_management,PASS,100,2,bd473ed7-73d9-47f5-a586-1c4e5d71701c,"",5,2026-10-07T02:35:34.7266057+02:00
integration,product_project_management,PASS,100,4,99162310-40f2-453c-be9b-5c72291d15df,"",5,2026-10-07T02:36:01.3164074+02:00
workflow-design,product_project_management,PASS,100,2,2135ac63-440a-46d9-9a45-a3ad0d7bca12,"",5,2026-10-07T02:36:28.2197690+02:00
support-priority,product_project_management,PASS,100,4,5886dee5-255c-43be-9988-7ceb5283a519,"",5,2026-10-07T02:36:54.8923188+02:00
support-dedicated,product_project_management,PASS,100,4,7be4aa2e-e4fe-4117-a01a-76b523c4d23e,"",5,2026-10-07T02:37:21.5317116+02:00
landing,product_project_management,PASS,100,2,a944088e-3b17-4bf9-8087-2532550e7886,"",5,2026-10-07T02:37:48.3925878+02:00
website-business,product_project_management,PASS,100,2,f61e75de-5306-4626-9681-e01baba82f27,"",5,2026-10-07T02:38:15.0845121+02:00
website-ecommerce,product_project_management,PASS,100,2,35a8afc9-4bda-4f7a-b3ca-90e35b6c025f,"",5,2026-10-07T02:38:41.6402213+02:00
white-label-setup,product_project_management,PASS,100,4,af71afcf-d954-4e08-9937-6d2378c31702,"",5,2026-10-07T02:39:08.5728423+02:00
sales-enablement,product_project_management,PASS,100,2,a74af5e5-f457-484f-994e-fb1e13467319,"",5,2026-10-07T02:39:35.1512444+02:00
vertical-package,product_project_management,PASS,100,4,f0008611-a028-441b-9a54-84e77d09fc0d,"",5,2026-10-07T02:40:01.9594337+02:00
lead-gen-retainer,product_project_management,PASS,100,5,4b89c0a2-643d-41a0-b136-96f0cf8a5a05,"",9,2026-10-07T02:40:32.6123123+02:00
ai-support-retainer,product_project_management,PASS,100,6,9c4658ea-8c28-4430-8eb0-869d3288d927,"",5,2026-10-07T02:40:59.3045413+02:00
custom-software,product_project_management,PASS,100,2,ea2a8ae2-b32a-4e26-b305-4c750f8760bf,"",5,2026-10-07T02:41:25.9766903+02:00
bundle-portal-presence,product_project_management,PASS,100,5,cd9d9b1e-6ab0-4a0f-8441-b9eff127419b,"",5,2026-10-07T02:41:52.5369396+02:00
bundle-sales-launch,product_project_management,PASS,100,4,8cc123a9-19c7-4613-b090-d0068c201baf,"",5,2026-10-07T02:42:19.0987395+02:00
bundle-ops-clarity,product_project_management,PASS,100,4,6bf77637-a443-452d-a14f-b518959babb8,"",5,2026-10-07T02:42:45.9128286+02:00
setup-quick,real_estate_services,PASS,100,3,4b492233-372c-4ec3-96f5-5dc4c2e27c86,"",5,2026-10-07T02:43:12.4815115+02:00
setup-full,real_estate_services,PASS,100,6,4c761872-092e-445f-83de-28788a0672d3,"",5,2026-10-07T02:43:39.0503428+02:00
setup-custom,real_estate_services,PASS,100,4,9c527697-bc67-43e2-94c2-7d3e07c8fa58,"",5,2026-10-07T02:44:05.6859978+02:00
audit,real_estate_services,PASS,100,2,ad1ed749-071b-4beb-9478-2bce76fd01f5,"",5,2026-10-07T02:44:32.2626522+02:00
integration,real_estate_services,PASS,100,4,a5816b3f-fb10-496f-9c32-57cf8d3031a8,"",5,2026-10-07T02:44:58.7862476+02:00
workflow-design,real_estate_services,PASS,100,2,a11bc909-c184-451b-880b-953f987f903f,"",5,2026-10-07T02:45:25.3095977+02:00
support-priority,real_estate_services,PASS,100,4,a75a57d3-3cf7-4a10-8025-eeb891c9f9d2,"",5,2026-10-07T02:45:51.8889778+02:00
support-dedicated,real_estate_services,PASS,100,4,17ab3df6-6c32-47bb-9f47-d21e8553c5d6,"",5,2026-10-07T02:46:19.1271442+02:00
landing,real_estate_services,PASS,100,2,dc1ef480-c799-4e94-9570-95d514554f44,"",5,2026-10-07T02:46:45.6992968+02:00
website-business,real_estate_services,PASS,100,2,53a823e6-b30c-46f9-b4c8-00abbefd8706,"",5,2026-10-07T02:47:12.8984127+02:00
website-ecommerce,real_estate_services,PASS,100,2,622b3644-f374-4f26-a14d-be7861f08986,"",5,2026-10-07T02:47:39.5474072+02:00
white-label-setup,real_estate_services,PASS,100,4,5a112f9a-827e-4a0d-9832-d6bb62c02886,"",5,2026-10-07T02:48:06.2497278+02:00
sales-enablement,real_estate_services,PASS,100,2,270a7a1a-eb18-43c5-b497-3d3b67fb8bd9,"",5,2026-10-07T02:48:32.7790157+02:00
vertical-package,real_estate_services,PASS,100,4,5db8ec89-c5d8-457c-b1cf-24e084410f2e,"",5,2026-10-07T02:48:59.7238702+02:00
lead-gen-retainer,real_estate_services,PASS,100,5,02396dca-5c91-4980-bee7-86320bc5b21d,"",9,2026-10-07T02:49:30.3424859+02:00
ai-support-retainer,real_estate_services,PASS,100,6,d211e243-9d76-43c0-a34d-d53f83c32659,"",5,2026-10-07T02:49:56.9310686+02:00
custom-software,real_estate_services,PASS,100,2,6c01dcc2-de64-4517-8bdc-496acf291892,"",5,2026-10-07T02:50:23.6568594+02:00
bundle-portal-presence,real_estate_services,PASS,100,5,1521a94d-ed2a-4d30-9aea-01d0be1f1835,"",5,2026-10-07T02:50:50.8406160+02:00
bundle-sales-launch,real_estate_services,PASS,100,4,3438f738-9204-4804-b660-4e361d7fdc17,"",5,2026-10-07T02:51:17.5983542+02:00
bundle-ops-clarity,real_estate_services,PASS,100,4,2ed34852-6e75-4dbe-8e60-a9c0e471382d,"",5,2026-10-07T02:51:44.5427770+02:00
setup-quick,sales,PASS,100,3,04fd987d-63cb-437e-b3d5-0b0b9e7495ee,"",5,2026-10-07T02:52:11.1464425+02:00
setup-full,sales,PASS,100,6,b17b4ff5-7302-4d5b-8721-eaa2a7af64cf,"",5,2026-10-07T02:52:37.8471888+02:00
setup-custom,sales,PASS,100,4,90926255-0488-44fc-a304-3b7d58770f4f,"",5,2026-10-07T02:53:04.9324077+02:00
audit,sales,PASS,100,2,43883a66-3de9-4521-8dbe-582dce403174,"",5,2026-10-07T02:53:31.4632193+02:00
integration,sales,PASS,100,4,076fd7f3-ea75-41da-a50e-c86692ede729,"",5,2026-10-07T02:53:58.0893939+02:00
workflow-design,sales,PASS,100,2,711a4c49-c22b-4db3-89d4-8bc9a96c999f,"",5,2026-10-07T02:54:24.6970408+02:00
support-priority,sales,PASS,100,4,f53f0895-f3e5-48c6-89a7-40ea7d1ac25f,"",5,2026-10-07T02:54:51.6615909+02:00
support-dedicated,sales,PASS,100,4,0e1c02a0-c33a-4258-a0d2-208c3fbe492b,"",5,2026-10-07T02:55:18.3886982+02:00
landing,sales,PASS,100,2,9f47089f-214e-4e2c-800b-f433bd93aa00,"",5,2026-10-07T02:55:44.9556910+02:00
website-business,sales,PASS,100,2,16a03071-5dba-49c5-99ec-73b15feab896,"",5,2026-10-07T02:56:11.5254349+02:00
website-ecommerce,sales,PASS,100,2,9fbbe5ed-5596-4aaf-9355-161b64dc3525,"",5,2026-10-07T02:56:38.1942932+02:00
white-label-setup,sales,PASS,100,4,95e008a9-ac17-4363-984d-bc10aa2d7b34,"",5,2026-10-07T02:57:04.9013001+02:00
sales-enablement,sales,PASS,100,2,7a7ed163-6795-4e90-a02a-968ea145e6b0,"",5,2026-10-07T02:57:31.4591703+02:00
vertical-package,sales,PASS,100,4,b5e89506-8e6a-4839-9289-d481822b963d,"",5,2026-10-07T02:57:58.0733135+02:00
lead-gen-retainer,sales,PASS,100,5,25ab438e-9634-4757-bbba-bb532f5f9a79,"",9,2026-10-07T02:58:28.7397879+02:00
ai-support-retainer,sales,PASS,100,6,81cec3a2-e55e-406c-b0d2-cb652f04c8d3,"",5,2026-10-07T02:58:55.2982457+02:00
custom-software,sales,PASS,100,2,4772abce-cf2f-42c9-9da7-96f89fcb9d60,"",5,2026-10-07T02:59:21.8346443+02:00
bundle-portal-presence,sales,PASS,100,5,dd516ef3-2616-4158-88a1-b7e68bd0e35a,"",5,2026-10-07T02:59:48.3617016+02:00
bundle-sales-launch,sales,PASS,100,4,8b81a842-8e2a-4108-9584-e3a222abef18,"",5,2026-10-07T03:00:15.0689575+02:00
bundle-ops-clarity,sales,PASS,100,4,a0d0d0a2-ac95-40be-989f-bf8b9bb8bac5,"",5,2026-10-07T03:00:41.7760007+02:00
setup-quick,video_animation,PASS,100,3,65aec872-52c9-4eb3-b7e0-85cfa9784488,"",5,2026-10-07T03:01:08.5274933+02:00
setup-full,video_animation,PASS,100,6,39df62fe-3f55-4bad-a537-f8bbf0e7ffda,"",5,2026-10-07T03:01:35.3243153+02:00
setup-custom,video_animation,PASS,100,4,2de157d2-1b0c-4ee7-a6f5-122e4cec1d06,"",5,2026-10-07T03:02:01.9334576+02:00
audit,video_animation,PASS,100,2,773070f0-7f75-4ba1-847e-25d032b94d34,"",5,2026-10-07T03:02:28.6085192+02:00
integration,video_animation,PASS,100,4,330036ef-f494-4772-8b05-74ce1afba10d,"",5,2026-10-07T03:02:55.2598355+02:00
workflow-design,video_animation,PASS,100,2,3de90fa2-9b61-466a-9d15-41b262e0bcd2,"",5,2026-10-07T03:03:21.8076979+02:00
support-priority,video_animation,PASS,100,4,8abe2a83-d1fa-44b3-be4f-c3935b3882a5,"",5,2026-10-07T03:03:48.4464944+02:00
support-dedicated,video_animation,PASS,100,4,2dbcfa3e-143a-4cac-a33b-7a185e994f21,"",5,2026-10-07T03:04:15.1472029+02:00
landing,video_animation,PASS,100,2,d3e1fb00-66a4-405e-bdc1-a1ba1e76f066,"",5,2026-10-07T03:04:41.7226851+02:00
website-business,video_animation,PASS,100,2,ee1ab2be-666b-4675-b7b2-e35198e60f7b,"",5,2026-10-07T03:05:08.4618760+02:00
website-ecommerce,video_animation,PASS,100,2,ebc4e2f8-eeaf-4ba0-bb5f-be1340275303,"",5,2026-10-07T03:05:35.0351080+02:00
white-label-setup,video_animation,PASS,100,4,c20a01fb-b806-4bcc-9a7c-f80e2f121bc3,"",5,2026-10-07T03:06:02.2967556+02:00
sales-enablement,video_animation,PASS,100,2,f1b2df80-f2fb-44b2-90e2-8ff9b045954c,"",5,2026-10-07T03:06:28.8601082+02:00
vertical-package,video_animation,PASS,100,4,b9a7c938-ba5d-46c1-9c12-08a050dd8c57,"",5,2026-10-07T03:06:55.4865904+02:00
lead-gen-retainer,video_animation,PASS,100,5,b0f63471-b0b0-4e01-ba85-14a1a1652800,"",9,2026-10-07T03:07:26.8555415+02:00
ai-support-retainer,video_animation,PASS,100,6,a4c2aa79-26d3-4f77-a094-bf820f5d98bf,"",5,2026-10-07T03:07:53.4920448+02:00
custom-software,video_animation,PASS,100,2,04ebee9a-8522-4d6c-8225-40ab4caec149,"",5,2026-10-07T03:08:20.2252876+02:00
bundle-portal-presence,video_animation,PASS,100,5,04677e3d-50a5-41cf-8c43-8705db1b4c3f,"",5,2026-10-07T03:08:46.9298269+02:00
bundle-sales-launch,video_animation,PASS,100,4,f1b82027-c652-4c56-a217-885b0a20de1a,"",5,2026-10-07T03:09:13.5802629+02:00
bundle-ops-clarity,video_animation,PASS,100,4,4f8e972a-f993-4f0e-ab5c-3c9138cd90e0,"",5,2026-10-07T03:09:40.1258619+02:00
setup-quick,web3,PASS,100,3,15d64d41-bfdf-4d82-8a8e-9e86d1d5b174,"",6,2026-10-07T03:10:07.7519061+02:00
setup-full,web3,PASS,100,6,6a09369f-4e86-4677-9816-17dca5893c4e,"",5,2026-10-07T03:10:34.2798144+02:00
setup-custom,web3,PASS,100,4,d1d8c894-6a36-407e-a8ea-1baf0a424f29,"",5,2026-10-07T03:11:00.9456034+02:00
audit,web3,PASS,100,2,0982c3cf-5e2e-4261-9fef-5849e4063e1d,"",5,2026-10-07T03:11:27.4976081+02:00
integration,web3,PASS,100,4,13aa8fbd-1e39-43a4-831f-16a226b46c89,"",5,2026-10-07T03:11:54.0460608+02:00
workflow-design,web3,PASS,100,2,da936f91-caf9-4c96-9f28-f70f76374517,"",5,2026-10-07T03:12:20.9390940+02:00
support-priority,web3,PASS,100,4,e05e7a4d-dee8-4766-999e-c06f5aa54c9d,"",5,2026-10-07T03:12:47.4882236+02:00
support-dedicated,web3,PASS,100,4,90aee4ed-c616-4998-9675-5f7054a18d75,"",5,2026-10-07T03:13:14.0966447+02:00
landing,web3,PASS,100,2,8340a87d-d60f-4c09-8012-785d77425fb8,"",5,2026-10-07T03:13:40.6873105+02:00
website-business,web3,PASS,100,2,47fa1ba7-e290-4113-8d14-f439bff9a796,"",5,2026-10-07T03:14:07.2412273+02:00
website-ecommerce,web3,PASS,100,2,49eabf16-7b05-4367-9d26-cf605346b258,"",5,2026-10-07T03:14:33.7786768+02:00
white-label-setup,web3,PASS,100,4,c9b735c9-3b89-47de-b41b-bd8a48ed4731,"",5,2026-10-07T03:15:00.4829538+02:00
sales-enablement,web3,PASS,100,2,ca21437a-eecc-4bec-b1bb-817b4292c302,"",5,2026-10-07T03:15:27.1166408+02:00
vertical-package,web3,PASS,100,4,6504f19b-0c14-4ee4-8e31-4988ce73e931,"",5,2026-10-07T03:15:53.7359745+02:00
lead-gen-retainer,web3,PASS,100,5,51242b22-17f8-4d96-8ee8-ba20a0a147b3,"",9,2026-10-07T03:16:24.6917789+02:00
ai-support-retainer,web3,PASS,100,6,f8d30c57-a4ee-472a-8904-c82f1f9a817a,"",5,2026-10-07T03:16:51.3732646+02:00
custom-software,web3,PASS,100,2,7e5b6783-f78f-4397-828a-c674eb469a83,"",5,2026-10-07T03:17:18.3175887+02:00
bundle-portal-presence,web3,PASS,100,5,8c571326-1564-4614-a9f5-d7f5bbfd0e5d,"",5,2026-10-07T03:17:44.9788447+02:00
bundle-sales-launch,web3,PASS,100,4,8e0a48b7-fff0-44be-9b80-4f5595897167,"",5,2026-10-07T03:18:11.5238665+02:00
bundle-ops-clarity,web3,PASS,100,4,acd7602e-af3c-4fe3-ad22-aecf9c6c09fc,"",5,2026-10-07T03:18:38.3176733+02:00
setup-quick,writing_translation,PASS,100,3,32ef0596-d327-4b70-94dc-9decd0b5efaa,"",6,2026-10-07T03:19:05.8486074+02:00
setup-full,writing_translation,PASS,100,6,ed07b441-cee3-44ff-9360-824387db4d27,"",5,2026-10-07T03:19:32.4326376+02:00
setup-custom,writing_translation,PASS,100,4,e5c5f543-b05f-47e6-9833-6bb3d6812d50,"",5,2026-10-07T03:19:59.4078918+02:00
audit,writing_translation,PASS,100,2,a8a6ab8e-b295-4817-af4c-190d8f96d84b,"",5,2026-10-07T03:20:26.1999634+02:00
integration,writing_translation,PASS,100,4,a8675a79-8bf2-4a51-b87e-d0c823c462b3,"",5,2026-10-07T03:20:52.9157552+02:00
workflow-design,writing_translation,PASS,100,2,8f7369b6-8e1b-42d9-802e-ba57c82b1cd0,"",5,2026-10-07T03:21:19.8065821+02:00
support-priority,writing_translation,PASS,100,4,569af170-3f9c-4108-817d-c13dac0eaef7,"",5,2026-10-07T03:21:46.4348564+02:00
support-dedicated,writing_translation,PASS,100,4,558a306d-e42a-4e5a-a018-396c4f2a5382,"",5,2026-10-07T03:22:13.1248557+02:00
landing,writing_translation,PASS,100,2,561108ce-21f3-4916-91f1-bc49fba9f24c,"",5,2026-10-07T03:22:39.7291750+02:00
website-business,writing_translation,PASS,100,2,c790e5e7-ba4f-43ce-b772-de0e1de13129,"",5,2026-10-07T03:23:06.7050879+02:00
website-ecommerce,writing_translation,PASS,100,2,be41aba2-d415-4eb8-86c3-591f0b15f1fd,"",5,2026-10-07T03:23:33.2813325+02:00
white-label-setup,writing_translation,PASS,100,4,ba403478-616a-4f87-8581-46f037ea82a7,"",5,2026-10-07T03:24:00.1145352+02:00
sales-enablement,writing_translation,PASS,100,2,498aa342-e997-4325-babd-24a47b181d0b,"",5,2026-10-07T03:24:26.6456050+02:00
vertical-package,writing_translation,PASS,100,4,de4d413c-31df-478b-bb31-33bbab0b24af,"",5,2026-10-07T03:24:53.3442235+02:00
lead-gen-retainer,writing_translation,PASS,100,5,395c06fc-b0c8-4586-ad83-fc0e1c9bcad4,"",9,2026-10-07T03:25:24.0536731+02:00
ai-support-retainer,writing_translation,PASS,100,6,d4406bf5-c299-492e-9e6e-aa9d5e88071d,"",5,2026-10-07T03:25:50.7004692+02:00
custom-software,writing_translation,PASS,100,2,0218fe97-807b-4f62-822c-4b8562211f61,"",5,2026-10-07T03:26:17.2234746+02:00
bundle-portal-presence,writing_translation,PASS,100,5,753a7b14-5328-4cb5-9e7e-92c0970e5d7b,"",5,2026-10-07T03:26:44.1142312+02:00
bundle-sales-launch,writing_translation,PASS,100,4,e4f39228-5501-4382-993e-e0d5979bbdc4,"",5,2026-10-07T03:27:10.7050363+02:00
bundle-ops-clarity,writing_translation,PASS,100,4,9dc04ab3-95b7-496a-83b6-19959fad13e5,"",5,2026-10-07T03:27:37.2979405+02:00
setup-quick,healthcare,PASS,100,3,7598ae0a-885b-45f0-a930-dabf95bf67f3,"",5,2026-10-07T03:28:04.6318437+02:00
setup-full,healthcare,PASS,100,6,f902ed4c-bc23-402c-ad7c-b59f630b7048,"",5,2026-10-07T03:28:31.2898808+02:00
setup-custom,healthcare,PASS,100,4,3a0c1059-2003-4785-8f0f-a4321adeca2b,"",5,2026-10-07T03:28:57.8277813+02:00
audit,healthcare,PASS,100,2,14d276b1-5082-444d-87d2-b9a4e6c8ff3d,"",5,2026-10-07T03:29:24.3913981+02:00
integration,healthcare,PASS,100,4,2a00a088-e298-49bd-951a-f6fb5bfa7997,"",5,2026-10-07T03:29:50.9874326+02:00
workflow-design,healthcare,PASS,100,2,0fa8a45c-2658-444b-8ad1-bc424f43c45b,"",5,2026-10-07T03:30:17.6805351+02:00
support-priority,healthcare,PASS,100,4,a4db983b-6035-4318-b6f1-fc512d7e2136,"",5,2026-10-07T03:30:44.4671358+02:00
support-dedicated,healthcare,PASS,100,4,0007194b-6e28-466c-88c2-0169e4d70edc,"",5,2026-10-07T03:31:11.0692474+02:00
landing,healthcare,PASS,100,2,d0ea30a4-f7b5-4479-919e-54a107a72778,"",5,2026-10-07T03:31:37.7281786+02:00
website-business,healthcare,PASS,100,2,921a790f-10ac-4fa5-a047-f13e78c6cfc6,"",5,2026-10-07T03:32:04.4057539+02:00
website-ecommerce,healthcare,PASS,100,2,220e6190-7920-4982-9a8f-27a0c43ededf,"",5,2026-10-07T03:32:31.0201535+02:00
white-label-setup,healthcare,PASS,100,4,5d73d6c2-019c-4f99-8d1a-27356c7c2117,"",5,2026-10-07T03:32:57.6049431+02:00
sales-enablement,healthcare,PASS,100,2,a3a8bb95-c864-4d3b-b8b7-96bc25e5a6c5,"",5,2026-10-07T03:33:24.1990252+02:00
vertical-package,healthcare,PASS,100,4,326c6f1b-e500-4f09-9cb1-e826f3be5f6b,"",5,2026-10-07T03:33:51.2666407+02:00
lead-gen-retainer,healthcare,PASS,100,5,1fb9df80-38c4-46e1-acd9-5be364f93d71,"",9,2026-10-07T03:34:21.9518298+02:00
ai-support-retainer,healthcare,PASS,100,6,f5485617-7105-4e93-b40a-ff0d0ff02cd6,"",5,2026-10-07T03:34:48.6439304+02:00
custom-software,healthcare,PASS,100,2,973369f1-76f0-4516-9ea7-239d1974130e,"",5,2026-10-07T03:35:15.2643388+02:00
bundle-portal-presence,healthcare,PASS,100,5,a76b1c6c-b561-4e00-b19a-cb804b0840f0,"",5,2026-10-07T03:35:41.8085679+02:00
bundle-sales-launch,healthcare,PASS,100,4,e2685594-1a75-46da-9cd1-c6dcaa74d448,"",5,2026-10-07T03:36:08.7439563+02:00
bundle-ops-clarity,healthcare,PASS,100,4,c649d6ac-ce53-4d88-b88e-84c8b76ffbc0,"",5,2026-10-07T03:36:35.8245472+02:00
setup-quick,legal,PASS,100,3,6bc6c000-cb71-44ee-91a7-9176fa024c20,"",5,2026-10-07T03:37:02.5745128+02:00
setup-full,legal,PASS,100,6,3a292f41-7f34-4085-bbdc-b0f7659ebb29,"",5,2026-10-07T03:37:29.2308345+02:00
setup-custom,legal,PASS,100,4,d3d68867-53e4-4f4c-bced-4f42b8765809,"",5,2026-10-07T03:37:55.8456805+02:00
audit,legal,PASS,100,2,bb94c3dd-eebf-419b-8704-a8f05f7b2e08,"",5,2026-10-07T03:38:22.4079588+02:00
integration,legal,PASS,100,4,7345d954-0608-4b45-a2aa-1fb0ea794d49,"",5,2026-10-07T03:38:48.9327878+02:00
workflow-design,legal,PASS,100,2,0e769533-c192-4e1b-9d94-244d68ea39ec,"",4,2026-10-07T03:39:15.4394738+02:00
support-priority,legal,PASS,100,4,dbdc9ba6-689d-4943-b2ad-c2d9be9e2cc0,"",5,2026-10-07T03:39:42.0221974+02:00
support-dedicated,legal,PASS,100,4,46f5b356-3744-4f8e-a680-ca0c260ed374,"",5,2026-10-07T03:40:09.0344272+02:00
landing,legal,PASS,100,2,a01d6c86-917c-41a8-9615-b7a21a6ea8be,"",5,2026-10-07T03:40:35.6271770+02:00
website-business,legal,PASS,100,2,db18390f-0125-4cb5-9e5a-a479527b25ce,"",5,2026-10-07T03:41:02.1754059+02:00
website-ecommerce,legal,PASS,100,2,839a108e-2258-46d6-b7af-ff90e76fe970,"",5,2026-10-07T03:41:28.7704968+02:00
white-label-setup,legal,PASS,100,4,c59de948-a6d0-42e9-8552-c1a1c2f4e5d3,"",5,2026-10-07T03:41:55.3468436+02:00
sales-enablement,legal,PASS,100,2,863805e6-f85d-4fa2-a5a6-d68920f82cb3,"",4,2026-10-07T03:42:21.8559716+02:00
vertical-package,legal,PASS,100,4,80ef2253-c360-4aeb-9656-59298afaa8db,"",5,2026-10-07T03:42:48.4666263+02:00
lead-gen-retainer,legal,PASS,100,5,1af00741-faa4-4d87-9923-4b3e1030ba0b,"",13,2026-10-07T03:43:23.5161627+02:00
ai-support-retainer,legal,PASS,100,6,0c6b906e-e665-4d13-a794-708f8197cb4e,"",5,2026-10-07T03:43:50.0771741+02:00
custom-software,legal,PASS,100,2,f3fb2211-68ce-4913-b86b-6c0929469e26,"",5,2026-10-07T03:44:16.7642748+02:00
bundle-portal-presence,legal,PASS,100,5,f975abf3-f10d-4a96-9ad2-4ce358a12ac2,"",5,2026-10-07T03:44:43.3181150+02:00
bundle-sales-launch,legal,PASS,100,4,ccf53a7c-9cd4-41fd-86a7-d0816e8098f0,"",5,2026-10-07T03:45:10.1395053+02:00
bundle-ops-clarity,legal,PASS,100,4,8e56f727-1108-433b-bce9-a49b5636278b,"",5,2026-10-07T03:45:36.7650869+02:00
setup-quick,retail,PASS,100,3,f28856a3-887f-4e00-a500-e4a2cc4a80c3,"",5,2026-10-07T03:46:03.6701555+02:00
setup-full,retail,PASS,100,6,94b96c19-91c2-43dc-920d-b8aad1bec170,"",5,2026-10-07T03:46:30.3794347+02:00
setup-custom,retail,PASS,100,4,1f8ac87c-e663-4ee5-bca1-c506be478fcc,"",5,2026-10-07T03:46:56.9286820+02:00
audit,retail,PASS,100,2,8b12b742-50a6-4578-81aa-fe63c9818786,"",5,2026-10-07T03:47:23.4418968+02:00
integration,retail,PASS,100,4,d5f099b9-d072-4023-89da-1d65e31fc6c4,"",4,2026-10-07T03:47:49.9299549+02:00
workflow-design,retail,PASS,100,2,106112f4-26f5-41b9-8ca1-e5dd1eb451e6,"",5,2026-10-07T03:48:16.6596579+02:00
support-priority,retail,PASS,100,4,6c69e1f8-1e0c-40c0-ba31-c40e58fa7775,"",4,2026-10-07T03:48:43.1542821+02:00
support-dedicated,retail,PASS,100,4,b3230f24-b469-4d5d-8b34-f64895e478b4,"",5,2026-10-07T03:49:09.7222034+02:00
landing,retail,PASS,100,2,75b9a0b0-1a5a-494c-a28f-bae22d37fd29,"",5,2026-10-07T03:49:36.7691697+02:00
website-business,retail,PASS,100,2,e043498a-e571-44c6-86b3-6e067bcc78b4,"",5,2026-10-07T03:50:04.1861876+02:00
website-ecommerce,retail,PASS,100,2,e96a18ce-9131-4a0c-8b9f-baa0dddde002,"",5,2026-10-07T03:50:30.9758578+02:00
white-label-setup,retail,PASS,100,4,e697a396-4f56-4722-8efa-4112101f6666,"",5,2026-10-07T03:50:57.5770549+02:00
sales-enablement,retail,PASS,100,2,2cf42462-371e-46ea-941a-f271e102ac68,"",5,2026-10-07T03:51:24.5401095+02:00
vertical-package,retail,PASS,100,4,19c94643-13ad-4b20-8c33-cb9397a43fc3,"",5,2026-10-07T03:51:51.0635020+02:00
lead-gen-retainer,retail,PASS,100,5,628cab98-de4d-4375-a7a8-35a8b5ae9af1,"",9,2026-10-07T03:52:21.8673204+02:00
ai-support-retainer,retail,PASS,100,6,45da68bc-ac50-4bc8-af21-7e1845bf795f,"",5,2026-10-07T03:52:48.4589570+02:00
custom-software,retail,PASS,100,2,34e34c34-ff75-473a-b156-61c78c47d663,"",5,2026-10-07T03:53:15.1224487+02:00
bundle-portal-presence,retail,PASS,100,5,0af5307d-3ba9-48fe-a507-9f11353ba8e2,"",5,2026-10-07T03:53:41.6744815+02:00
bundle-sales-launch,retail,PASS,100,4,5231fe74-c1ea-4ab1-a6c1-2edc7ce185bf,"",5,2026-10-07T03:54:09.0264638+02:00
bundle-ops-clarity,retail,PASS,100,4,b83bc428-1019-485d-8e38-f89bdc31a6aa,"",5,2026-10-07T03:54:35.5529622+02:00
setup-quick,hospitality,PASS,100,3,aeb092e1-77e0-4cc7-9734-df199afcd264,"",5,2026-10-07T03:55:02.7096292+02:00
setup-full,hospitality,PASS,100,6,a03bfb68-c794-44aa-badd-4c43d1b85cf0,"",5,2026-10-07T03:55:29.3467902+02:00
setup-custom,hospitality,PASS,100,4,6a255b8e-e0e1-4cd1-a384-ec325730a8d7,"",5,2026-10-07T03:55:55.9169859+02:00
audit,hospitality,PASS,100,2,4062d82e-4178-42de-b353-9f71abcca330,"",5,2026-10-07T03:56:22.5555874+02:00
integration,hospitality,PASS,100,4,d46a980f-517b-4a6a-b37a-5e8bd1c893c8,"",5,2026-10-07T03:56:49.1623376+02:00
workflow-design,hospitality,PASS,100,2,28f29c6b-3bd0-48f1-80c2-b1e9fbf0417e,"",4,2026-10-07T03:57:15.6696253+02:00
support-priority,hospitality,PASS,100,4,5356c4b3-1784-42e6-b212-6e59c49ac190,"",5,2026-10-07T03:57:42.3035904+02:00
support-dedicated,hospitality,PASS,100,4,d69611ee-dab8-44d7-ac5f-78998d2b3fa9,"",5,2026-10-07T03:58:09.2317099+02:00
landing,hospitality,PASS,100,2,6c13c982-e98c-4fca-b3b4-1ad9a4604bb1,"",5,2026-10-07T03:58:35.7765891+02:00
website-business,hospitality,PASS,100,2,057c9fb8-fad0-42fa-b1eb-86bf7a33a6b5,"",5,2026-10-07T03:59:02.3163201+02:00
website-ecommerce,hospitality,PASS,100,2,56ef5c65-8357-47e0-98e7-97910bf68d4e,"",5,2026-10-07T03:59:28.8585790+02:00
white-label-setup,hospitality,PASS,100,4,c494f072-2df1-43f8-8e64-1839c77b635c,"",5,2026-10-07T03:59:55.4655827+02:00
sales-enablement,hospitality,PASS,100,2,bee62021-8d58-42ee-9014-143dd7ba731d,"",5,2026-10-07T04:00:22.1200261+02:00
vertical-package,hospitality,PASS,100,4,346b4497-b78b-4963-b0f8-5a31b931c09d,"",5,2026-10-07T04:00:48.8367036+02:00
lead-gen-retainer,hospitality,PASS,100,5,ed3ea7cb-a561-4c09-ac5d-688bfc801436,"",9,2026-10-07T04:01:19.6467456+02:00
ai-support-retainer,hospitality,PASS,100,6,2d4d246a-6f42-4f4c-b97e-5f236787a6ae,"",5,2026-10-07T04:01:46.2307185+02:00
custom-software,hospitality,PASS,100,2,4a7e354b-5caa-4df2-8ce4-4050c9471a4a,"",5,2026-10-07T04:02:12.7915968+02:00
bundle-portal-presence,hospitality,PASS,100,5,51392d2c-675b-4b7c-8c23-f452ed77ac74,"",5,2026-10-07T04:02:39.4870748+02:00
bundle-sales-launch,hospitality,PASS,100,4,1227cb68-3d89-4347-a177-875ed1420820,"",5,2026-10-07T04:03:06.1834881+02:00
bundle-ops-clarity,hospitality,PASS,100,4,be5da166-6747-445e-9e28-52c88001f71c,"",4,2026-10-07T04:03:32.6831988+02:00
setup-quick,construction,PASS,100,3,a58b3557-4a37-44d3-b084-d8db7dcd6a45,"",5,2026-10-07T04:03:59.2269887+02:00
setup-full,construction,PASS,100,6,8701ce23-3fe3-4253-9acc-ce8c336891f9,"",4,2026-10-07T04:04:25.7461221+02:00
setup-custom,construction,PASS,100,4,37ff3ad3-e677-4780-9965-b1cdc7a6c479,"",5,2026-10-07T04:04:52.3988333+02:00
audit,construction,PASS,100,2,3ec47808-61c9-422d-a331-7af3106e20f2,"",5,2026-10-07T04:05:19.1039221+02:00
integration,construction,PASS,100,4,ca294ece-2dd7-4195-9db9-c93513da9459,"",5,2026-10-07T04:05:45.7738256+02:00
workflow-design,construction,PASS,100,2,889f6919-c956-4c32-b8ab-ad1d64582fb4,"",5,2026-10-07T04:06:12.7204053+02:00
support-priority,construction,PASS,100,4,6fcc8138-5e20-40f0-a44d-eca9284f5edd,"",5,2026-10-07T04:06:39.4526891+02:00
support-dedicated,construction,PASS,100,4,303af39b-77ae-4d49-b375-b42db588bd7e,"",5,2026-10-07T04:07:06.3454050+02:00
landing,construction,PASS,100,2,d9f85abe-edca-4c55-8db1-a884a38c67ae,"",5,2026-10-07T04:07:32.9605227+02:00
website-business,construction,PASS,100,2,4e684ea7-5af9-4f16-b200-38158ef2e7cb,"",5,2026-10-07T04:08:00.1516559+02:00
website-ecommerce,construction,PASS,100,2,461ab3ff-1cd8-41f7-ab35-e2024f7087bb,"",5,2026-10-07T04:08:27.3902477+02:00
white-label-setup,construction,PASS,100,4,7fbd73d1-5c93-4e1a-92c1-5683bea3fd37,"",5,2026-10-07T04:08:54.0013229+02:00
sales-enablement,construction,PASS,100,2,a86bac3b-a1cd-4d34-954d-923c9a56c443,"",5,2026-10-07T04:09:20.6202020+02:00
vertical-package,construction,PASS,100,4,d66c76ad-dd1b-4e15-86e9-d2479aa090d0,"",5,2026-10-07T04:09:47.1629732+02:00
lead-gen-retainer,construction,PASS,100,5,4a0ab15c-59f1-468d-9f74-bca25597e877,"",9,2026-10-07T04:10:18.0292685+02:00
ai-support-retainer,construction,PASS,100,6,164f2aee-a8e3-4958-9327-a3da6b3f2435,"",5,2026-10-07T04:10:44.6221090+02:00
custom-software,construction,PASS,100,2,8f272412-c7d6-4ca6-8864-4e4bc451d917,"",5,2026-10-07T04:11:11.3017113+02:00
bundle-portal-presence,construction,PASS,100,5,65ac604f-c826-44b8-9826-cb7a631b0036,"",5,2026-10-07T04:11:37.8449546+02:00
bundle-sales-launch,construction,PASS,100,4,e29c83bb-5352-4b49-bfc1-cefef17239fc,"",5,2026-10-07T04:12:04.4981903+02:00
bundle-ops-clarity,construction,PASS,100,4,b475b6a4-2be9-40a2-acec-6197a2968e9a,"",5,2026-10-07T04:12:31.0881812+02:00
setup-quick,education,PASS,100,3,560b17f0-0ca1-4bda-8609-2d514efb32a6,"",5,2026-10-07T04:12:57.6122219+02:00
setup-full,education,PASS,100,6,86cbb23e-2d47-4452-8960-41c75c9c2e6b,"",4,2026-10-07T04:13:24.1228824+02:00
setup-custom,education,PASS,100,4,7e7ecaec-1565-4726-9cc5-56cf0fa4fa24,"",5,2026-10-07T04:13:50.6946485+02:00
audit,education,PASS,100,2,d7776774-48fb-432c-b00a-b6a035dab247,"",5,2026-10-07T04:14:17.2871270+02:00
integration,education,PASS,100,4,9e90e037-d9ea-45cb-b451-4dcfb899b3c6,"",5,2026-10-07T04:14:43.8176712+02:00
workflow-design,education,PASS,100,2,a6ae1e63-fb0b-4f5b-a059-5a79309fe865,"",5,2026-10-07T04:15:10.4391552+02:00
support-priority,education,PASS,100,4,ea2781f8-f1b2-4aa7-83e4-5b1470f62ef8,"",5,2026-10-07T04:15:37.0607450+02:00
support-dedicated,education,PASS,100,4,2c68df36-2a43-49cd-a3cd-1821b0d5e52c,"",5,2026-10-07T04:16:03.6755581+02:00
landing,education,PASS,100,2,c0708c8a-0573-41ef-a0d9-c1d072ec51c2,"",5,2026-10-07T04:16:30.3323190+02:00
website-business,education,PASS,100,2,921a5c23-c0e1-400f-b7ab-5d2274ed80f0,"",5,2026-10-07T04:16:56.8682403+02:00
website-ecommerce,education,PASS,100,2,66d6817d-1b6b-4371-ade2-6dc01ab3de19,"",5,2026-10-07T04:17:23.4239702+02:00
white-label-setup,education,PASS,100,4,d5e53845-2552-4dbe-afd5-be556464fed6,"",5,2026-10-07T04:17:50.0048245+02:00
sales-enablement,education,PASS,100,2,7bd8c65e-b172-4583-af16-53574f5e11ac,"",5,2026-10-07T04:18:16.6811345+02:00
vertical-package,education,PASS,100,4,004e103d-e619-4e94-afb8-65cbf4c407dd,"",5,2026-10-07T04:18:43.2854922+02:00
lead-gen-retainer,education,PASS,100,5,2605c241-5ea4-42b1-9fe8-0ba0c486909d,"",9,2026-10-07T04:19:13.9847242+02:00
ai-support-retainer,education,PASS,100,6,8ddf89af-ccde-491c-91e1-c7dd4494a956,"",5,2026-10-07T04:19:40.6291335+02:00
custom-software,education,PASS,100,2,ee53c007-4294-4dc6-9574-867d8fb78f67,"",6,2026-10-07T04:20:08.5966940+02:00
bundle-portal-presence,education,PASS,100,5,89811976-0d18-4901-b686-0915bedbcf9f,"",5,2026-10-07T04:20:35.2022587+02:00
bundle-sales-launch,education,PASS,100,4,c252bf72-cf71-427e-9cbd-25b2e1a7fe5a,"",5,2026-10-07T04:21:01.8332129+02:00
bundle-ops-clarity,education,PASS,100,4,3ddf3354-c827-4e82-a124-432702dad77f,"",5,2026-10-07T04:21:28.3569328+02:00
setup-quick,finance,PASS,100,3,ce4ea3fc-dc31-4443-bfd1-5a772fbd7fcf,"",5,2026-10-07T04:21:55.0573667+02:00
setup-full,finance,PASS,100,6,290d5191-7833-400a-95b7-df841815ded6,"",5,2026-10-07T04:22:21.6487534+02:00
setup-custom,finance,PASS,100,4,a0a2e08a-7271-49dc-bfa3-7ce597c6b32b,"",5,2026-10-07T04:22:48.2823580+02:00
audit,finance,PASS,100,2,f34ba04b-e69c-43f7-8766-c2e00d2cd74b,"",5,2026-10-07T04:23:14.8966026+02:00
integration,finance,PASS,100,4,297b4c21-5cf2-4d18-808c-1278a24d2a45,"",5,2026-10-07T04:23:41.4870384+02:00
workflow-design,finance,PASS,100,2,100b598c-d1dc-45f0-8cfb-2fcbbae1819d,"",5,2026-10-07T04:24:08.1832650+02:00
support-priority,finance,PASS,100,4,320dee83-172d-4934-9db7-d02d4a72835d,"",4,2026-10-07T04:24:34.7049026+02:00
support-dedicated,finance,PASS,100,4,2a0de940-da54-438b-baaa-f6103fdaf050,"",5,2026-10-07T04:25:01.2670610+02:00
landing,finance,PASS,100,2,8cef4a43-f58d-47b2-9405-22b45967513f,"",5,2026-10-07T04:25:27.9702930+02:00
website-business,finance,PASS,100,2,64914290-16ec-4457-9fcb-e38651db43d4,"",5,2026-10-07T04:25:54.5598878+02:00
website-ecommerce,finance,PASS,100,2,e25c72c9-d055-493f-b762-2df64d773d2e,"",5,2026-10-07T04:26:21.1939281+02:00
white-label-setup,finance,PASS,100,4,6ef0b0b2-8b19-4d98-a5af-daefe0f94582,"",5,2026-10-07T04:26:47.9470887+02:00
sales-enablement,finance,PASS,100,2,13782ece-072f-4a2c-9925-48814cb0b9fe,"",5,2026-10-07T04:27:14.5231655+02:00
vertical-package,finance,PASS,100,4,e47abe6c-ed4d-44e8-a106-6e15c95baed7,"",5,2026-10-07T04:27:41.2175349+02:00
lead-gen-retainer,finance,PASS,100,5,5c741fc1-7142-4845-b58d-a87b988b81c2,"",9,2026-10-07T04:28:11.8266174+02:00
ai-support-retainer,finance,PASS,100,6,5bb3460f-9ead-4f62-95cd-c1104ad4178d,"",4,2026-10-07T04:28:38.3174694+02:00
custom-software,finance,PASS,100,2,9c92acd3-0f43-438d-8dd7-e6e674a5ccd9,"",5,2026-10-07T04:29:04.9851702+02:00
bundle-portal-presence,finance,PASS,100,5,617cc84d-cc9d-4e6a-aeaa-8b1fdbef7533,"",4,2026-10-07T04:29:31.4995136+02:00
bundle-sales-launch,finance,PASS,100,4,9f523a13-4e7d-429e-94b8-dea0e27d5f5a,"",4,2026-10-07T04:29:57.9909844+02:00
bundle-ops-clarity,finance,PASS,100,4,9ba0c038-9920-4dd5-ab92-82e3f0956f81,"",5,2026-10-07T04:30:24.6686624+02:00
setup-quick,logistics,PASS,100,3,d31295a0-709a-4ec0-aa03-2f9e7965a8b6,"",4,2026-10-07T04:30:51.1858497+02:00
setup-full,logistics,PASS,100,6,52b26387-4522-4c61-93c6-2384de9c3563,"",5,2026-10-07T04:31:17.7416970+02:00
setup-custom,logistics,PASS,100,4,2e3604d8-d09f-4163-9235-1b6335094b5f,"",5,2026-10-07T04:31:45.2371515+02:00
audit,logistics,PASS,100,2,3d61f422-3279-4975-bf5b-1eb6d188e12b,"",5,2026-10-07T04:32:12.0455845+02:00
integration,logistics,PASS,100,4,53f2c34d-62b0-4110-966c-38844f8e22d2,"",5,2026-10-07T04:32:38.5908484+02:00
workflow-design,logistics,PASS,100,2,dcd4c427-b9f6-417d-80d6-4e97a1b014d9,"",5,2026-10-07T04:33:05.4123602+02:00
support-priority,logistics,PASS,100,4,519eacd8-64a7-4435-9c69-0624f181f48e,"",5,2026-10-07T04:33:31.9660714+02:00
support-dedicated,logistics,PASS,100,4,d409b05a-fd1e-4dd4-ab7c-474bd0cf0cc6,"",5,2026-10-07T04:33:58.5310564+02:00
landing,logistics,PASS,100,2,3a1628b1-cc23-4c55-9f39-a222b0329185,"",5,2026-10-07T04:34:25.2003173+02:00
website-business,logistics,PASS,100,2,45b8acbb-3b71-4b0e-8492-1735eaf84a1a,"",5,2026-10-07T04:34:51.7287989+02:00
website-ecommerce,logistics,PASS,100,2,252bd414-3f1d-473c-b541-7dafc7f615ab,"",5,2026-10-07T04:35:18.5167081+02:00
white-label-setup,logistics,PASS,100,4,83bb65b9-3183-4e06-b13f-c98214c149f5,"",5,2026-10-07T04:35:45.1700079+02:00
sales-enablement,logistics,PASS,100,2,457e44a3-70f4-4b5a-8797-94a9a15ee221,"",5,2026-10-07T04:36:11.9028406+02:00
vertical-package,logistics,PASS,100,4,cb1a92a9-db88-423c-916a-2c7796d1cffb,"",5,2026-10-07T04:36:38.7255884+02:00
lead-gen-retainer,logistics,PASS,100,5,6b68f075-aa90-4e6c-90ac-88a4183261be,"",5,2026-10-07T04:37:05.5292218+02:00
ai-support-retainer,logistics,PASS,100,6,2e0ce1a7-5df5-44df-8e56-bd8a357ac594,"",5,2026-10-07T04:37:32.3224854+02:00
custom-software,logistics,PASS,100,2,e5889d8a-a2f2-4731-9c2a-81df1fe8af41,"",5,2026-10-07T04:37:58.9018086+02:00
bundle-portal-presence,logistics,PASS,100,5,1d91d068-25d9-4332-b845-acb58abfea82,"",5,2026-10-07T04:38:25.4715054+02:00
bundle-sales-launch,logistics,PASS,100,4,0462ccce-6dfa-41b7-b292-5d4ff53708ca,"",5,2026-10-07T04:38:52.0201853+02:00
bundle-ops-clarity,logistics,PASS,100,4,6abb0949-3fab-4eef-bbb4-192f83c662ea,"",5,2026-10-07T04:39:18.5520610+02:00
setup-quick,beauty,PASS,100,3,b4670426-3721-46cd-a6cd-dddaaad49089,"",5,2026-10-07T04:39:45.1336793+02:00
setup-full,beauty,PASS,100,6,c354f474-f3c3-4656-8831-952f598905f3,"",5,2026-10-07T04:40:11.8903620+02:00
setup-custom,beauty,PASS,100,4,c66cdb0a-c77c-480d-9389-a56d3a0af4e6,"",5,2026-10-07T04:40:38.5130864+02:00
audit,beauty,PASS,100,2,46000632-5599-41e5-9881-934080b1f1a9,"",5,2026-10-07T04:41:05.4650337+02:00
integration,beauty,PASS,100,4,6b43ca9a-9237-4166-8a39-1ca0dbb9f0b7,"",5,2026-10-07T04:41:32.0673793+02:00
workflow-design,beauty,PASS,100,2,54cf08d9-d1e6-41d8-84b4-cd75028bbb67,"",5,2026-10-07T04:41:58.8018603+02:00
support-priority,beauty,PASS,100,4,6d5149be-351e-471a-8b5e-6a00ca54e36f,"",5,2026-10-07T04:42:25.4343422+02:00
support-dedicated,beauty,PASS,100,4,2cadac1f-e73c-4138-9d9e-cddb07de8687,"",5,2026-10-07T04:42:51.9505909+02:00
landing,beauty,PASS,100,2,8e22c131-2e33-41dc-9587-633afbb73578,"",5,2026-10-07T04:43:18.5325568+02:00
website-business,beauty,PASS,100,2,41ddde9a-fba2-485e-8c07-9080118b662f,"",5,2026-10-07T04:43:45.0681085+02:00
website-ecommerce,beauty,PASS,100,2,f5b022b8-3483-4a0e-a15b-b33e601deffc,"",4,2026-10-07T04:44:11.5549722+02:00
white-label-setup,beauty,PASS,100,4,a433444f-ebdf-4cd1-a14d-1840f880b90f,"",5,2026-10-07T04:44:38.0951272+02:00
sales-enablement,beauty,PASS,100,2,c9a42e11-2f6f-487a-adad-12ef15534ff9,"",5,2026-10-07T04:45:04.9687856+02:00
vertical-package,beauty,PASS,100,4,2287410e-8f8c-47d2-8b47-87353d49a338,"",5,2026-10-07T04:45:31.5450658+02:00
lead-gen-retainer,beauty,PASS,100,5,f2e6dcfc-58c9-41b7-a251-365139588265,"",9,2026-10-07T04:46:02.2429442+02:00
ai-support-retainer,beauty,PASS,100,6,840512b7-22fd-4e92-ba10-5a7f73562ba8,"",5,2026-10-07T04:46:29.0212023+02:00
custom-software,beauty,PASS,100,2,2d673409-b2f7-46b8-ad97-1ad2556af2af,"",5,2026-10-07T04:46:55.5359649+02:00
bundle-portal-presence,beauty,PASS,100,5,3d2287e1-111b-49da-b3c0-5ba1174f5ddd,"",4,2026-10-07T04:47:22.0398792+02:00
bundle-sales-launch,beauty,PASS,100,4,6e7b8283-d06d-49b1-9568-e1ef013ef65c,"",5,2026-10-07T04:47:48.5595540+02:00
bundle-ops-clarity,beauty,PASS,100,4,b5052be8-3a64-4f0d-bc41-59cd23caeeaf,"",4,2026-10-07T04:48:15.0389476+02:00
setup-quick,fitness,PASS,100,3,3dc24200-8a7b-45d4-9698-f5b498feef33,"",5,2026-10-07T04:48:41.5986040+02:00
setup-full,fitness,PASS,100,6,fa19fef2-ff19-423d-86d9-78d8a73d2f60,"",5,2026-10-07T04:49:08.1737840+02:00
setup-custom,fitness,PASS,100,4,a31ca582-08b3-439a-b74b-eaa288ffd265,"",4,2026-10-07T04:49:34.6784237+02:00
audit,fitness,PASS,100,2,7acad07b-4e2b-43f7-b27a-27e2f213a708,"",5,2026-10-07T04:50:01.2865200+02:00
integration,fitness,PASS,100,4,4760be02-e5db-4482-90de-83bf2d177baa,"",5,2026-10-07T04:50:28.4549502+02:00
workflow-design,fitness,PASS,100,2,a2fa349b-5cbf-4ffb-b923-871fd890c0a9,"",5,2026-10-07T04:50:55.1385441+02:00
support-priority,fitness,PASS,100,4,3a056d44-50dd-4bee-8f46-35671392a7e6,"",5,2026-10-07T04:51:21.6770147+02:00
support-dedicated,fitness,PASS,100,4,ec4164b6-dbc1-4f79-9bf0-3e48c1d61ec7,"",5,2026-10-07T04:51:48.2986434+02:00
landing,fitness,PASS,100,2,dbaa8053-f057-4c68-9145-9e29be4afc55,"",5,2026-10-07T04:52:14.8714550+02:00
website-business,fitness,PASS,100,2,7e1f18b8-c235-46b9-bcd7-e498e6473eda,"",5,2026-10-07T04:52:41.4829758+02:00
website-ecommerce,fitness,PASS,100,2,43ec76ca-2512-44fa-8220-484365c70302,"",5,2026-10-07T04:53:08.0916754+02:00
white-label-setup,fitness,PASS,100,4,e7823267-18eb-4d69-bbdc-1c3763f3290b,"",5,2026-10-07T04:53:35.2330763+02:00
sales-enablement,fitness,PASS,100,2,2a4e3cd4-b6b6-4c48-8922-7603326bedc7,"",5,2026-10-07T04:54:01.7562088+02:00
vertical-package,fitness,PASS,100,4,7ac2da70-e50e-4461-8790-3e948f3b7e87,"",5,2026-10-07T04:54:28.2969628+02:00
lead-gen-retainer,fitness,PASS,100,5,24cb6535-6335-477d-8d41-fe502c30fa81,"",5,2026-10-07T04:54:54.8207890+02:00
ai-support-retainer,fitness,PASS,100,6,d1ac3a16-a062-4166-af15-912b44871e4f,"",5,2026-10-07T04:55:21.4383990+02:00
custom-software,fitness,PASS,100,2,079f716b-25b5-4a99-8e81-3ab8f7c33924,"",5,2026-10-07T04:55:48.4324261+02:00
bundle-portal-presence,fitness,PASS,100,5,c767f7da-0a7f-428e-9873-b19962365495,"",5,2026-10-07T04:56:14.9596240+02:00
bundle-sales-launch,fitness,PASS,100,4,621042ab-489b-49d4-9d8b-3c3f16339273,"",5,2026-10-07T04:56:41.5483885+02:00
bundle-ops-clarity,fitness,PASS,100,4,0e37140b-f2f9-48cf-a957-b8a1074b022f,"",5,2026-10-07T04:57:08.2539492+02:00
setup-quick,agriculture,PASS,100,3,7324841a-b474-47b8-b6d7-ebe064db98f9,"",5,2026-10-07T04:57:34.7967558+02:00
setup-full,agriculture,PASS,100,6,086a1095-66ab-4145-97af-02662e399ab2,"",4,2026-10-07T04:58:01.3127680+02:00
setup-custom,agriculture,PASS,100,4,6d6c1d91-67d5-4aba-bf94-2ed13b4f3aea,"",4,2026-10-07T04:58:27.8058983+02:00
audit,agriculture,PASS,100,2,6fb0c30a-8ffc-46ac-bf99-f48def459a09,"",4,2026-10-07T04:58:54.3197436+02:00
integration,agriculture,PASS,100,4,eef6036c-de99-476a-904d-db660074ef3f,"",4,2026-10-07T04:59:20.7958825+02:00
workflow-design,agriculture,PASS,100,2,301c6ce3-1937-43f8-84b5-f511a80679cc,"",5,2026-10-07T04:59:47.4214292+02:00
support-priority,agriculture,PASS,100,4,a30a1ac5-04a5-4025-97d7-77f4af2f47af,"",5,2026-10-07T05:00:14.0778051+02:00
support-dedicated,agriculture,PASS,100,4,e15d7b61-8b0f-4340-ac2c-2b58851084e9,"",5,2026-10-07T05:00:40.6628088+02:00
landing,agriculture,PASS,100,2,9efba68d-b785-4b8b-a94a-4e8d4794545a,"",5,2026-10-07T05:01:07.8008831+02:00
website-business,agriculture,PASS,100,2,fcb7ff79-f324-4df3-b27e-1c31de63d5d3,"",5,2026-10-07T05:01:34.4754247+02:00
website-ecommerce,agriculture,PASS,100,2,710a2897-4961-431b-9033-ff4606063010,"",5,2026-10-07T05:02:01.1406481+02:00
white-label-setup,agriculture,PASS,100,4,abfada3b-c906-4e52-b95e-bc33e4702f53,"",5,2026-10-07T05:02:27.7779342+02:00
sales-enablement,agriculture,PASS,100,2,8ed768ea-0926-4eb8-b8f7-15ba7f7f5844,"",5,2026-10-07T05:02:54.3801120+02:00
vertical-package,agriculture,PASS,100,4,1ea966c4-bfa7-4552-a079-bebc2c0db6cb,"",4,2026-10-07T05:03:20.8636860+02:00
lead-gen-retainer,agriculture,PASS,100,5,22d0d957-7e96-4432-9417-dc02c63ceea6,"",17,2026-10-07T05:03:59.9484221+02:00
ai-support-retainer,agriculture,PASS,100,6,d3cdc6c9-e364-401a-a8cb-dc213d70579d,"",5,2026-10-07T05:04:26.4839051+02:00
custom-software,agriculture,PASS,100,2,fbede3f3-6f24-48fb-bf8a-3f937554a813,"",5,2026-10-07T05:04:53.0964458+02:00
bundle-portal-presence,agriculture,PASS,100,5,2a7825d1-1ee0-4fa4-a1cf-8985093412f4,"",5,2026-10-07T05:05:19.6548114+02:00
bundle-sales-launch,agriculture,PASS,100,4,682dde78-28da-4d08-826e-57e357821cee,"",5,2026-10-07T05:05:46.4705189+02:00
bundle-ops-clarity,agriculture,PASS,100,4,b02ee72e-d46d-4325-adb3-db097959a07b,"",5,2026-10-07T05:06:13.2615267+02:00
setup-quick,automotive,PASS,100,3,8e477a52-c535-42c5-a08e-f1ade9449fe4,"",5,2026-10-07T05:06:39.9065595+02:00
setup-full,automotive,PASS,100,6,9951a491-e7a7-48dc-85ec-56b2156b143f,"",5,2026-10-07T05:07:06.6842253+02:00
setup-custom,automotive,PASS,100,4,771c96a8-dc65-4532-a9e6-bbeedd5a6c1e,"",5,2026-10-07T05:07:33.2760390+02:00
audit,automotive,PASS,100,2,c626fc20-8d5d-495a-a250-e924aae95efb,"",5,2026-10-07T05:08:00.0294766+02:00
integration,automotive,PASS,100,4,33217afd-b90c-4f27-874d-e1281aece9ef,"",5,2026-10-07T05:08:26.6109935+02:00
workflow-design,automotive,PASS,100,2,f3b33a75-d508-4971-a0e6-b05e8aeaea17,"",5,2026-10-07T05:08:53.1593145+02:00
support-priority,automotive,PASS,100,4,33c3f184-f9ed-4221-9669-61c5526c44d7,"",5,2026-10-07T05:09:19.8167547+02:00
support-dedicated,automotive,PASS,100,4,1e707e40-52d9-493f-bf53-332aa752990f,"",5,2026-10-07T05:09:46.4260271+02:00
landing,automotive,PASS,100,2,1b57960e-acf4-424f-a360-e9ab4e1028fe,"",5,2026-10-07T05:10:13.1445334+02:00
website-business,automotive,PASS,100,2,72e8e058-d4a8-4d87-ae20-08aecba7d93f,"",5,2026-10-07T05:10:39.7423517+02:00
website-ecommerce,automotive,PASS,100,2,95a36d78-d361-4156-a796-8a3161d6a676,"",5,2026-10-07T05:11:06.5150757+02:00
white-label-setup,automotive,PASS,100,4,48c8fec6-768b-48a7-a5f5-2a07c341e679,"",5,2026-10-07T05:11:33.7240170+02:00
sales-enablement,automotive,PASS,100,2,cd70ac87-41ac-4d7d-8daf-0cad776913c4,"",5,2026-10-07T05:12:00.4043976+02:00
vertical-package,automotive,PASS,100,4,814e2f25-abaa-4110-ae11-409cf762cbe0,"",5,2026-10-07T05:12:27.1436676+02:00
lead-gen-retainer,automotive,PASS,100,5,c9f4c072-1985-4c68-9857-86d58bb588ad,"",10,2026-10-07T05:12:58.7687489+02:00
ai-support-retainer,automotive,PASS,100,6,5d643be6-c503-438e-8c77-bd628eed910c,"",4,2026-10-07T05:13:25.2699884+02:00
custom-software,automotive,PASS,100,2,007a3dfe-6544-4028-ae6e-7acd6b0cb777,"",4,2026-10-07T05:13:51.7067792+02:00
bundle-portal-presence,automotive,PASS,100,5,c2bb6ef1-dfd8-4772-b992-5af64072d823,"",4,2026-10-07T05:14:18.2040124+02:00
bundle-sales-launch,automotive,PASS,100,4,22c68efa-a232-4d8b-b890-7ec1af539a1a,"",4,2026-10-07T05:14:44.7126401+02:00
bundle-ops-clarity,automotive,PASS,100,4,b0d693cc-78cd-460b-a10a-bce38106db43,"",5,2026-10-07T05:15:11.2564266+02:00
setup-quick,real-estate,PASS,100,3,b00daa71-b9ec-4b27-a9d8-7746a71ef963,"",4,2026-10-07T05:15:37.7568320+02:00
setup-full,real-estate,PASS,100,6,4c3a58e1-7822-4166-a9e7-9024a2273504,"",5,2026-10-07T05:16:04.5480494+02:00
setup-custom,real-estate,PASS,100,4,1e7f676e-5267-40aa-aad7-bff73ce8164b,"",5,2026-10-07T05:16:31.1871203+02:00
audit,real-estate,PASS,100,2,7d5f8c1c-0b7f-4526-8586-f52a3be815ae,"",5,2026-10-07T05:16:57.7188285+02:00
integration,real-estate,PASS,100,4,51e42c7f-7e41-4302-9679-b429bae5aeac,"",5,2026-10-07T05:17:24.3694612+02:00
workflow-design,real-estate,PASS,100,2,6ef815f0-9a2d-43a1-85f2-afc2d4b24de4,"",5,2026-10-07T05:17:50.8882142+02:00
support-priority,real-estate,PASS,100,4,dcdb2ed7-723e-4a47-97eb-6c8d78afb9d6,"",5,2026-10-07T05:18:17.4216259+02:00
support-dedicated,real-estate,PASS,100,4,91effacb-56a2-452c-b130-836c01342d3b,"",5,2026-10-07T05:18:44.0131126+02:00
landing,real-estate,PASS,100,2,55f40aa5-6b40-4d3a-8498-691fe9fde0dc,"",4,2026-10-07T05:19:10.4778488+02:00
website-business,real-estate,PASS,100,2,6f1f40d5-4437-46d3-b21d-91dc8e5ba8d2,"",4,2026-10-07T05:19:36.9428837+02:00
website-ecommerce,real-estate,PASS,100,2,073fc53a-3706-4d0a-ba39-d5de5867140c,"",5,2026-10-07T05:20:03.7319152+02:00
white-label-setup,real-estate,PASS,100,4,119f04ef-c6a8-4812-8158-418581428cbf,"",5,2026-10-07T05:20:30.6060006+02:00
sales-enablement,real-estate,PASS,100,2,52f6e52d-ba58-4591-8c7e-11e91eb4fd0d,"",5,2026-10-07T05:20:57.1954402+02:00
vertical-package,real-estate,PASS,100,4,71a4ea93-23f8-4aaa-9d4b-b01d512627ff,"",4,2026-10-07T05:21:23.6998497+02:00
lead-gen-retainer,real-estate,PASS,100,5,a022e3f8-9fc3-42f9-a8bd-13b8a69e0c81,"",13,2026-10-07T05:21:58.5410189+02:00
ai-support-retainer,real-estate,PASS,100,6,59b5b9a0-2bac-4f61-a124-7c12be9bc601,"",5,2026-10-07T05:22:25.2676603+02:00
custom-software,real-estate,PASS,100,2,c0251405-2517-43fe-b89e-b085f14d1990,"",5,2026-10-07T05:22:52.0608743+02:00
bundle-portal-presence,real-estate,PASS,100,5,b0f6e9a2-1e62-42ee-b493-5308c131b647,"",5,2026-10-07T05:23:18.5812029+02:00
bundle-sales-launch,real-estate,PASS,100,4,5b1567e5-b790-4b9f-ad8c-7e1dd393f0aa,"",5,2026-10-07T05:23:45.1588689+02:00
bundle-ops-clarity,real-estate,PASS,100,4,db7ca5ef-81fb-47bc-b17b-08152b4a290d,"",5,2026-10-07T05:24:11.7296340+02:00
setup-quick,manufacturing,PASS,100,3,846cbc10-b258-4563-876f-72ceac0eb8e3,"",5,2026-10-07T05:24:38.3188271+02:00
setup-full,manufacturing,PASS,100,6,ff475ee0-104c-4699-a983-00ec3f31edc5,"",6,2026-10-07T05:25:05.8571588+02:00
setup-custom,manufacturing,PASS,100,4,9b9d55b9-5d37-46db-9804-a700f4e8ca22,"",5,2026-10-07T05:25:32.5205457+02:00
audit,manufacturing,PASS,100,2,3bf57efe-a35c-48b5-be4a-955e119dda34,"",5,2026-10-07T05:25:59.6466971+02:00
integration,manufacturing,PASS,100,4,4e5ea135-92a0-44db-8d70-51e54dfbb04a,"",5,2026-10-07T05:26:26.3129163+02:00
workflow-design,manufacturing,PASS,100,2,d991a300-4913-4f51-b6ec-be2af6a34e05,"",5,2026-10-07T05:26:52.9289505+02:00
support-priority,manufacturing,PASS,100,4,9dcf03e2-5718-4b53-99b6-69627ed9ca84,"",5,2026-10-07T05:27:20.1291995+02:00
support-dedicated,manufacturing,PASS,100,4,4d5223ba-c802-4b27-aac0-90422eb29ba4,"",4,2026-10-07T05:27:46.6253648+02:00
landing,manufacturing,PASS,100,2,d0bff2b4-9fac-4442-b48f-cbd9524abafd,"",5,2026-10-07T05:28:13.3300760+02:00
website-business,manufacturing,PASS,100,2,066e983d-f180-4b76-8fa8-4eaaa13c4aee,"",4,2026-10-07T05:28:39.8292718+02:00
website-ecommerce,manufacturing,PASS,100,2,bcf508d5-bb19-4cbe-85c5-12ff7bba787f,"",4,2026-10-07T05:29:06.3207527+02:00
white-label-setup,manufacturing,PASS,100,4,b13881cb-0bbd-404e-9f1e-856eb6e956c5,"",4,2026-10-07T05:29:32.8330879+02:00
sales-enablement,manufacturing,PASS,100,2,4d41a444-ae8f-4671-a0b3-1d2c6ef5713f,"",5,2026-10-07T05:29:59.5130981+02:00
vertical-package,manufacturing,PASS,100,4,110661bc-9d6e-4401-8980-17ff199a526d,"",5,2026-10-07T05:30:26.0618529+02:00
lead-gen-retainer,manufacturing,PASS,100,5,8f3565ef-802e-4d85-a7a5-c14ecb9971c0,"",9,2026-10-07T05:30:56.7683664+02:00
ai-support-retainer,manufacturing,PASS,100,6,f59b9806-90d9-4452-b8a5-7fc1d748d9c8,"",4,2026-10-07T05:31:23.2706546+02:00
custom-software,manufacturing,PASS,100,2,ee7c902b-4882-48a8-a35f-7732888c5813,"",5,2026-10-07T05:31:49.8373039+02:00
bundle-portal-presence,manufacturing,PASS,100,5,16a99208-f18c-49d2-9ce5-8262241d06c2,"",5,2026-10-07T05:32:16.6291773+02:00
bundle-sales-launch,manufacturing,PASS,100,4,b2bc7c30-229e-485c-bc5f-6a307da57cfe,"",5,2026-10-07T05:32:43.3066441+02:00
bundle-ops-clarity,manufacturing,PASS,100,4,1f86a4a3-97c4-4d7b-901b-f052207b8c1e,"",5,2026-10-07T05:33:09.9095939+02:00
setup-quick,technology,PASS,100,3,6627b692-0034-4afc-9237-b57cdcf4e55c,"",5,2026-10-07T05:33:36.7609988+02:00
setup-full,technology,PASS,100,6,74c8c1d6-27aa-4535-824b-84a865dcd4c4,"",5,2026-10-07T05:34:04.0239635+02:00
setup-custom,technology,PASS,100,4,28aaa7f9-c3dd-444c-971c-544dfdac1f15,"",5,2026-10-07T05:34:30.6200946+02:00
audit,technology,PASS,100,2,7a33f1fd-91af-4e78-8142-00f8a61d6bdc,"",5,2026-10-07T05:34:57.1869640+02:00
integration,technology,PASS,100,4,ee5bb638-3099-4b42-bd73-79bdcbb2673e,"",5,2026-10-07T05:35:24.1125548+02:00
workflow-design,technology,PASS,100,2,14db64eb-be6d-44ce-bc93-8b2d20c20544,"",5,2026-10-07T05:35:50.6777299+02:00
support-priority,technology,PASS,100,4,9cd7a2e9-1ae7-4f6e-ade1-5acef82ac7c3,"",5,2026-10-07T05:36:17.2059168+02:00
support-dedicated,technology,PASS,100,4,34756f1d-7212-4d22-adb9-2e1118272ef6,"",5,2026-10-07T05:36:43.8466134+02:00
landing,technology,PASS,100,2,11306433-c670-401c-a336-b9c0a1fec92a,"",5,2026-10-07T05:37:10.5210216+02:00
website-business,technology,PASS,100,2,4e1f222c-f63e-4d96-bddd-54b5d2c6875c,"",5,2026-10-07T05:37:37.1431321+02:00
website-ecommerce,technology,PASS,100,2,bf6de474-4cd4-4b9c-ae3f-37a1121731c8,"",5,2026-10-07T05:38:03.8466337+02:00
white-label-setup,technology,PASS,100,4,f701a727-ce64-4e04-befa-406273b31fe2,"",5,2026-10-07T05:38:30.4118932+02:00
sales-enablement,technology,PASS,100,2,1b18d2e4-7e88-4278-ae88-32cc96995c6b,"",5,2026-10-07T05:38:57.1158995+02:00
vertical-package,technology,PASS,100,4,5142db3e-2881-4f82-91f2-87f58f15697a,"",5,2026-10-07T05:39:23.7818334+02:00
lead-gen-retainer,technology,PASS,100,5,f19b2f04-5d6c-49d9-9c26-bcc7cd86862a,"",13,2026-10-07T05:39:58.6394940+02:00
ai-support-retainer,technology,PASS,100,6,daa912a9-6284-4391-98fb-97cc7dcb6945,"",5,2026-10-07T05:40:25.2426871+02:00
custom-software,technology,PASS,100,2,6f95de4b-af6a-402a-88cf-db584ea9c968,"",5,2026-10-07T05:40:51.8831902+02:00
bundle-portal-presence,technology,PASS,100,5,25f425da-83e1-4a88-b6db-b266ef14d682,"",5,2026-10-07T05:41:18.4767473+02:00
bundle-sales-launch,technology,PASS,100,4,560e6471-3be2-42a9-892f-07c08e76b5e1,"",5,2026-10-07T05:41:45.4088712+02:00
bundle-ops-clarity,technology,PASS,100,4,7363d69b-da18-4117-8df1-9b4604e5a6a6,"",5,2026-10-07T05:42:12.1853520+02:00
setup-quick,media,PASS,100,3,079ec52f-f4a2-451d-8719-9efcf47c7d65,"",5,2026-10-07T05:42:38.8062156+02:00
setup-full,media,PASS,100,6,b1e4b465-abec-4fa7-bca3-8b8885acc422,"",5,2026-10-07T05:43:05.4784587+02:00
setup-custom,media,PASS,100,4,d763c5c3-44f3-4c03-b311-8e4f6a8964a0,"",5,2026-10-07T05:43:32.0528304+02:00
audit,media,PASS,100,2,d05e4eea-c9bd-460d-9440-6b1eb78aec40,"",5,2026-10-07T05:43:58.6459263+02:00
integration,media,PASS,100,4,2f05087f-7e7c-4010-98be-9acc0577f204,"",4,2026-10-07T05:44:25.1474107+02:00
workflow-design,media,PASS,100,2,0b97098c-acfb-47b3-9aa5-81f8dd55dcaf,"",5,2026-10-07T05:44:51.6856520+02:00
support-priority,media,PASS,100,4,bdaf3f64-3f85-46a2-b4fb-2729750ac3e2,"",5,2026-10-07T05:45:18.2565672+02:00
support-dedicated,media,PASS,100,4,028802f2-63f1-4d8e-917e-b962098dd9d2,"",5,2026-10-07T05:45:44.8092967+02:00
landing,media,PASS,100,2,6b77a656-3ec5-426e-957e-84e9922758ff,"",5,2026-10-07T05:46:11.4062054+02:00
website-business,media,PASS,100,2,91f38928-b4fd-43e9-93ea-f44046a8e1ad,"",4,2026-10-07T05:46:37.9135401+02:00
website-ecommerce,media,PASS,100,2,915168f2-c1bb-459b-bd25-0b2e0fb9f471,"",5,2026-10-07T05:47:05.1455104+02:00
white-label-setup,media,PASS,100,4,7f92edeb-e829-4ec9-9edf-ad77ae2bb061,"",5,2026-10-07T05:47:31.6911951+02:00
sales-enablement,media,PASS,100,2,61f4d651-ab83-421e-8a44-45e9a3f25094,"",5,2026-10-07T05:47:58.5530174+02:00
vertical-package,media,PASS,100,4,2c3da122-b4d0-40f1-b092-7f5814b66d04,"",4,2026-10-07T05:48:25.0670047+02:00
lead-gen-retainer,media,PASS,100,5,5d8bef9a-c1f0-4496-956f-e18422d28b33,"",9,2026-10-07T05:48:55.6659062+02:00
ai-support-retainer,media,PASS,100,6,2b7198cb-0ae7-4bd6-9ef5-e48092f7ab4b,"",4,2026-10-07T05:49:22.1850243+02:00
custom-software,media,PASS,100,2,009e55a8-85d9-4350-9396-c7c31f7dae5e,"",5,2026-10-07T05:49:48.8086107+02:00
bundle-portal-presence,media,PASS,100,5,4dee37e4-9825-44cc-999f-b01604fdff78,"",5,2026-10-07T05:50:15.3937187+02:00
bundle-sales-launch,media,PASS,100,4,7c2603de-780a-497b-90fa-0fdd114a8931,"",5,2026-10-07T05:50:41.9877561+02:00
bundle-ops-clarity,media,PASS,100,4,0ed6d571-7cff-461d-a873-4b98cfdb2d15,"",5,2026-10-07T05:51:08.8472415+02:00
setup-quick,nonprofit,PASS,100,3,54f3a61e-229f-48f3-8698-ea0fde5ab689,"",5,2026-10-07T05:51:35.5102034+02:00
setup-full,nonprofit,PASS,100,6,f340d1dc-742b-4b6a-b753-dcc685ec63b7,"",5,2026-10-07T05:52:02.1815404+02:00
setup-custom,nonprofit,PASS,100,4,5cc1a6a6-bb23-40ed-97ac-0b1265cdae7c,"",5,2026-10-07T05:52:28.7943783+02:00
audit,nonprofit,PASS,100,2,1f60769d-ac22-4bd4-b1e6-46842688992f,"",5,2026-10-07T05:52:55.3134660+02:00
integration,nonprofit,PASS,100,4,0b05d570-6537-41c9-a2a4-7f323e0593fd,"",5,2026-10-07T05:53:21.8508923+02:00
workflow-design,nonprofit,PASS,100,2,963aaab3-56b6-43f5-925b-59475f9801f3,"",5,2026-10-07T05:53:49.0106421+02:00
support-priority,nonprofit,PASS,100,4,75b02ab4-bf94-491f-bc76-41ae0591f7c8,"",5,2026-10-07T05:54:15.6168435+02:00
support-dedicated,nonprofit,PASS,100,4,ad75fa9a-cd7f-4ee7-b0c7-ffde25fc634d,"",4,2026-10-07T05:54:42.1234124+02:00
landing,nonprofit,PASS,100,2,c608afa8-9689-457a-af76-c307cd782c99,"",5,2026-10-07T05:55:08.7978119+02:00
website-business,nonprofit,PASS,100,2,e104b372-e2f0-43b8-9162-14bb9a855de4,"",5,2026-10-07T05:55:35.3477709+02:00
website-ecommerce,nonprofit,PASS,100,2,993543b6-a1ed-4ad2-8154-1f032af17ff6,"",5,2026-10-07T05:56:01.9160575+02:00
white-label-setup,nonprofit,PASS,100,4,7f467099-ec4b-49e2-83d4-86f49611517e,"",4,2026-10-07T05:56:28.4102145+02:00
sales-enablement,nonprofit,PASS,100,2,66f0f672-2e0e-478c-b13a-4e2e981fbcd7,"",5,2026-10-07T05:56:54.9825292+02:00
vertical-package,nonprofit,PASS,100,4,5ef5aab8-93b2-45c1-88d5-2abfe4ebe5aa,"",5,2026-10-07T05:57:22.2268159+02:00
lead-gen-retainer,nonprofit,PASS,100,5,987d5338-389d-40c6-aed0-5701af30717e,"",9,2026-10-07T05:57:52.9440234+02:00
ai-support-retainer,nonprofit,PASS,100,6,bd972e39-7221-44b7-ac62-8205a2f34808,"",4,2026-10-07T05:58:19.4185972+02:00
custom-software,nonprofit,PASS,100,2,a9901a16-327a-4ef9-bc6f-12976781c917,"",5,2026-10-07T05:58:45.9943856+02:00
bundle-portal-presence,nonprofit,PASS,100,5,5553f0ba-a167-46ae-ae1c-4412a3d62631,"",5,2026-10-07T05:59:12.5407626+02:00
bundle-sales-launch,nonprofit,PASS,100,4,3c6d0f2d-ef47-4c28-af53-ad643000585f,"",5,2026-10-07T05:59:39.1246276+02:00
bundle-ops-clarity,nonprofit,PASS,100,4,17ed2669-3e84-4bdb-afc2-635158fc9fbf,"",5,2026-10-07T06:00:06.3934759+02:00
setup-quick,government,PASS,100,3,3446f7f1-f3b6-420e-a1f5-26d780279959,"",5,2026-10-07T06:00:33.0191246+02:00
setup-full,government,PASS,100,6,cb243eff-8b8b-4ed8-ac0e-cffd9e05a3c8,"",5,2026-10-07T06:00:59.7876561+02:00
setup-custom,government,PASS,100,4,7432b888-79b1-4e25-bcbf-88803386009a,"",5,2026-10-07T06:01:26.5629629+02:00
audit,government,PASS,100,2,e8ac54c0-a0cd-4842-8bb1-22eb4c16edc3,"",5,2026-10-07T06:01:53.3457179+02:00
integration,government,PASS,100,4,72fbf0c8-f6b5-4439-9753-91989ca3e09e,"",5,2026-10-07T06:02:19.9494402+02:00
workflow-design,government,PASS,100,2,cf9302fb-52db-4d0e-9f9c-31d4c744ea5e,"",5,2026-10-07T06:02:46.5653585+02:00
support-priority,government,PASS,100,4,9707e326-09f3-476a-abeb-a2f6308d68f0,"",5,2026-10-07T06:03:13.2845737+02:00
support-dedicated,government,PASS,100,4,c6ae1342-ef17-4e30-ab85-519c10278e7e,"",5,2026-10-07T06:03:39.9188564+02:00
landing,government,PASS,100,2,239ba2df-68ec-455d-bedb-53ba9bdbf367,"",5,2026-10-07T06:04:06.5104081+02:00
website-business,government,PASS,100,2,3acc2bd2-317f-4c8e-90e8-c20cf94665d2,"",5,2026-10-07T06:04:33.1832506+02:00
website-ecommerce,government,PASS,100,2,ff23738e-da9f-4849-89a1-8e2e21e1c068,"",5,2026-10-07T06:05:00.1301863+02:00
white-label-setup,government,PASS,100,4,73d9e158-5809-4d10-a5c4-4a62a2d09b4a,"",5,2026-10-07T06:05:26.7801349+02:00
sales-enablement,government,PASS,100,2,93dc0aaf-2535-4fe4-ae35-9e78c055bf90,"",5,2026-10-07T06:05:53.3943256+02:00
vertical-package,government,PASS,100,4,6fd69de9-277f-4b5b-8b4a-9af10df22b91,"",5,2026-10-07T06:06:19.9616009+02:00
lead-gen-retainer,government,PASS,100,5,b798758d-5efe-4861-81b0-0d1567ba4021,"",21,2026-10-07T06:07:02.9824976+02:00
ai-support-retainer,government,PASS,100,6,131436b3-936c-4acf-93da-a9b3319f2cb6,"",5,2026-10-07T06:07:29.5744535+02:00
custom-software,government,PASS,100,2,97b6c9cd-451e-4b94-a1e2-954be6a0cefa,"",5,2026-10-07T06:07:56.1655933+02:00
bundle-portal-presence,government,PASS,100,5,b0d764a1-ecb9-44e5-b9e0-8f9fe39bc5a8,"",5,2026-10-07T06:08:22.7902828+02:00
bundle-sales-launch,government,PASS,100,4,2579a845-105a-4504-9ba1-6074be9b6f92,"",5,2026-10-07T06:08:49.3411446+02:00
bundle-ops-clarity,government,PASS,100,4,fb4eff9c-8aa8-4585-ab92-ca9a6f2bc16a,"",5,2026-10-07T06:09:15.8827984+02:00
setup-quick,energy,PASS,100,3,b1f255c9-ce0e-47d5-8fec-0d0f06eb6a8a,"",5,2026-10-07T06:09:42.6245708+02:00
setup-full,energy,PASS,100,6,174da375-edaf-4ff4-98a2-fd31db6d3fc1,"",5,2026-10-07T06:10:09.1944590+02:00
setup-custom,energy,PASS,100,4,4ff4cc21-a869-4594-bcad-5c186ec25b13,"",5,2026-10-07T06:10:35.7503226+02:00
audit,energy,PASS,100,2,79fb76d4-62f0-4715-958f-9eaf0a2dacf2,"",5,2026-10-07T06:11:02.4335967+02:00
integration,energy,PASS,100,4,a9bdc5db-e673-4d53-a464-82a1b39df4a5,"",5,2026-10-07T06:11:29.0414229+02:00
workflow-design,energy,PASS,100,2,0bbe5542-5f4f-46f3-a13d-72ebd7182e1e,"",5,2026-10-07T06:11:55.7217819+02:00
support-priority,energy,PASS,100,4,0f698b98-8394-4aef-ac1e-ab0172aab87f,"",5,2026-10-07T06:12:22.3613274+02:00
support-dedicated,energy,PASS,100,4,3bd8d9f8-390b-409a-b777-5c3229aa030f,"",5,2026-10-07T06:12:48.8933279+02:00
landing,energy,PASS,100,2,184be649-c3cf-4b9c-9ad9-51ebe265d12a,"",5,2026-10-07T06:13:15.4205698+02:00
website-business,energy,PASS,100,2,9898a81b-5e06-42e0-a579-67580726f711,"",4,2026-10-07T06:13:41.9339655+02:00
website-ecommerce,energy,PASS,100,2,4244c4a2-b828-4cb7-ad1a-f3d6175dae37,"",5,2026-10-07T06:14:08.5530318+02:00
white-label-setup,energy,PASS,100,4,d6573637-df0b-4ff0-abb3-a7e01d3c507a,"",4,2026-10-07T06:14:35.0644880+02:00
sales-enablement,energy,PASS,100,2,46a6cd09-5b84-4184-bcbe-b1ef0a46f403,"",4,2026-10-07T06:15:01.5841614+02:00
vertical-package,energy,PASS,100,4,a0dd1e7c-50b8-4927-9590-a41ff6f22022,"",5,2026-10-07T06:15:28.1012332+02:00
lead-gen-retainer,energy,PASS,100,5,501623c2-716d-4e67-ace0-b865faec827b,"",14,2026-10-07T06:16:03.6736703+02:00
ai-support-retainer,energy,PASS,100,6,b292b164-c3f6-4b9b-8e62-4c7e4342c3d5,"",4,2026-10-07T06:16:30.1268438+02:00
custom-software,energy,PASS,100,2,bc9a2f5d-8dea-403d-9ab8-71f8f0420d20,"",5,2026-10-07T06:16:56.6960267+02:00
bundle-portal-presence,energy,PASS,100,5,100bd5a1-5950-4fe6-b218-e1aaf73f5b1d,"",5,2026-10-07T06:17:23.2686890+02:00
bundle-sales-launch,energy,PASS,100,4,38e5698b-3c1b-4040-9b67-da1cbf8a22f3,"",4,2026-10-07T06:17:49.7715873+02:00
bundle-ops-clarity,energy,PASS,100,4,9c1a1917-0eba-43a9-8f6b-8e1a9684ce43,"",5,2026-10-07T06:18:16.4997689+02:00
setup-quick,travel,PASS,100,3,a30c8896-3277-47b4-b5df-be452d4e3070,"",5,2026-10-07T06:18:43.3395972+02:00
setup-full,travel,PASS,100,6,df3e159e-d8ba-4ad5-9dde-a190fe4696c0,"",5,2026-10-07T06:19:10.3502695+02:00
setup-custom,travel,PASS,100,4,611f3ee3-d964-4659-97f8-7f4445f7f28b,"",5,2026-10-07T06:19:37.1078183+02:00
audit,travel,PASS,100,2,fbb3f7a3-043b-407a-8f84-ddd8c06ceb2b,"",5,2026-10-07T06:20:04.5915325+02:00
integration,travel,PASS,100,4,7db0f4a5-e949-4e8c-828b-19af8b2d6d83,"",5,2026-10-07T06:20:31.2051169+02:00
workflow-design,travel,PASS,100,2,6d605b0b-e64b-48ae-af14-fa93eaf5210d,"",5,2026-10-07T06:20:57.8042927+02:00
support-priority,travel,PASS,100,4,e8b01d73-9cd6-4d2b-b002-c76006ea4dcf,"",5,2026-10-07T06:21:24.4731468+02:00
support-dedicated,travel,PASS,100,4,bd5074bd-c3b9-4284-8bb3-ddc76c640a98,"",5,2026-10-07T06:21:51.1726157+02:00
landing,travel,PASS,100,2,b454287c-3782-488e-bfb0-2c031cb7f421,"",5,2026-10-07T06:22:17.7312723+02:00
website-business,travel,PASS,100,2,76fd37b0-5c3f-4bc4-913f-816a40ced85a,"",5,2026-10-07T06:22:44.4991298+02:00
website-ecommerce,travel,PASS,100,2,ab6eaf8e-7a46-4d09-a6f5-cbea25f9734b,"",5,2026-10-07T06:23:11.0940433+02:00
white-label-setup,travel,PASS,100,4,d2d52786-1e6f-4daa-91d3-4231b0756834,"",5,2026-10-07T06:23:38.0690564+02:00
sales-enablement,travel,PASS,100,2,e98685a1-38d3-46ae-a967-a7e3969f55d4,"",5,2026-10-07T06:24:04.7348808+02:00
vertical-package,travel,PASS,100,4,89105506-ea58-4510-8d33-bb08d096ae8e,"",5,2026-10-07T06:24:31.3509784+02:00
lead-gen-retainer,travel,PASS,100,5,02d433bd-2e15-4573-94c9-4a3e1d6ac43b,"",9,2026-10-07T06:25:02.6900275+02:00
ai-support-retainer,travel,PASS,100,6,994af200-34fb-4b43-b268-24035698fd39,"",5,2026-10-07T06:25:29.5496514+02:00
custom-software,travel,PASS,100,2,30bfc564-7bbf-438c-8fd5-3b00d8c18f0f,"",5,2026-10-07T06:25:56.2510773+02:00
bundle-portal-presence,travel,PASS,100,5,dad0ce56-e37b-42d1-894c-20c6b29b188d,"",5,2026-10-07T06:26:22.8639963+02:00
bundle-sales-launch,travel,PASS,100,4,ea167011-68f0-4e48-beab-19ebfb1b5781,"",5,2026-10-07T06:26:49.4368406+02:00
bundle-ops-clarity,travel,PASS,100,4,24578a70-7c09-4252-8de7-b7fd308911cf,"",5,2026-10-07T06:27:16.1228412+02:00
setup-quick,professional,PASS,100,3,f206e21b-f534-485b-9ba2-40c0393f08a2,"",5,2026-10-07T06:27:43.4062263+02:00
setup-full,professional,PASS,100,6,b75a1c47-9ff9-4fd0-9e3e-10d0079aa155,"",4,2026-10-07T06:28:09.9220202+02:00
setup-custom,professional,PASS,100,4,d9e76b11-8ae2-49c0-9e3e-b4d17d05664e,"",5,2026-10-07T06:28:36.5264474+02:00
audit,professional,PASS,100,2,5369ee81-0fb8-42eb-aea7-54964bb219be,"",5,2026-10-07T06:29:03.4989885+02:00
integration,professional,PASS,100,4,25f9aecb-8f72-4366-8d56-de7387e6185e,"",5,2026-10-07T06:29:30.0917374+02:00
workflow-design,professional,PASS,100,2,970671bf-b4ea-4f49-95f7-02ae67431183,"",5,2026-10-07T06:29:56.6219044+02:00
support-priority,professional,PASS,100,4,76e396d5-2b7c-4426-8258-af35df22bead,"",5,2026-10-07T06:30:23.2294011+02:00
support-dedicated,professional,PASS,100,4,301f5832-0759-489a-888d-e98bbb7d561d,"",5,2026-10-07T06:30:49.8076527+02:00
landing,professional,PASS,100,2,8304bedb-ffaf-48b3-9a3b-0fdc02a574bf,"",5,2026-10-07T06:31:16.3779754+02:00
website-business,professional,PASS,100,2,f858cc68-1940-4b46-abd1-315ae07fd024,"",5,2026-10-07T06:31:42.9665378+02:00
website-ecommerce,professional,PASS,100,2,967db736-dcc2-458a-9332-ddf84c0abfd8,"",4,2026-10-07T06:32:09.4759732+02:00
white-label-setup,professional,PASS,100,4,3eb8f06b-257a-4247-ac19-57f002882a41,"",5,2026-10-07T06:32:36.0441911+02:00
sales-enablement,professional,PASS,100,2,dd083619-b454-4fa9-a374-efe57f4c8f91,"",5,2026-10-07T06:33:02.7555544+02:00
vertical-package,professional,PASS,100,4,893f14dc-0fa5-46af-a305-3990f2a6b5b0,"",5,2026-10-07T06:33:29.5766390+02:00
lead-gen-retainer,professional,PASS,100,5,698223a6-1d39-4825-9d5f-704670369761,"",9,2026-10-07T06:34:00.2375651+02:00
ai-support-retainer,professional,PASS,100,6,05414105-890e-481a-b2bd-a2894d37e5e4,"",5,2026-10-07T06:34:26.7731433+02:00
custom-software,professional,PASS,100,2,9571ff83-4f84-4027-a8d1-5f82c7f3452c,"",4,2026-10-07T06:34:53.2944994+02:00
bundle-portal-presence,professional,PASS,100,5,f48ed84b-812f-430f-8f64-80b63e0af321,"",5,2026-10-07T06:35:19.9204585+02:00
bundle-sales-launch,professional,PASS,100,4,1a843808-de44-4539-a553-6a4d5e9eacf2,"",5,2026-10-07T06:35:46.5074405+02:00
bundle-ops-clarity,professional,PASS,100,4,62bfd446-2333-4970-b85e-904eaa26759f,"",5,2026-10-07T06:36:13.0722045+02:00
setup-quick,entertainment,PASS,100,3,66cf41d5-cfe0-4316-8b30-bf13bec15bca,"",5,2026-10-07T06:36:39.8238708+02:00
setup-full,entertainment,PASS,100,6,8b1db4c0-2ef5-44cc-94e6-12e6ece45749,"",5,2026-10-07T06:37:06.6284049+02:00
setup-custom,entertainment,PASS,100,4,6c56db90-a23b-4a67-b493-f341b4432916,"",5,2026-10-07T06:37:33.2838470+02:00
audit,entertainment,PASS,100,2,ae2961ca-5338-4fa2-bb59-971605cceb17,"",5,2026-10-07T06:38:00.0349736+02:00
integration,entertainment,PASS,100,4,5b4a4fed-b670-47a4-abae-d1c5fb21e737,"",5,2026-10-07T06:38:26.6729177+02:00
workflow-design,entertainment,PASS,100,2,1f76776b-0c8b-4e94-949a-2031b6fa1f78,"",5,2026-10-07T06:38:53.2885021+02:00
support-priority,entertainment,PASS,100,4,ba52fe81-50c3-4bc8-bfd9-732a6054260b,"",5,2026-10-07T06:39:19.8556308+02:00
support-dedicated,entertainment,PASS,100,4,7fe62c69-5ef8-4df6-b61a-74f1ab52c9ec,"",5,2026-10-07T06:39:46.4527545+02:00
landing,entertainment,PASS,100,2,750ac9d3-9f20-4af8-bd54-252e6d333c9b,"",5,2026-10-07T06:40:13.3047394+02:00
website-business,entertainment,PASS,100,2,ac7ed35d-c203-4415-a6b7-2903d0326090,"",5,2026-10-07T06:40:39.9526434+02:00
website-ecommerce,entertainment,PASS,100,2,2696b9aa-9db6-458f-964e-c82313c80f82,"",5,2026-10-07T06:41:06.6773564+02:00
white-label-setup,entertainment,PASS,100,4,9a14f9ce-0747-413e-b983-261efb9bc464,"",5,2026-10-07T06:41:33.3451562+02:00
sales-enablement,entertainment,PASS,100,2,1de53c98-867f-4999-80f1-e287af1f7f35,"",5,2026-10-07T06:41:59.9958101+02:00
vertical-package,entertainment,PASS,100,4,ac3f6ac9-5796-4b8d-b0ff-aae5f9bf1ec1,"",5,2026-10-07T06:42:26.8416746+02:00
lead-gen-retainer,entertainment,PASS,100,5,4340551b-7b77-45d6-8d92-2ec7e3a822e6,"",9,2026-10-07T06:42:57.5711387+02:00
ai-support-retainer,entertainment,PASS,100,6,24122295-fe66-4d35-b765-ac24602d835e,"",5,2026-10-07T06:43:24.1792010+02:00
custom-software,entertainment,PASS,100,2,5529fa74-a8e2-41d5-993c-30cefb80b9a3,"",5,2026-10-07T06:43:50.7534151+02:00
bundle-portal-presence,entertainment,PASS,100,5,db65b0e0-2050-48f7-a596-3d94c7dd8b29,"",4,2026-10-07T06:44:17.2611249+02:00
bundle-sales-launch,entertainment,PASS,100,4,b97d7a2d-206b-4d1a-b208-6711be73f5d2,"",5,2026-10-07T06:44:44.0182043+02:00
bundle-ops-clarity,entertainment,PASS,100,4,55cfe58c-6d03-4fb4-be5f-a9f5093c3fc2,"",5,2026-10-07T06:45:10.6689817+02:00
setup-quick,home_services,PASS,100,3,b73d51ff-ea1b-4378-b7f4-df04a6a4025a,"",5,2026-10-07T06:45:38.0281948+02:00
setup-full,home_services,PASS,100,6,0b9e8cb3-2c19-4752-946d-1a0eebe14650,"",5,2026-10-07T06:46:05.3173106+02:00
setup-custom,home_services,PASS,100,4,17e84821-5e9a-49a6-bb33-407caf77967a,"",5,2026-10-07T06:46:32.0364581+02:00
audit,home_services,PASS,100,2,f848e82a-5dfc-48d6-be8c-8636909ae2f6,"",5,2026-10-07T06:46:58.6188547+02:00
integration,home_services,PASS,100,4,dd410692-3dca-43f0-82e9-25e942edc01d,"",5,2026-10-07T06:47:25.4545666+02:00
workflow-design,home_services,PASS,100,2,b77970fa-d962-4633-9e60-1b0aef9d4ba1,"",5,2026-10-07T06:47:52.0672405+02:00
support-priority,home_services,PASS,100,4,390a148d-5bdd-4523-9d8c-95e4c10816f9,"",5,2026-10-07T06:48:18.6350131+02:00
support-dedicated,home_services,PASS,100,4,4b8f94f7-6dbc-4847-9f9c-062978bc1708,"",5,2026-10-07T06:48:45.3335552+02:00
landing,home_services,PASS,100,2,42739c3f-168e-4a3b-80d7-8029db6bb6a5,"",5,2026-10-07T06:49:11.8734888+02:00
website-business,home_services,PASS,100,2,47d62803-d01b-4b72-b994-e997bb270742,"",5,2026-10-07T06:49:38.4668092+02:00
website-ecommerce,home_services,PASS,100,2,63a445a6-b496-4b20-acf2-5d2efbceb610,"",6,2026-10-07T06:50:06.3596936+02:00
white-label-setup,home_services,PASS,100,4,8a234776-ba9d-439b-8cdb-692cbc44133c,"",5,2026-10-07T06:50:32.9470011+02:00
sales-enablement,home_services,PASS,100,2,7c9ef353-a5b6-4d6a-8d3c-14a63067e398,"",5,2026-10-07T06:50:59.4883424+02:00
vertical-package,home_services,PASS,100,4,f7e55acf-c3a9-49b5-ae5a-7674a8dd2156,"",5,2026-10-07T06:51:26.3187007+02:00
lead-gen-retainer,home_services,PASS,100,5,6cc547db-2ea8-4d42-8f82-2ab7b36b7064,"",13,2026-10-07T06:52:01.2387580+02:00
ai-support-retainer,home_services,PASS,100,6,56547402-7635-411f-a839-43d84b7f2120,"",5,2026-10-07T06:52:27.8179215+02:00
custom-software,home_services,PASS,100,2,bb2082a1-6b1d-4dc7-a5f5-4f877faca381,"",5,2026-10-07T06:52:54.3839796+02:00
bundle-portal-presence,home_services,PASS,100,5,cb949e40-15c7-4d47-bd80-6dbd5034e1f1,"",4,2026-10-07T06:53:20.9037721+02:00
bundle-sales-launch,home_services,PASS,100,4,8aef3d4f-63b8-4b0c-b826-ffae319e2748,"",5,2026-10-07T06:53:47.5284525+02:00
bundle-ops-clarity,home_services,PASS,100,4,77745939-d346-4f28-b668-bd183758ceef,"",5,2026-10-07T06:54:14.1324470+02:00
setup-quick,pets,PASS,100,3,8139a8b6-b0ac-4cd3-ae16-902dbd717c9c,"",5,2026-10-07T06:54:41.1141033+02:00
setup-full,pets,PASS,100,6,fe93e5bd-d0f9-405a-bcd9-1c4d6887bf36,"",5,2026-10-07T06:55:07.9307102+02:00
setup-custom,pets,PASS,100,4,df26c26c-1119-4adb-863d-75be8746ce98,"",5,2026-10-07T06:55:34.4877085+02:00
audit,pets,PASS,100,2,83ce83c3-8d63-42c1-9267-08ca69f832a4,"",5,2026-10-07T06:56:01.2705736+02:00
integration,pets,PASS,100,4,3d077f6f-f5bc-4254-bdd5-da2a94c240ce,"",5,2026-10-07T06:56:28.0529652+02:00
workflow-design,pets,PASS,100,2,b36c070f-dd28-4b74-9415-25d9652913dc,"",5,2026-10-07T06:56:54.8712058+02:00
support-priority,pets,PASS,100,4,42aa57ab-7ee2-4c33-bdc0-2b5c74738d6a,"",5,2026-10-07T06:57:21.4720432+02:00
support-dedicated,pets,PASS,100,4,a2d424a6-5f0b-4f66-a183-1e1259f3ff13,"",5,2026-10-07T06:57:48.0438037+02:00
landing,pets,PASS,100,2,6271880e-6f05-4dbb-bdee-a048dc1c4fc2,"",5,2026-10-07T06:58:14.7419262+02:00
website-business,pets,PASS,100,2,d8c61e7a-6cbe-4a18-8ace-e966d2365840,"",5,2026-10-07T06:58:41.2683962+02:00
website-ecommerce,pets,PASS,100,2,a90f23ce-e9cc-4baa-a707-7e084340df8f,"",5,2026-10-07T06:59:08.6024362+02:00
white-label-setup,pets,PASS,100,4,612710ff-4208-4217-b38f-0310322e4396,"",5,2026-10-07T06:59:35.1132846+02:00
sales-enablement,pets,PASS,100,2,f3d13b03-d884-4b74-b75a-6d19f0dec730,"",4,2026-10-07T07:00:01.6008322+02:00
vertical-package,pets,PASS,100,4,9fa39f29-2898-46a0-9fe6-a3e4ff7d3663,"",5,2026-10-07T07:00:28.2832192+02:00
lead-gen-retainer,pets,PASS,100,5,ca5b797f-9a0b-45b8-a196-6e6b2c90454d,"",9,2026-10-07T07:00:59.3499875+02:00
ai-support-retainer,pets,PASS,100,6,5f065df8-0cbc-42d4-8528-ef82c4d0da1c,"",5,2026-10-07T07:01:25.9525909+02:00
custom-software,pets,PASS,100,2,904fc32f-0579-48ac-9b1d-f6130d53ae34,"",5,2026-10-07T07:01:52.5994999+02:00
bundle-portal-presence,pets,PASS,100,5,9b7affad-9336-473a-a1f2-f1b0e7510a9b,"",5,2026-10-07T07:02:19.1738106+02:00
bundle-sales-launch,pets,PASS,100,4,75d460ba-4b69-469b-8dec-047858c4d8b5,"",5,2026-10-07T07:02:45.7193986+02:00
bundle-ops-clarity,pets,PASS,100,4,085888bd-0fc9-4999-ae91-9a33a339ecb2,"",5,2026-10-07T07:03:12.2500068+02:00
setup-quick,industrial,PASS,100,3,63d85343-fbf3-497b-93a9-b6238870cede,"",5,2026-10-07T07:03:39.2569857+02:00
setup-full,industrial,PASS,100,6,04c9eabf-7ba5-43ee-bdeb-87a97fae21b7,"",5,2026-10-07T07:04:05.7924802+02:00
setup-custom,industrial,PASS,100,4,36485c90-6229-4246-ac24-3d095ecd3708,"",5,2026-10-07T07:04:32.4923631+02:00
audit,industrial,PASS,100,2,28586c6b-7b54-4f44-9e4c-1addb68bc1b6,"",5,2026-10-07T07:04:59.0672115+02:00
integration,industrial,PASS,100,4,615261bd-d8a5-4edf-b134-31cd57de12c5,"",5,2026-10-07T07:05:25.7009170+02:00
workflow-design,industrial,PASS,100,2,97db7eb4-8cac-4b14-b486-125f56b24194,"",5,2026-10-07T07:05:52.3306004+02:00
support-priority,industrial,PASS,100,4,a771ecc3-90e1-4033-9d24-de1cf204d8a0,"",5,2026-10-07T07:06:19.1872825+02:00
support-dedicated,industrial,PASS,100,4,9422e885-a52d-4ae4-9a67-0243d1d91826,"",5,2026-10-07T07:06:45.9745188+02:00
landing,industrial,PASS,100,2,ead07ec3-8d31-4117-b580-0837619ef7b0,"",5,2026-10-07T07:07:12.6004669+02:00
website-business,industrial,PASS,100,2,730391dd-5b7a-439c-8a32-5fcc436a41ca,"",5,2026-10-07T07:07:39.1960860+02:00
website-ecommerce,industrial,PASS,100,2,8cf740a6-6c9b-44d9-b84e-92ecec1b3b2a,"",5,2026-10-07T07:08:06.0930505+02:00
white-label-setup,industrial,PASS,100,4,e2a35487-0b2d-4d97-a394-5203614232dc,"",4,2026-10-07T07:08:32.5984013+02:00
sales-enablement,industrial,PASS,100,2,88f71c67-4bc8-459d-83a2-262175508e38,"",5,2026-10-07T07:08:59.2327022+02:00
vertical-package,industrial,PASS,100,4,5ffcaf7d-8c41-487f-8267-5031892d6a4d,"",5,2026-10-07T07:09:25.8056702+02:00
lead-gen-retainer,industrial,PASS,100,5,18edf63a-84bb-493b-8cdd-b18e3b6e940e,"",9,2026-10-07T07:09:56.4520794+02:00
ai-support-retainer,industrial,PASS,100,6,c496ffee-c61f-4f3f-b8c2-80b1a6b37873,"",5,2026-10-07T07:10:23.0583299+02:00
custom-software,industrial,PASS,100,2,61e68ddd-9780-48d5-ab84-b0dae284c880,"",5,2026-10-07T07:10:49.9561599+02:00
bundle-portal-presence,industrial,PASS,100,5,b3c30579-96ac-41c7-8bb5-a094935dc96b,"",5,2026-10-07T07:11:16.6431308+02:00
bundle-sales-launch,industrial,PASS,100,4,41c6160e-3c52-48be-9819-d43d34e21009,"",5,2026-10-07T07:11:43.4984358+02:00
bundle-ops-clarity,industrial,PASS,100,4,a5ee9859-f2de-4dff-9c94-02f07bd9b666,"",5,2026-10-07T07:12:10.5527510+02:00
