deliverableId,industryCategory,status,score,artifacts,paymentId,error,elapsedSec,checkedAt
setup-quick,admin_support,PASS,,3,c7fd8717-2d81-4218-861d-6ea13c13994c,"",23,2026-10-06T09:45:30.4512106+02:00
setup-full,admin_support,PASS,,5,92694fed-1557-478b-b78a-13f546bca346,"",215,2026-10-06T09:49:27.9199458+02:00
setup-custom,admin_support,PASS,,3,e8c17805-ff3d-472c-9182-ddd0df482999,"",79,2026-10-06T09:51:10.9609257+02:00
audit,admin_support,PASS,,2,8988d338-00ae-4462-b020-aa7694390038,"",18,2026-10-06T09:51:51.0381179+02:00
integration,admin_support,PASS,,3,e201cac9-c1e7-4340-9260-8e3505efd9cc,"",10,2026-10-06T09:52:23.6860413+02:00
workflow-design,admin_support,PASS,,2,59a397f8-4e4c-4f6a-bfe2-bf432e5395f2,"",21,2026-10-06T09:53:08.9766822+02:00
support-priority,admin_support,PASS,,4,1c874b39-ac7c-4f17-bcb6-50cffc2da7b9,"",114,2026-10-06T09:55:25.5742846+02:00
support-dedicated,admin_support,PASS,,4,2cf98266-c677-4a73-a9c8-ed36e5bffef6,"",65,2026-10-06T09:56:53.2570930+02:00
landing,admin_support,PASS,,2,260e9f7c-f31b-4ed0-9feb-7e5afd4ef668,"",291,2026-10-06T10:02:09.1419894+02:00
website-business,admin_support,PASS,,2,10cce397-178b-4bba-8af4-1aec4e502ea0,"",18,2026-10-06T10:02:50.2327506+02:00
website-ecommerce,admin_support,PASS,,2,7bc6e209-13cd-4011-87f6-52eff18455d5,"",33,2026-10-06T10:03:46.8709445+02:00
white-label-setup,admin_support,PASS,,4,ac895147-b594-4c08-bc9f-2fdb66cff951,"",47,2026-10-06T10:04:55.6984519+02:00
sales-enablement,admin_support,PASS,,2,f16db53c-cc81-4d79-a99f-7c4864a89e56,"",19,2026-10-06T10:05:36.8975829+02:00
vertical-package,admin_support,PASS,,3,ad62fe10-7ec2-4fdb-9f22-d1637a934a30,"",154,2026-10-06T10:08:34.9860467+02:00
lead-gen-retainer,admin_support,PASS,,4,fcfa2605-6ead-4912-b9dd-e4cd91f20e75,"",29,2026-10-06T10:09:27.3857040+02:00
ai-support-retainer,admin_support,PASS,,4,70dd602c-14f1-4a67-b375-d12a0da32f7c,"",7,2026-10-06T10:09:56.6046687+02:00
custom-software,admin_support,PASS,,2,89da061e-6409-4c5f-a0d1-32ef458af4f7,"",5,2026-10-06T17:40:31.9260183+02:00
bundle-portal-presence,admin_support,PASS,,5,b3797634-2bdf-4a90-84d3-a2acdde387f2,"",82,2026-10-06T10:12:08.7187027+02:00
bundle-sales-launch,admin_support,PASS,,4,ba2ab80f-c49b-4201-8bd1-bb9ce01fa424,"",7,2026-10-06T10:12:37.5739156+02:00
bundle-ops-clarity,admin_support,PASS,,4,a84500d7-f46d-4281-bd31-980f32ddec22,"",46,2026-10-06T10:13:45.9236804+02:00
setup-quick,ai_data,PASS,,3,b359a974-fb1b-4956-abf7-61e20fba7cd7,"",5,2026-10-06T17:41:02.5034353+02:00
setup-full,ai_data,PASS,,6,8a545976-38ab-482f-81c4-51038917241c,"",56,2026-10-06T10:15:29.2186818+02:00
setup-custom,ai_data,PASS,,4,5a7e42ae-f17e-46aa-8dfc-e00bbbee8e6b,"",8,2026-10-06T10:15:59.4224716+02:00
audit,ai_data,PASS,,2,7b539aec-2ab0-4b4e-9170-820a38bb65df,"",8,2026-10-06T10:16:30.0095549+02:00
integration,ai_data,PASS,,4,3bf7436f-95d0-459e-8403-53aa9001ed92,"",5,2026-10-06T10:16:57.4366147+02:00
workflow-design,ai_data,PASS,,2,336c875d-d687-4c0d-a800-e4e5315dce47,"",11,2026-10-06T10:17:30.0766484+02:00
support-priority,ai_data,PASS,,4,7d3420be-73d3-488e-809b-6805e207ee23,"",10,2026-10-06T10:18:02.2883373+02:00
support-dedicated,ai_data,PASS,,4,1fcf9172-79cf-4154-8868-9dc9bff6dc64,"",5,2026-10-06T10:18:29.7622251+02:00
landing,ai_data,PASS,,2,e8be2e62-2541-4b74-bb39-3e51e65a4c1c,"",7,2026-10-06T10:18:58.6312216+02:00
website-business,ai_data,PASS,,2,15d0804c-2557-4b5d-9262-f01fae1afe1e,"",5,2026-10-06T10:19:25.5591673+02:00
website-ecommerce,ai_data,PASS,,2,e08864d2-cba3-476f-9478-3f324a4afc72,"",5,2026-10-06T10:19:52.5464994+02:00
white-label-setup,ai_data,PASS,,4,d9136188-f14b-4cf2-a8d1-11a7048183a3,"",5,2026-10-06T10:20:20.2440256+02:00
sales-enablement,ai_data,PASS,,2,5aa12717-fde2-4c7b-aeb8-1f8b48147f9c,"",5,2026-10-06T10:20:47.7731474+02:00
vertical-package,ai_data,PASS,,4,0069e1dc-dc0b-49a4-b12a-d547b3deba5c,"",5,2026-10-06T10:21:14.5047901+02:00
lead-gen-retainer,ai_data,PASS,,5,94b6b03c-7779-4aa5-9eb5-c3e5c24f84c5,"",13,2026-10-06T10:21:49.6221924+02:00
ai-support-retainer,ai_data,PASS,,6,c627aff3-9ada-4143-8bc3-700f60687d8c,"",5,2026-10-06T10:22:16.9261537+02:00
custom-software,ai_data,PASS,,2,a24eb7fc-61cf-42f5-9173-1f1f2f48f8f1,"",5,2026-10-06T10:22:43.8377462+02:00
bundle-portal-presence,ai_data,PASS,,5,7491bb8d-ca68-413a-973f-bbd22483f503,"",5,2026-10-06T10:23:11.1439655+02:00
bundle-sales-launch,ai_data,PASS,,4,e475cc0c-b406-48bb-aad8-3a894a38368f,"",6,2026-10-06T10:23:38.6981174+02:00
bundle-ops-clarity,ai_data,PASS,,4,db9cb077-5767-48b5-971e-94277e932ccb,"",5,2026-10-06T10:24:05.8740991+02:00
setup-quick,audio_music,PASS,,3,113ea994-2fe4-492a-8619-04783208f345,"",5,2026-10-06T10:24:32.6176167+02:00
setup-full,audio_music,PASS,,6,bf4dac22-febb-4f43-9bf2-945db713929f,"",5,2026-10-06T10:24:59.4963572+02:00
setup-custom,audio_music,PASS,,4,c950e6f0-5494-4627-8496-a465a657ef72,"",5,2026-10-06T10:25:26.9480511+02:00
audit,audio_music,PASS,,2,d5d78a23-6ac5-4fb9-8364-0b0141391173,"",6,2026-10-06T10:25:54.6080485+02:00
integration,audio_music,PASS,,4,9f79820d-e7fe-4bbc-8447-404464a13489,"",5,2026-10-06T10:26:21.4970846+02:00
workflow-design,audio_music,PASS,,2,d89e5a81-2c64-4d46-b499-a03cf2834158,"",5,2026-10-06T10:26:48.1980950+02:00
support-priority,audio_music,PASS,,4,9e20ce34-3ecd-450d-b4c7-405e186f36c3,"",5,2026-10-06T10:27:15.0135689+02:00
support-dedicated,audio_music,PASS,,4,bcb6bfa1-88fe-4016-95ff-0a93ca5e5bb0,"",5,2026-10-06T10:27:41.9299418+02:00
landing,audio_music,PASS,,2,547d8c70-94ac-4eda-9f0f-3a2e5bce18b6,"",5,2026-10-06T10:28:08.8807379+02:00
website-business,audio_music,PASS,,2,5418b590-7052-40e5-b737-9db0ab15d25d,"",5,2026-10-06T10:28:35.6867467+02:00
website-ecommerce,audio_music,PASS,,2,aa2b8bf7-888a-4c55-99e4-9f8479a5ffed,"",5,2026-10-06T10:29:02.4352809+02:00
white-label-setup,audio_music,PASS,,4,8ac2d131-ef9c-4dd6-a075-4bab53ecd910,"",5,2026-10-06T10:29:29.3049457+02:00
sales-enablement,audio_music,PASS,,2,a1850e1b-7222-4abf-8701-42352870e6fe,"",5,2026-10-06T10:29:56.2987880+02:00
vertical-package,audio_music,PASS,,4,ce3b0450-7fb8-48dc-ad96-9640e2444be1,"",5,2026-10-06T10:30:23.2188541+02:00
lead-gen-retainer,audio_music,PASS,,5,e7f14f85-771d-4b78-8c4b-158ecfbea0b7,"",9,2026-10-06T10:30:54.6046845+02:00
ai-support-retainer,audio_music,PASS,,6,2c8c780d-e15d-49ec-b69e-2f4f6059c83b,"",5,2026-10-06T10:31:21.5785459+02:00
custom-software,audio_music,PASS,,2,176fa2cd-ab94-4f35-ae00-d129a8329a14,"",5,2026-10-06T10:31:48.4608640+02:00
bundle-portal-presence,audio_music,PASS,,5,c8afd142-901e-41b4-bb0e-8eac67da4962,"",5,2026-10-06T10:32:15.2431651+02:00
bundle-sales-launch,audio_music,PASS,,4,1bb8647e-53e3-420a-be17-ac5d0b11cf1e,"",5,2026-10-06T10:32:42.0246454+02:00
bundle-ops-clarity,audio_music,PASS,,4,ddbe2161-4846-41bb-8b91-1ba5c64db940,"",5,2026-10-06T10:33:09.2277359+02:00
setup-quick,business_consulting,PASS,,3,0e1089cc-2898-4407-92d8-dd26de506add,"",5,2026-10-06T10:33:35.9816043+02:00
setup-full,business_consulting,PASS,,6,473ffe48-957d-4403-86a7-3dad44891e2f,"",5,2026-10-06T10:34:03.0635714+02:00
setup-custom,business_consulting,PASS,,4,f871e950-1170-4f08-a27d-a68f81fd9a40,"",5,2026-10-06T10:34:30.0871561+02:00
audit,business_consulting,PASS,,2,12adcfae-dbad-44f5-b4c4-ef94ba56ff52,"",5,2026-10-06T10:34:56.9386871+02:00
integration,business_consulting,PASS,,4,8197aa5a-d07e-466a-8235-f16b8d172364,"",5,2026-10-06T10:35:23.8084805+02:00
workflow-design,business_consulting,PASS,,2,06c91951-f0bd-4610-8aa5-670f04532c81,"",5,2026-10-06T10:35:50.5901452+02:00
support-priority,business_consulting,PASS,,4,4a2dba75-242e-4e20-b5ee-995a3282d98f,"",5,2026-10-06T10:36:17.4616693+02:00
support-dedicated,business_consulting,PASS,,4,1d3af1e2-2124-4b5d-a437-a212c36996f9,"",5,2026-10-06T10:36:44.9418254+02:00
landing,business_consulting,PASS,,2,93930f82-e554-48be-b937-d34673eb9f48,"",5,2026-10-06T10:37:11.7481947+02:00
website-business,business_consulting,PASS,,2,43410149-0617-426e-b2da-2f5653f03ae6,"",5,2026-10-06T10:37:38.8436606+02:00
website-ecommerce,business_consulting,PASS,,2,b034c8c2-cde0-4cd5-bd3c-d271be1ed89d,"",5,2026-10-06T10:38:06.0956641+02:00
white-label-setup,business_consulting,PASS,,4,c66112bb-be3f-4cce-9122-9d72858f3332,"",5,2026-10-06T10:38:33.0124012+02:00
sales-enablement,business_consulting,PASS,,2,2dcca6cd-77bf-4b4d-8a06-4ebff8dbc72e,"",5,2026-10-06T10:38:59.8549333+02:00
vertical-package,business_consulting,PASS,,4,d0ca7600-8824-4f13-988c-715272be17f4,"",5,2026-10-06T10:39:26.6764376+02:00
lead-gen-retainer,business_consulting,PASS,,5,ec827384-7259-4534-9f3a-08d6a79d7be0,"",13,2026-10-06T10:40:01.9266376+02:00
ai-support-retainer,business_consulting,PASS,,6,def7d9a5-8d81-4078-879b-edfdc6cd7dfc,"",5,2026-10-06T10:40:28.7594038+02:00
custom-software,business_consulting,PASS,,2,0b1c7cdd-596f-4da8-9593-d5ac9678b914,"",5,2026-10-06T10:40:55.7530583+02:00
bundle-portal-presence,business_consulting,PASS,,5,ec698089-f4aa-4c8c-9c90-8a4080d9a604,"",5,2026-10-06T10:41:22.5660884+02:00
bundle-sales-launch,business_consulting,PASS,,4,80fd9b0a-b263-4d2b-80c2-331a44aeb132,"",5,2026-10-06T10:41:49.4642382+02:00
bundle-ops-clarity,business_consulting,PASS,,4,24d073ea-aad5-4210-b875-fe16f280eefd,"",5,2026-10-06T10:42:16.3758898+02:00
setup-quick,community_moderation,PASS,,3,271723a1-b154-4112-b332-a39db4613fb9,"",29,2026-10-06T10:43:07.2199530+02:00
setup-full,community_moderation,PASS,,6,d1e13dc9-a253-4164-a1f8-1d3e128aa007,"",5,2026-10-06T10:43:33.7902816+02:00
setup-custom,community_moderation,PASS,,4,e870e625-a96d-4445-a7bd-819c2f94a40d,"",44,2026-10-06T10:44:39.8197989+02:00
audit,community_moderation,PASS,,2,f0e931e0-b45b-436e-a5ca-c89fc7e4d300,"",5,2026-10-06T10:45:06.6670023+02:00
integration,community_moderation,PASS,,4,0c80d0b9-cfee-456c-9038-cd3df5fd949b,"",5,2026-10-06T10:45:33.3041325+02:00
workflow-design,community_moderation,PASS,,2,cd1c2893-3519-4b78-9098-582e83de98be,"",5,2026-10-06T10:46:00.0634256+02:00
support-priority,community_moderation,PASS,,4,e45546db-ea9e-468c-a2d0-820f3143e7e0,"",5,2026-10-06T10:46:26.8897841+02:00
support-dedicated,community_moderation,PASS,,4,fcc6fb84-97ca-4a89-933e-00f388f2ba8c,"",5,2026-10-06T10:46:53.4964743+02:00
landing,community_moderation,PASS,,2,224c8d31-b6cb-4252-8975-52beebda8931,"",5,2026-10-06T10:47:20.2215009+02:00
website-business,community_moderation,PASS,,2,1b7fa51d-4a5c-4245-b632-33662b0695f3,"",5,2026-10-06T10:47:46.9416829+02:00
website-ecommerce,community_moderation,PASS,,2,4e8d7467-70d8-4c4d-902e-600731c0ee73,"",5,2026-10-06T10:48:13.5676851+02:00
white-label-setup,community_moderation,PASS,,4,da25c1a2-41fe-4d13-b162-160ebbc21427,"",5,2026-10-06T10:48:40.1248972+02:00
sales-enablement,community_moderation,PASS,,2,cbb8c47c-9c5f-4d40-b82a-3ebd7cbe9fbd,"",5,2026-10-06T10:49:06.7583718+02:00
vertical-package,community_moderation,PASS,,4,16c30573-e7a6-44a7-a79c-7038222314f3,"",5,2026-10-06T10:49:33.2910167+02:00
lead-gen-retainer,community_moderation,PASS,,5,211171f8-2048-4008-a39d-fc694d5bb570,"",9,2026-10-06T10:50:04.1165401+02:00
ai-support-retainer,community_moderation,PASS,,6,1f775c90-123e-46fb-8871-f0435c36e03c,"",5,2026-10-06T10:50:30.7112351+02:00
custom-software,community_moderation,PASS,,2,fe188956-9657-4129-a082-43bce6ea09ad,"",5,2026-10-06T10:50:57.3739909+02:00
bundle-portal-presence,community_moderation,PASS,,5,c97491de-2058-433e-aeab-19a88e5fc403,"",5,2026-10-06T10:51:23.9319823+02:00
bundle-sales-launch,community_moderation,PASS,,4,ef820e3c-5034-4d00-a94f-2e0eed141d07,"",5,2026-10-06T10:51:50.4671454+02:00
bundle-ops-clarity,community_moderation,PASS,,4,ae12333f-330d-46de-a7a5-af4541d140db,"",5,2026-10-06T10:52:17.0771672+02:00
setup-quick,creator_services,PASS,,3,495d5462-32c4-4af1-b41a-42fcec3550f9,"",5,2026-10-06T10:52:43.6844013+02:00
setup-full,creator_services,PASS,,6,f0fdb4b6-19d9-4f63-b54a-e23d0172b962,"",44,2026-10-06T10:53:49.4848286+02:00
setup-custom,creator_services,PASS,,4,19549004-e5b3-4d3a-b27f-9a5e86774b34,"",5,2026-10-06T10:54:16.1081538+02:00
audit,creator_services,PASS,,2,09913308-f005-417c-8f9c-30c1a97b29fe,"",5,2026-10-06T10:54:42.7683909+02:00
integration,creator_services,PASS,,4,bd349401-af0e-495e-a8c4-47089f09b503,"",5,2026-10-06T10:55:09.3201207+02:00
workflow-design,creator_services,PASS,,2,f8c109b8-dbcb-42d9-b91d-2fba7ad31a9c,"",5,2026-10-06T10:55:36.0132415+02:00
support-priority,creator_services,PASS,,4,6a8fb4a7-01f7-4818-b661-1f0a3cf91023,"",5,2026-10-06T10:56:02.6412875+02:00
support-dedicated,creator_services,PASS,,4,33867fd8-c700-4586-a526-75dca3ea4507,"",5,2026-10-06T10:56:29.2777154+02:00
landing,creator_services,PASS,,2,34de406b-6ff4-4edf-a048-8e99125e86e6,"",5,2026-10-06T10:56:55.8648225+02:00
website-business,creator_services,PASS,,2,ce32e6e5-e4a2-4bb0-a955-0f08217e7a7c,"",5,2026-10-06T10:57:22.6364230+02:00
website-ecommerce,creator_services,PASS,,2,95f7a84f-b9ad-4dc8-bb05-6cd44ebca439,"",5,2026-10-06T10:57:49.3256143+02:00
white-label-setup,creator_services,PASS,,4,2b8c31f3-0d8c-4003-a263-742c47648484,"",5,2026-10-06T10:58:15.9491388+02:00
sales-enablement,creator_services,PASS,,2,6a794d70-1ee3-43ee-ab4b-5995372d6a77,"",5,2026-10-06T10:58:42.6270622+02:00
vertical-package,creator_services,PASS,,4,8ee96804-118f-4e34-824d-21aada2e1f64,"",5,2026-10-06T10:59:09.4314449+02:00
lead-gen-retainer,creator_services,PASS,,5,18835b48-aa6e-46d0-90d8-da1b62d587b0,"",9,2026-10-06T10:59:40.2026991+02:00
ai-support-retainer,creator_services,PASS,,6,8b3e66a3-19b4-43c7-8437-46857877e437,"",6,2026-10-06T11:00:08.6879263+02:00
custom-software,creator_services,PASS,,2,bb2807af-3ccd-453f-8ec2-8980a21dd4c7,"",5,2026-10-06T11:00:35.2974607+02:00
bundle-portal-presence,creator_services,PASS,,5,850e9c22-a5c7-4e7b-ab9e-fc0aacab6caa,"",5,2026-10-06T11:01:02.0514787+02:00
bundle-sales-launch,creator_services,PASS,,4,a7d52cd9-061f-4789-8cc0-6a0a2ad75e38,"",5,2026-10-06T11:01:28.6926879+02:00
bundle-ops-clarity,creator_services,PASS,,4,53cfbc2f-0b1e-4490-b17b-2c9f950e4a1f,"",5,2026-10-06T11:01:55.3537204+02:00
setup-quick,customer_service,PASS,,3,76a22753-c6ba-4144-8967-daccc7deb21d,"",50,2026-10-06T11:03:07.2131832+02:00
setup-full,customer_service,PASS,,6,22b7f99c-b232-466e-b22f-20c86431d943,"",5,2026-10-06T11:03:33.9381731+02:00
setup-custom,customer_service,PASS,,4,ab301460-bf6a-4ebe-a533-093c32bbf6e8,"",5,2026-10-06T11:04:00.7720563+02:00
audit,customer_service,PASS,,2,276eb12a-d896-4c6f-8b4a-3d9cb40c03ca,"",5,2026-10-06T11:04:27.3577818+02:00
integration,customer_service,PASS,,4,71e0ca4d-a424-4493-b822-f2ea25fc94e5,"",5,2026-10-06T11:04:53.9558815+02:00
workflow-design,customer_service,PASS,,2,57b497b2-faad-4079-87e5-8b07d3acc905,"",5,2026-10-06T11:05:20.5033993+02:00
support-priority,customer_service,PASS,,4,f774a0c5-f3d1-42fc-b595-41a1aa8671fb,"",5,2026-10-06T11:05:47.2774546+02:00
support-dedicated,customer_service,PASS,,4,8b710a60-6069-46e0-87a5-f1886e43d273,"",5,2026-10-06T11:06:13.9422798+02:00
landing,customer_service,PASS,,2,a551f0b9-b0d7-46f8-96a7-a0981c5582b3,"",5,2026-10-06T11:06:40.6649296+02:00
website-business,customer_service,PASS,,2,2fad1b89-6c75-4832-bd60-b44be5820bca,"",5,2026-10-06T11:07:07.6637425+02:00
website-ecommerce,customer_service,PASS,,2,3f190a9d-35d8-45b5-972a-7a921593bcf2,"",5,2026-10-06T11:07:34.3022020+02:00
white-label-setup,customer_service,PASS,,4,4fc7ff55-2ccc-4775-af0e-95807b5bfae5,"",5,2026-10-06T11:08:01.0573287+02:00
sales-enablement,customer_service,PASS,,2,fd7ae73a-d3e3-45ac-b6fc-faa38b0be991,"",5,2026-10-06T11:08:27.7770364+02:00
vertical-package,customer_service,PASS,,4,264f3b76-0ef7-4176-9382-2c90139a23d0,"",5,2026-10-06T11:08:54.4456200+02:00
lead-gen-retainer,customer_service,PASS,,5,3769a73c-950b-4fdb-be61-71a9f1b3771e,"",9,2026-10-06T11:09:25.2973872+02:00
ai-support-retainer,customer_service,PASS,,6,8b652c96-2757-4722-82da-b9af79b91436,"",5,2026-10-06T11:09:51.9006056+02:00
custom-software,customer_service,PASS,,2,883ff540-5c57-40d8-a5b2-72421ce1a903,"",5,2026-10-06T11:10:18.5270610+02:00
bundle-portal-presence,customer_service,PASS,,5,efd795ac-7d4a-4eb2-998b-77665fbc17dd,"",5,2026-10-06T11:10:45.0887018+02:00
bundle-sales-launch,customer_service,PASS,,4,830e7dea-f1ca-4b42-828a-51ce66589418,"",5,2026-10-06T11:11:11.8590993+02:00
bundle-ops-clarity,customer_service,PASS,,4,e53c0e5c-3b59-4008-a3fc-6a29d0ab5c2f,"",5,2026-10-06T11:11:38.7663157+02:00
setup-quick,design_creative,PASS,,3,84e86e7d-b7a4-4ddc-ac3f-8ab27cdf0a66,"",5,2026-10-06T11:12:05.7024143+02:00
setup-full,design_creative,PASS,,6,30dc60ae-0971-4d02-a284-6257876df71d,"",5,2026-10-06T11:12:32.3151948+02:00
setup-custom,design_creative,PASS,,4,e6b6ec13-33aa-4258-a6ee-156befca4a64,"",5,2026-10-06T11:12:59.5754260+02:00
audit,design_creative,PASS,,2,2af7ab4e-e019-4e9e-bd0d-523dc5fa0944,"",5,2026-10-06T11:13:26.1888392+02:00
integration,design_creative,PASS,,4,d0af8c2c-9dab-40e1-9802-9857ece0dada,"",5,2026-10-06T11:13:52.9324498+02:00
workflow-design,design_creative,PASS,,2,a662a6de-28da-4aa3-bc5a-faf5a4272b64,"",5,2026-10-06T11:14:19.5380836+02:00
support-priority,design_creative,PASS,,4,0376620d-0451-4eaf-9bc0-71823f74ee07,"",5,2026-10-06T11:14:46.1163421+02:00
support-dedicated,design_creative,PASS,,4,eee529ed-33ce-4c88-8b4f-d48cfca7436a,"",5,2026-10-06T11:15:12.8986828+02:00
landing,design_creative,PASS,,2,600296c8-23d4-44c1-af0f-0484cc674181,"",5,2026-10-06T11:15:39.6225104+02:00
website-business,design_creative,PASS,,2,4286aa2d-029d-4f16-9a47-d8434812811d,"",5,2026-10-06T11:16:06.4649756+02:00
website-ecommerce,design_creative,PASS,,2,4e2cc6f4-1b68-40c3-8c36-eae0e4b759a0,"",5,2026-10-06T11:16:33.1128051+02:00
white-label-setup,design_creative,PASS,,4,f8374d27-73e6-46ab-91bb-3bb25e89aaa2,"",5,2026-10-06T11:16:59.9449004+02:00
sales-enablement,design_creative,PASS,,2,e38c0c39-b5db-4c71-9a5a-8ab5f8d9a24e,"",5,2026-10-06T11:17:26.6760089+02:00
vertical-package,design_creative,PASS,,4,8374a57a-8c43-463b-836d-3178c4b14598,"",5,2026-10-06T11:17:53.6449875+02:00
lead-gen-retainer,design_creative,PASS,,5,f697209d-f639-4b3a-b40a-1be5020fcaa8,"",13,2026-10-06T11:18:28.4854423+02:00
ai-support-retainer,design_creative,PASS,,6,e281ecfa-ce1e-40d0-87d2-c18c086599fc,"",5,2026-10-06T11:18:55.1922586+02:00
custom-software,design_creative,PASS,,2,2c33b860-5203-40ae-8d5e-ac2993f76c5e,"",5,2026-10-06T11:19:21.7763086+02:00
bundle-portal-presence,design_creative,PASS,,5,be69678e-7927-499e-85b6-f1f2e3e678a8,"",5,2026-10-06T11:19:48.4653995+02:00
bundle-sales-launch,design_creative,PASS,,4,302a2f5a-218f-4ba9-bd18-be78f77850c2,"",5,2026-10-06T11:20:15.0698850+02:00
bundle-ops-clarity,design_creative,PASS,,4,f913f0c0-9005-4641-8369-71459cfbd0da,"",5,2026-10-06T11:20:41.6938341+02:00
setup-quick,development_it,PASS,,3,f4945cbd-4d0d-49e0-ad86-4ff6f00636c1,"",5,2026-10-06T11:21:08.5770888+02:00
setup-full,development_it,PASS,,6,1c330044-7e49-4f87-b073-46a50d35fbb5,"",5,2026-10-06T11:21:35.2890224+02:00
setup-custom,development_it,PASS,,4,cd74a6c3-60b6-4218-8943-9d8be7532420,"",5,2026-10-06T11:22:02.0017755+02:00
audit,development_it,PASS,,2,f5d44b1f-ac8c-4c92-ac52-d885b4ab8950,"",5,2026-10-06T11:22:28.7459042+02:00
integration,development_it,PASS,,4,da363d00-ae38-4430-986d-3d9c729f7cd1,"",5,2026-10-06T11:22:55.4382601+02:00
workflow-design,development_it,PASS,,2,e888925b-0abb-48f7-8a57-def19f3f18fe,"",5,2026-10-06T11:23:22.0296642+02:00
support-priority,development_it,PASS,,4,5f6c1a70-d26f-4148-9ee2-9dd7896d2ef1,"",5,2026-10-06T11:23:49.0327162+02:00
support-dedicated,development_it,PASS,,4,ab8cb1f7-dcf0-4111-88aa-39f865c5f349,"",5,2026-10-06T11:24:15.6589863+02:00
landing,development_it,PASS,,2,1aa642be-c18c-4b90-8918-23c96dbf5ed8,"",5,2026-10-06T11:24:42.3310971+02:00
website-business,development_it,PASS,,2,8ec91ea1-8a55-409a-8547-98538dbebf91,"",5,2026-10-06T11:25:09.0748747+02:00
website-ecommerce,development_it,PASS,,2,720c64f0-a77c-44d9-a42f-d935d7077a3b,"",5,2026-10-06T11:25:35.7676271+02:00
white-label-setup,development_it,PASS,,4,f93d0e76-2df8-44c8-a0da-ce2c5d1f6216,"",5,2026-10-06T11:26:02.5153171+02:00
sales-enablement,development_it,PASS,,2,669c3fa0-749b-41ff-baba-25f96a8e404a,"",5,2026-10-06T11:26:29.1283184+02:00
vertical-package,development_it,PASS,,4,2d6848c8-16dd-4ef1-b023-111e155d8006,"",5,2026-10-06T11:26:55.8000112+02:00
lead-gen-retainer,development_it,PASS,,5,aaf7816b-5ed7-472f-8f7a-f5bdb4c822f4,"",9,2026-10-06T11:27:26.4835465+02:00
ai-support-retainer,development_it,PASS,,6,8068eb9b-fc43-4d73-8977-d94f6887d04d,"",5,2026-10-06T11:27:53.1970006+02:00
custom-software,development_it,PASS,,2,e7cede53-dd01-4aea-a0e3-1ad5930acb64,"",5,2026-10-06T11:28:20.0977994+02:00
bundle-portal-presence,development_it,PASS,,5,1a780144-ea3d-440b-aad9-0f1235482766,"",5,2026-10-06T11:28:46.7035427+02:00
bundle-sales-launch,development_it,PASS,,4,197bf657-5a82-466d-8fb9-1bad65e04535,"",5,2026-10-06T11:29:13.4277860+02:00
bundle-ops-clarity,development_it,PASS,,4,fc9aa01b-0c84-42de-88ee-5b678f50cdc2,"",5,2026-10-06T11:29:40.1841215+02:00
setup-quick,ecommerce,PASS,,3,4c6ff8ac-5984-42b1-a19a-02f6fee69146,"",5,2026-10-06T11:30:06.9871491+02:00
setup-full,ecommerce,PASS,,6,1e5a288e-979e-419c-abad-f41697c1475e,"",5,2026-10-06T11:30:33.6311198+02:00
setup-custom,ecommerce,PASS,,4,445b577d-64d8-4dc3-9a51-6f81cf433851,"",5,2026-10-06T11:31:00.6035334+02:00
audit,ecommerce,PASS,,2,cf3c244b-5a3d-429e-8d87-56056cb0914b,"",5,2026-10-06T11:31:27.1668978+02:00
integration,ecommerce,PASS,,4,cf126935-85c6-441a-ae09-623a71b5b780,"",5,2026-10-06T11:31:53.9148215+02:00
workflow-design,ecommerce,PASS,,2,504ee6ca-129a-4bfa-8fee-2ba3e88a7f19,"",5,2026-10-06T11:32:20.4891259+02:00
support-priority,ecommerce,PASS,,4,080b07a6-0049-4d6c-a13a-d304c994b237,"",5,2026-10-06T11:32:47.2277732+02:00
support-dedicated,ecommerce,PASS,,4,fea888ab-76fd-48f7-b843-7ffc6b0fa893,"",5,2026-10-06T11:33:13.9977868+02:00
landing,ecommerce,PASS,,2,7e6a4fee-d3e9-4eda-9ffb-fe0269edb95e,"",5,2026-10-06T11:33:41.0988113+02:00
website-business,ecommerce,PASS,,2,1f87c3a2-7148-4a80-b8aa-ef0e700b31ac,"",5,2026-10-06T11:34:08.0216376+02:00
website-ecommerce,ecommerce,PASS,,2,8b90a6a7-d4ae-4c4e-84b2-20cf006b8fa1,"",5,2026-10-06T11:34:34.6870537+02:00
white-label-setup,ecommerce,PASS,,4,5e78322d-5693-456f-980c-d525bd7a5802,"",5,2026-10-06T11:35:01.3282011+02:00
sales-enablement,ecommerce,PASS,,2,f1bad251-9ab1-4fe3-9a39-47d8224bf802,"",5,2026-10-06T11:35:27.9842110+02:00
vertical-package,ecommerce,PASS,,4,80f8c0b1-7148-4da4-b254-7a65391e086b,"",5,2026-10-06T11:35:54.5069583+02:00
lead-gen-retainer,ecommerce,PASS,,5,ff7d0e96-8050-4a80-b412-5671b97196cd,"",9,2026-10-06T11:36:25.3608197+02:00
ai-support-retainer,ecommerce,PASS,,6,953f60ee-15c7-43d9-9e4e-a86f02d1a191,"",5,2026-10-06T11:36:52.1145767+02:00
custom-software,ecommerce,PASS,,2,ebcefeb7-7f91-4e0c-9b02-2db78792a7fd,"",5,2026-10-06T11:37:18.6750548+02:00
bundle-portal-presence,ecommerce,PASS,,5,409e3323-e05c-4864-9f91-15088d463ba1,"",5,2026-10-06T11:37:45.6057031+02:00
bundle-sales-launch,ecommerce,PASS,,4,dbd89c7b-d6e6-41b7-bba0-383585c88cc9,"",5,2026-10-06T11:38:12.2332855+02:00
bundle-ops-clarity,ecommerce,PASS,,4,356ac318-c857-4c61-96d4-79720c2e04a4,"",5,2026-10-06T11:38:38.8798173+02:00
setup-quick,education_training,PASS,,3,5fe86e09-f392-4dbb-9290-6578c2e3dae6,"",5,2026-10-06T11:39:05.9161410+02:00
setup-full,education_training,PASS,,6,ee42f76b-8847-4507-b3dd-c311e9e1e409,"",5,2026-10-06T11:39:32.5865636+02:00
setup-custom,education_training,PASS,,4,1933721e-414e-4491-bcea-d4a5a52677cc,"",5,2026-10-06T11:39:59.2338583+02:00
audit,education_training,PASS,,2,ba766ae0-5444-4eab-a176-3fc82128d223,"",5,2026-10-06T11:40:25.9572703+02:00
integration,education_training,PASS,,4,67ebc546-f87f-45e4-978a-f5ad2170c9a8,"",5,2026-10-06T11:40:52.6117346+02:00
workflow-design,education_training,PASS,,2,5d3a8bea-d236-4153-8e2a-531df159e7b8,"",5,2026-10-06T11:41:19.3166292+02:00
support-priority,education_training,PASS,,4,0dbfd997-350c-443a-bbb7-78881736896e,"",5,2026-10-06T11:41:45.9354677+02:00
support-dedicated,education_training,PASS,,4,89de13de-91b6-4bbc-9ad3-52f26c3d832e,"",5,2026-10-06T11:42:12.5907842+02:00
landing,education_training,PASS,,2,367fe86a-55f1-4d73-a30b-81cb64922dc5,"",5,2026-10-06T11:42:39.2403339+02:00
website-business,education_training,PASS,,2,9927609e-37c6-49a8-b6ed-9be5d187a9fa,"",5,2026-10-06T11:43:06.0008772+02:00
website-ecommerce,education_training,PASS,,2,3e5950ad-dbd5-4d16-ab22-1bc8d25982b4,"",5,2026-10-06T11:43:32.6356042+02:00
white-label-setup,education_training,PASS,,4,36809dcc-5a9d-48ea-b934-e1261562005a,"",5,2026-10-06T11:43:59.5347205+02:00
sales-enablement,education_training,PASS,,2,88e336de-bd9f-40d6-9ba7-b8f6e3e23581,"",5,2026-10-06T11:44:26.2193619+02:00
vertical-package,education_training,PASS,,4,2b31f2a0-9d94-401d-ac4a-88405c2f2b12,"",5,2026-10-06T11:44:52.9159682+02:00
lead-gen-retainer,education_training,PASS,,5,2d31901b-9fe6-41ba-adee-301b4520dca7,"",9,2026-10-06T11:45:23.7527526+02:00
ai-support-retainer,education_training,PASS,,6,4f8905d5-de14-4c99-808c-6aebd2e312db,"",5,2026-10-06T11:45:50.3969924+02:00
custom-software,education_training,PASS,,2,0cac4027-5c8f-47f6-b4c6-a27b21bde879,"",5,2026-10-06T11:46:16.9492171+02:00
bundle-portal-presence,education_training,PASS,,5,253fd285-b1e2-4166-ad32-9c3bf23d9e6c,"",5,2026-10-06T11:46:43.5756190+02:00
bundle-sales-launch,education_training,PASS,,4,6e7cdcfc-f7ec-4ed8-b0af-893e0a6f47cd,"",5,2026-10-06T11:47:10.4413029+02:00
bundle-ops-clarity,education_training,PASS,,4,e8a1c43e-5561-4479-9f0d-884fb081dcc1,"",5,2026-10-06T11:47:36.9856578+02:00
setup-quick,engineering_architecture,PASS,,3,d8b11779-39ef-446c-8bbc-596ad3c66fe2,"",5,2026-10-06T11:48:03.7441635+02:00
setup-full,engineering_architecture,PASS,,6,50861e18-d64a-4473-8a03-607062d5cca1,"",5,2026-10-06T11:48:30.3422099+02:00
setup-custom,engineering_architecture,PASS,,4,120bd1c8-d812-43a6-81ba-a04f00653847,"",5,2026-10-06T11:48:56.9455791+02:00
audit,engineering_architecture,PASS,,2,49b81931-91c2-415c-8279-43e064c6619c,"",5,2026-10-06T11:49:23.6167556+02:00
integration,engineering_architecture,PASS,,4,6d5af367-e9f5-4242-bb8e-404d6337204f,"",5,2026-10-06T11:49:50.1708161+02:00
workflow-design,engineering_architecture,PASS,,2,c59c8159-5242-4236-b619-875b8b0ff219,"",5,2026-10-06T11:50:16.8451613+02:00
support-priority,engineering_architecture,PASS,,4,847debae-6056-4e75-bf72-76222e57d248,"",5,2026-10-06T11:50:43.5111418+02:00
support-dedicated,engineering_architecture,PASS,,4,ec89f9e7-b546-489a-a25b-5d527948eb06,"",5,2026-10-06T11:51:10.0888775+02:00
landing,engineering_architecture,PASS,,2,fc33871d-2e18-4a10-b84c-5ba4bc270164,"",5,2026-10-06T11:51:36.7892548+02:00
website-business,engineering_architecture,PASS,,2,b8739304-2b75-44d1-bbeb-e4b702ce9a24,"",5,2026-10-06T11:52:03.6092949+02:00
website-ecommerce,engineering_architecture,PASS,,2,127edc9b-0ad3-496a-8443-727aa207e5ca,"",5,2026-10-06T11:52:30.1475654+02:00
white-label-setup,engineering_architecture,PASS,,4,14b712ca-bf6a-4c9b-ab94-0247229b27a2,"",5,2026-10-06T11:52:56.7740513+02:00
sales-enablement,engineering_architecture,PASS,,2,4e7a1f41-ac0f-4a3d-9e5a-4ae1ab4bc084,"",5,2026-10-06T11:53:23.6305734+02:00
vertical-package,engineering_architecture,PASS,,4,42ac1b82-9840-4367-9c3c-8d0fcf0e1cd3,"",5,2026-10-06T11:53:50.1979638+02:00
lead-gen-retainer,engineering_architecture,PASS,,5,87c45828-6862-40a1-a4e5-a8db2e786852,"",9,2026-10-06T11:54:20.8323492+02:00
ai-support-retainer,engineering_architecture,PASS,,6,0f1261ed-8d71-47dd-98f7-fb9744d80b47,"",5,2026-10-06T11:54:47.7936888+02:00
custom-software,engineering_architecture,PASS,,2,ef86d755-631b-4853-8da7-e777602cfbea,"",5,2026-10-06T11:55:14.4467520+02:00
bundle-portal-presence,engineering_architecture,PASS,,5,15cc8590-8501-49d1-97d7-68bdb44f25ef,"",5,2026-10-06T11:55:41.1606421+02:00
bundle-sales-launch,engineering_architecture,PASS,,4,35ea7420-f1d5-410e-b08a-ca5b3ce327c6,"",5,2026-10-06T11:56:07.8159445+02:00
bundle-ops-clarity,engineering_architecture,PASS,,4,7c98119f-39cd-47fc-bc3f-2ef2153bcf7b,"",5,2026-10-06T11:56:34.5288756+02:00
setup-quick,engineering_science,PASS,,3,ba41044f-332f-4452-94d2-c6260cbe5aca,"",5,2026-10-06T11:57:01.5958232+02:00
setup-full,engineering_science,PASS,,6,0e57447c-a89e-4e09-827b-faa1c553e74d,"",5,2026-10-06T11:57:28.2343538+02:00
setup-custom,engineering_science,PASS,,4,49e27fa8-f100-4c0b-92cd-5afa9cebca89,"",5,2026-10-06T11:57:54.9038857+02:00
audit,engineering_science,PASS,,2,77dc7cea-cc8c-4239-9f8b-ce75a901e75b,"",5,2026-10-06T11:58:21.5852185+02:00
integration,engineering_science,PASS,,4,18b93912-1284-4303-82b2-edb9fbb26826,"",5,2026-10-06T11:58:48.3368736+02:00
workflow-design,engineering_science,PASS,,2,d7be6fed-15c9-439a-956d-d621ed0dae95,"",5,2026-10-06T11:59:15.0735637+02:00
support-priority,engineering_science,PASS,,4,2ef0bcb0-25a6-413e-bda2-94cf0c399b3c,"",5,2026-10-06T11:59:42.6783788+02:00
support-dedicated,engineering_science,PASS,,4,dc5c397d-6275-4425-b4e4-30e119478d71,"",5,2026-10-06T12:00:10.0569681+02:00
landing,engineering_science,PASS,,2,7fa34549-f69d-4ee5-bde3-88ea37fe2e77,"",5,2026-10-06T12:00:36.7126571+02:00
website-business,engineering_science,PASS,,2,4ae173a5-840c-4764-9425-681deb3a2f53,"",5,2026-10-06T12:01:03.8264373+02:00
website-ecommerce,engineering_science,PASS,,2,568a15f8-c575-4354-bd6d-332a677950bb,"",5,2026-10-06T12:01:30.3665203+02:00
white-label-setup,engineering_science,PASS,,4,f2b78fc2-2962-4f99-9575-e37cd7fa768a,"",5,2026-10-06T12:01:57.0612015+02:00
sales-enablement,engineering_science,PASS,,2,f2cb0dbe-2b84-4642-a47f-f3bb5b0e2869,"",5,2026-10-06T12:02:23.7277636+02:00
vertical-package,engineering_science,PASS,,4,2733afea-80ba-42c6-9e6a-c0501cde55fb,"",5,2026-10-06T12:02:50.4131880+02:00
lead-gen-retainer,engineering_science,PASS,,5,92159db4-fa60-4396-8d52-22b229f89e2f,"",9,2026-10-06T12:03:21.1559262+02:00
ai-support-retainer,engineering_science,PASS,,6,a7751d66-b08b-4a3b-922a-2704e6f93230,"",5,2026-10-06T12:03:47.8552394+02:00
custom-software,engineering_science,PASS,,2,c851a812-0dd2-4e20-930c-056fe128e6a0,"",5,2026-10-06T12:04:14.4219072+02:00
bundle-portal-presence,engineering_science,PASS,,5,393d74ab-23ad-4804-9a70-642a2146b871,"",5,2026-10-06T12:04:41.0668654+02:00
bundle-sales-launch,engineering_science,PASS,,4,f0324319-76bc-456b-8bee-9d3dd46331d1,"",5,2026-10-06T12:05:07.7784373+02:00
bundle-ops-clarity,engineering_science,PASS,,4,8381ed22-fe91-4b44-a562-e4b8abfb2fae,"",5,2026-10-06T12:05:34.4256204+02:00
setup-quick,finance_accounting,PASS,,3,e3edd528-1d99-44a7-8fca-1f9f630ee96d,"",5,2026-10-06T12:06:01.1255886+02:00
setup-full,finance_accounting,PASS,,6,1a09075e-2a33-496d-9d16-c86198449a41,"",5,2026-10-06T12:06:27.7866272+02:00
setup-custom,finance_accounting,PASS,,4,d70d6798-e4ad-400e-ad52-9b65fc660809,"",5,2026-10-06T12:06:54.4920226+02:00
audit,finance_accounting,PASS,,2,5901ad4b-567d-4753-b540-cd79c50a76d4,"",5,2026-10-06T12:07:21.0622535+02:00
integration,finance_accounting,PASS,,4,0973319b-2357-431e-a63d-ebb0925787bd,"",5,2026-10-06T12:07:47.7913183+02:00
workflow-design,finance_accounting,PASS,,2,2ec6cac1-9e77-491b-a084-19c2d5a26986,"",5,2026-10-06T12:08:14.6151800+02:00
support-priority,finance_accounting,PASS,,4,59523320-c388-4288-9e32-d98d50b8f6fa,"",5,2026-10-06T12:08:41.2905390+02:00
support-dedicated,finance_accounting,PASS,,4,722edab0-911c-46f6-be64-a40209debf69,"",5,2026-10-06T12:09:07.9060160+02:00
landing,finance_accounting,PASS,,2,6f69f730-d002-4b07-bc23-e502d8428540,"",5,2026-10-06T12:09:34.6036309+02:00
website-business,finance_accounting,PASS,,2,e5b55439-6b65-4493-a676-2c4759253432,"",5,2026-10-06T12:10:01.1732510+02:00
website-ecommerce,finance_accounting,PASS,,2,f46cff4f-5fe1-49df-916b-1d583db44adb,"",5,2026-10-06T12:10:27.7624382+02:00
white-label-setup,finance_accounting,PASS,,4,af81980a-6ecd-4aa9-969c-01839491f16d,"",5,2026-10-06T12:10:54.3647397+02:00
sales-enablement,finance_accounting,PASS,,2,8c8cf407-96a2-4cc8-a88c-2e4fe5928491,"",5,2026-10-06T12:11:21.7634203+02:00
vertical-package,finance_accounting,PASS,,4,e872fe00-fb3e-42df-b720-3b85edab1966,"",9,2026-10-06T12:11:52.6318935+02:00
lead-gen-retainer,finance_accounting,PASS,,5,37290c76-7202-4ce0-8955-a49b2515d6ac,"",13,2026-10-06T12:12:27.4481294+02:00
ai-support-retainer,finance_accounting,PASS,,6,ef72b8f4-670f-427f-9c8a-bae12f2475c4,"",5,2026-10-06T12:12:54.0442314+02:00
custom-software,finance_accounting,PASS,,2,04808cc3-52d1-4126-bd47-7fe2fc1b75c3,"",5,2026-10-06T12:13:20.7406421+02:00
bundle-portal-presence,finance_accounting,PASS,,5,2f6f8cf7-a637-41f3-9ac1-4ca22fe314f6,"",5,2026-10-06T12:13:47.2737844+02:00
bundle-sales-launch,finance_accounting,PASS,,4,11c8f851-1a60-46b4-b148-9c1817479056,"",5,2026-10-06T12:14:14.7126561+02:00
bundle-ops-clarity,finance_accounting,PASS,,4,4ea3187e-98ff-497a-8d21-9ae52991992c,"",5,2026-10-06T12:14:41.4114509+02:00
setup-quick,hr_recruiting,PASS,,3,15c7cdfe-9a3e-4058-8cf5-70f7f9203679,"",5,2026-10-06T12:15:08.3078779+02:00
setup-full,hr_recruiting,PASS,,6,da8cd866-d13e-4bb1-a813-deee17227ca2,"",5,2026-10-06T12:15:35.1251513+02:00
setup-custom,hr_recruiting,PASS,,4,c382f60b-38d6-44a0-b18b-47c082f708c4,"",5,2026-10-06T12:16:01.9442675+02:00
audit,hr_recruiting,PASS,,2,1dbe5290-acb3-4900-bd93-9ba7304faa69,"",5,2026-10-06T12:16:28.8315601+02:00
integration,hr_recruiting,PASS,,4,ab12a318-9421-4fe5-ad8a-541d9696aa3d,"",4,2026-10-06T12:16:55.3318922+02:00
workflow-design,hr_recruiting,PASS,,2,78942d38-cd72-4b2f-969e-b45541683ce6,"",5,2026-10-06T12:17:22.1395288+02:00
support-priority,hr_recruiting,PASS,,4,6c8fb22c-8728-459d-a953-b43f205c18c3,"",5,2026-10-06T12:17:48.9402374+02:00
support-dedicated,hr_recruiting,PASS,,4,bb35671a-6635-46f5-968a-214e241de6f4,"",5,2026-10-06T12:18:16.3574090+02:00
landing,hr_recruiting,PASS,,2,bcec5f9c-1b79-4dc7-b9a1-431d6e673e70,"",5,2026-10-06T12:18:43.0255922+02:00
website-business,hr_recruiting,PASS,,2,af299f8c-aac7-4937-89a0-db60ab481b6d,"",5,2026-10-06T12:19:09.7335291+02:00
website-ecommerce,hr_recruiting,PASS,,2,d2e5a571-69e5-45a9-a153-364c377bc54a,"",5,2026-10-06T12:19:36.2724792+02:00
white-label-setup,hr_recruiting,PASS,,4,593cc72a-b81c-4d73-bbad-1b0bea8b7a64,"",5,2026-10-06T12:20:03.2169946+02:00
sales-enablement,hr_recruiting,PASS,,2,7a1970eb-fdce-4576-8093-9246b0c9126e,"",5,2026-10-06T12:20:29.8234963+02:00
vertical-package,hr_recruiting,PASS,,4,c7a8af65-e4ee-4b15-8fb8-c650fba8d8a7,"",5,2026-10-06T12:20:56.7672450+02:00
lead-gen-retainer,hr_recruiting,PASS,,5,d491cb0c-a183-4a46-9287-0995ad50d641,"",13,2026-10-06T12:21:31.5331311+02:00
ai-support-retainer,hr_recruiting,PASS,,6,69726fe7-3a5f-4dac-8635-93fb59446bc1,"",5,2026-10-06T12:21:58.0904336+02:00
custom-software,hr_recruiting,PASS,,2,a5bcfcb1-b010-4ddc-b515-a773a378a1a7,"",5,2026-10-06T12:22:25.0503272+02:00
bundle-portal-presence,hr_recruiting,PASS,,5,60e48543-ba35-4bb7-a933-fb4f2aea8c48,"",5,2026-10-06T12:22:51.6377918+02:00
bundle-sales-launch,hr_recruiting,PASS,,4,63c2ebd8-2cdd-4b80-9d90-9eb3a445e6b2,"",5,2026-10-06T12:23:18.4068094+02:00
bundle-ops-clarity,hr_recruiting,PASS,,4,33109c30-df2c-4a0f-bf60-b3f47777e614,"",5,2026-10-06T12:23:44.9947269+02:00
setup-quick,legal_services,PASS,,3,2bb6a50b-97a7-4d2e-8ad7-619f5b57b8cb,"",5,2026-10-06T12:24:11.6068409+02:00
setup-full,legal_services,PASS,,6,0de3051c-3e18-4a21-8f65-d2339d0ce9a9,"",5,2026-10-06T12:24:38.1421290+02:00
setup-custom,legal_services,PASS,,4,158587ba-1067-4435-9700-67b8b4b8ae91,"",6,2026-10-06T12:25:05.8481953+02:00
audit,legal_services,PASS,,2,111eca04-0035-4c3c-b262-b84910f00f63,"",5,2026-10-06T12:25:32.4548437+02:00
integration,legal_services,PASS,,4,1d878151-cc87-4f68-bb90-fb0c4f663d20,"",5,2026-10-06T12:25:59.0411344+02:00
workflow-design,legal_services,PASS,,2,70de1266-0ae7-4b6b-9dcc-2c5aae883650,"",5,2026-10-06T12:26:25.6096293+02:00
support-priority,legal_services,PASS,,4,687be854-8407-435f-b36e-668e346b8bc2,"",5,2026-10-06T12:26:52.1626815+02:00
support-dedicated,legal_services,PASS,,4,57bbcdfe-c980-4fee-948b-3aadcdbc1bbe,"",5,2026-10-06T12:27:18.7772784+02:00
landing,legal_services,PASS,,2,8b96605a-649d-4514-a192-29db9985fde0,"",5,2026-10-06T12:27:45.4635790+02:00
website-business,legal_services,PASS,,2,ddd00e7b-fbee-4222-80ad-b82104e0c88d,"",5,2026-10-06T12:28:12.8558172+02:00
website-ecommerce,legal_services,PASS,,2,581770f9-46df-4825-9595-d0cd3abc8c45,"",5,2026-10-06T12:28:39.4432344+02:00
white-label-setup,legal_services,PASS,,4,e7f3cb48-b081-4bcd-b5ce-a067a91c2b3e,"",5,2026-10-06T12:29:06.0238673+02:00
sales-enablement,legal_services,PASS,,2,ef54a63f-ab71-44d5-81aa-a723a75b8b7e,"",5,2026-10-06T12:29:32.6595450+02:00
vertical-package,legal_services,PASS,,4,3a38c817-3591-4e42-8597-3c250030aac3,"",5,2026-10-06T12:29:59.2459044+02:00
lead-gen-retainer,legal_services,PASS,,5,04430be1-dbd5-417b-93ed-e1d43f714793,"",13,2026-10-06T12:30:34.5339713+02:00
ai-support-retainer,legal_services,PASS,,6,16daea42-a3bd-4c09-872d-9629bf05d74d,"",5,2026-10-06T12:31:01.2741973+02:00
custom-software,legal_services,PASS,,2,9fde986c-0b47-40bf-a00c-1acdc738f680,"",5,2026-10-06T12:31:27.8441102+02:00
bundle-portal-presence,legal_services,PASS,,5,079fc0c4-cdd6-440e-bb8e-277ce55ccec5,"",5,2026-10-06T12:31:54.4337378+02:00
bundle-sales-launch,legal_services,PASS,,4,b87d4a6f-52a3-4db9-be55-c2f081468680,"",5,2026-10-06T12:32:21.0745865+02:00
bundle-ops-clarity,legal_services,PASS,,4,d00d2db6-18ae-438f-802d-296ad91bbfab,"",5,2026-10-06T12:32:47.8050513+02:00
setup-quick,localization,PASS,,3,ef858061-c023-4a6d-9d66-3661cb097ff9,"",5,2026-10-06T12:33:14.4309867+02:00
setup-full,localization,PASS,,6,cfee858d-5910-4818-ace6-ea0f618a4d73,"",5,2026-10-06T12:33:40.9565283+02:00
setup-custom,localization,PASS,,4,ddc06f2a-94d2-4e9c-965e-1aa42ecb99d6,"",5,2026-10-06T12:34:07.5246046+02:00
audit,localization,PASS,,2,551201bc-f409-436e-8226-fcc79bb8ddba,"",5,2026-10-06T12:34:34.0632016+02:00
integration,localization,PASS,,4,5acbb302-bf74-42ec-a797-ae14b3f9de1b,"",5,2026-10-06T12:35:00.8083844+02:00
workflow-design,localization,PASS,,2,06533d3b-da1d-4772-9929-5f6cada2e90d,"",5,2026-10-06T12:35:27.5182494+02:00
support-priority,localization,PASS,,4,1156eca1-9198-47f9-85c9-d268ec054c4a,"",5,2026-10-06T12:35:54.5364420+02:00
support-dedicated,localization,PASS,,4,2e8b59f4-6289-4e8b-8e07-802a78e7c539,"",5,2026-10-06T12:36:21.1457903+02:00
landing,localization,PASS,,2,72b492f1-f7fe-43b7-bcc3-36468e2cc7f5,"",5,2026-10-06T12:36:47.8927151+02:00
website-business,localization,PASS,,2,7d31b066-a33c-4c89-b495-2e8915658fd4,"",5,2026-10-06T12:37:14.5352073+02:00
website-ecommerce,localization,PASS,,2,05d6fcc7-84a8-4145-bcb1-7f395152c13a,"",5,2026-10-06T12:37:41.1922551+02:00
white-label-setup,localization,PASS,,4,c0e6e750-4aaf-4f6c-ac95-7586d0f6d033,"",5,2026-10-06T12:38:07.8021249+02:00
sales-enablement,localization,PASS,,2,0ae6205a-0e1d-4d85-a03f-904fb994ad5c,"",5,2026-10-06T12:38:34.3701019+02:00
vertical-package,localization,PASS,,4,3f2a41de-0347-4a96-b957-35c81e8079c8,"",5,2026-10-06T12:39:01.0749834+02:00
lead-gen-retainer,localization,PASS,,5,40858aaf-2bfa-497d-8e60-2b5c752d6faf,"",9,2026-10-06T12:39:31.7818326+02:00
ai-support-retainer,localization,PASS,,6,9bd79032-ff22-4152-84a4-54c5e5402e90,"",5,2026-10-06T12:39:58.4100864+02:00
custom-software,localization,PASS,,2,38bdbf67-518f-4166-8d69-a0be8739e0d4,"",5,2026-10-06T12:40:25.1770248+02:00
bundle-portal-presence,localization,PASS,,5,1affeab3-029b-432b-9c2f-f1978855a8ea,"",5,2026-10-06T12:40:51.7443346+02:00
bundle-sales-launch,localization,PASS,,4,49034fdd-00b9-4579-8219-dfc843a114fb,"",5,2026-10-06T12:41:18.2836243+02:00
bundle-ops-clarity,localization,PASS,,4,ade326a5-a3a2-4246-b5bc-1eafde9b183a,"",5,2026-10-06T12:41:44.9919598+02:00
setup-quick,marketing,PASS,,3,cdb628f0-13f3-481c-9a1b-a22a2a76f8f2,"",5,2026-10-06T12:42:11.5430537+02:00
setup-full,marketing,PASS,,6,521c8357-042d-406e-990f-cb9a5af54fc5,"",5,2026-10-06T12:42:38.1187332+02:00
setup-custom,marketing,PASS,,4,cbe77ec5-a28f-43f1-9edf-34c317f16b6a,"",5,2026-10-06T12:43:04.8413758+02:00
audit,marketing,PASS,,2,c855e024-f3c4-46a9-a661-66aa919ac4f7,"",5,2026-10-06T12:43:31.5040687+02:00
integration,marketing,PASS,,4,381b9e29-8e59-47e9-bb81-f07cc2a628d0,"",5,2026-10-06T12:43:58.3153164+02:00
workflow-design,marketing,PASS,,2,193ae4d2-65b9-4b61-bd53-5530f4578787,"",5,2026-10-06T12:44:24.8790619+02:00
support-priority,marketing,PASS,,4,a744cf8a-94cb-4c3c-9cf7-6048f9845726,"",5,2026-10-06T12:44:51.4279824+02:00
support-dedicated,marketing,PASS,,4,f97c4fb4-780b-493e-9321-b471185aa270,"",5,2026-10-06T12:45:18.0622591+02:00
landing,marketing,PASS,,2,3010ed64-b312-48c5-ae43-446f4d07cf3c,"",5,2026-10-06T12:45:44.7553328+02:00
website-business,marketing,PASS,,2,15392576-e174-4dba-8bdc-43652b106c18,"",5,2026-10-06T12:46:11.2909104+02:00
website-ecommerce,marketing,PASS,,2,ff162d0c-b171-426f-96d4-09bdbed98908,"",5,2026-10-06T12:46:37.8318793+02:00
white-label-setup,marketing,PASS,,4,887adefa-ee3d-49e1-bc74-12eebad13f73,"",5,2026-10-06T12:47:04.6574903+02:00
sales-enablement,marketing,PASS,,2,2291af66-2009-44ae-a3e8-dfc8334cef79,"",5,2026-10-06T12:47:31.3414786+02:00
vertical-package,marketing,PASS,,4,39aade30-f6e3-402a-9812-384f65bddc50,"",4,2026-10-06T12:47:57.8417025+02:00
lead-gen-retainer,marketing,PASS,,5,64b2e29d-3b8f-4245-be24-10ccbdc87ec3,"",9,2026-10-06T12:48:28.5130127+02:00
ai-support-retainer,marketing,PASS,,6,7196f950-4a09-4803-b793-8756641188b7,"",5,2026-10-06T12:48:55.0437624+02:00
custom-software,marketing,PASS,,2,eae3eb89-5f57-46e4-b0cf-67ecafeef38d,"",5,2026-10-06T12:49:21.7085031+02:00
bundle-portal-presence,marketing,PASS,,5,f8b1002f-bcba-4e0a-9e68-8be00a09bd0d,"",5,2026-10-06T12:49:48.2538521+02:00
bundle-sales-launch,marketing,PASS,,4,ba61e7fe-3c9a-4ea6-a694-5831eeae4a44,"",5,2026-10-06T12:50:14.8155780+02:00
bundle-ops-clarity,marketing,PASS,,4,082d1df6-a3ee-413c-bed2-72c7e495851a,"",5,2026-10-06T12:50:41.6817360+02:00
setup-quick,photography,PASS,,3,a2179b46-7e33-4aac-8534-fe7731be9fbf,"",5,2026-10-06T12:51:08.2843767+02:00
setup-full,photography,PASS,,6,a292dea2-28d6-4a8f-a7d6-be52635a9448,"",5,2026-10-06T12:51:34.8515941+02:00
setup-custom,photography,PASS,,4,d5cda24f-d7a9-447a-9c22-e3e5527d3026,"",5,2026-10-06T12:52:01.5339041+02:00
audit,photography,PASS,,2,93cf0477-7032-4ac4-8dfd-f77d457e2ba1,"",5,2026-10-06T12:52:28.1643115+02:00
integration,photography,PASS,,4,70ad08d5-4788-414d-a736-1ef715d01246,"",5,2026-10-06T12:52:54.8775616+02:00
workflow-design,photography,PASS,,2,585f9631-90b5-4efb-b6ad-beb2da8f39df,"",5,2026-10-06T12:53:21.4818652+02:00
support-priority,photography,PASS,,4,54e5e872-2cb6-4ddf-b4b8-d3ae27ab69a5,"",5,2026-10-06T12:53:48.1530566+02:00
support-dedicated,photography,PASS,,4,135ba15e-48e8-44b8-953b-6031ef668001,"",4,2026-10-06T12:54:14.6251622+02:00
landing,photography,PASS,,2,8de4cb9c-01c9-4ed6-9bc4-890abe17de90,"",5,2026-10-06T12:54:41.1635897+02:00
website-business,photography,PASS,,2,fcd333d8-3cff-484f-add3-0facb10e31e9,"",5,2026-10-06T12:55:08.2809857+02:00
website-ecommerce,photography,PASS,,2,94441954-75f3-45bf-8223-a8eb8c5e8ff1,"",5,2026-10-06T12:55:34.8658937+02:00
white-label-setup,photography,PASS,,4,c5d4efd3-dffa-4b53-869d-bdc4aeeef202,"",5,2026-10-06T12:56:01.4387674+02:00
sales-enablement,photography,PASS,,2,da0b1d93-5439-4a9a-8ca7-c7dc77036024,"",5,2026-10-06T12:56:28.0160054+02:00
vertical-package,photography,PASS,,4,fcb55a93-7cae-4166-90ca-b15835832a36,"",5,2026-10-06T12:56:54.6132960+02:00
lead-gen-retainer,photography,PASS,,5,cde86a8e-4aaa-40fa-a79d-37143e5d413f,"",9,2026-10-06T12:57:25.3657896+02:00
ai-support-retainer,photography,PASS,,6,bdeb990b-75f9-4eb9-9f03-5a413cda3af4,"",5,2026-10-06T12:57:51.9052596+02:00
custom-software,photography,PASS,,2,5aa3e82d-977b-49c3-8a1d-d6c084f4abb1,"",5,2026-10-06T12:58:18.4833239+02:00
bundle-portal-presence,photography,PASS,,5,07f73fd1-2284-4918-8219-a164f80d3b81,"",5,2026-10-06T12:58:45.0829381+02:00
bundle-sales-launch,photography,PASS,,4,812ba10e-7e61-4dba-ad04-c3f69987a43f,"",5,2026-10-06T12:59:11.6257226+02:00
bundle-ops-clarity,photography,PASS,,4,767a6145-fb6a-45da-bf2d-4cb442f2aa41,"",5,2026-10-06T12:59:38.2136669+02:00
setup-quick,product_project_management,PASS,,3,5a362caf-f4e2-49b0-88c6-58cedfd54e49,"",5,2026-10-06T13:00:05.1996730+02:00
setup-full,product_project_management,PASS,,6,5619bb12-293c-47db-8212-958ee204c34b,"",5,2026-10-06T13:00:31.7969537+02:00
setup-custom,product_project_management,PASS,,4,6896630a-e5e5-4aaf-be3a-6d6a57a5b014,"",5,2026-10-06T13:00:58.4308585+02:00
audit,product_project_management,PASS,,2,7826e36f-1247-404c-9b88-68124c5ff644,"",5,2026-10-06T13:01:24.9724175+02:00
integration,product_project_management,PASS,,4,e55bb282-065a-4f22-a0b1-3d88390b5e40,"",5,2026-10-06T13:01:51.6966579+02:00
workflow-design,product_project_management,PASS,,2,f6cd8b27-e9e7-40ad-9950-6a56ede26402,"",5,2026-10-06T13:02:18.2326751+02:00
support-priority,product_project_management,PASS,,4,f9a00086-c5aa-467b-b1c2-c04662dbe3d8,"",4,2026-10-06T13:02:44.7434775+02:00
support-dedicated,product_project_management,PASS,,4,7f82f7e5-6b6c-4c84-b5e6-59eefe3b4217,"",5,2026-10-06T13:03:11.3238149+02:00
landing,product_project_management,PASS,,2,5eab5344-e395-4ba7-b138-d12c6a6d9512,"",5,2026-10-06T13:03:37.8891167+02:00
website-business,product_project_management,PASS,,2,23e0c6d8-8785-4347-8cbe-1470f57b69e2,"",5,2026-10-06T13:04:04.7667639+02:00
website-ecommerce,product_project_management,PASS,,2,08b8637e-f2bb-409c-a5dd-1d32b06205d0,"",4,2026-10-06T13:04:31.2760020+02:00
white-label-setup,product_project_management,PASS,,4,5171ecef-308d-4bb2-b4c6-042d0e5528f7,"",5,2026-10-06T13:04:57.8024636+02:00
sales-enablement,product_project_management,PASS,,2,1bffb329-1374-4931-9c50-9c591f7514db,"",4,2026-10-06T13:05:24.3199690+02:00
vertical-package,product_project_management,PASS,,4,a3a59f5b-07ae-4b5b-a0c5-ac76071717ef,"",5,2026-10-06T13:05:50.8707836+02:00
lead-gen-retainer,product_project_management,PASS,,5,5123463a-b609-4f6f-9a4f-c870623c6387,"",9,2026-10-06T13:06:21.7508375+02:00
ai-support-retainer,product_project_management,PASS,,6,ff5a84fb-79ba-4e2c-8890-b16082c21691,"",4,2026-10-06T13:06:48.2424370+02:00
custom-software,product_project_management,PASS,,2,043690bc-7eba-47ac-9a2a-1882e2ecf77e,"",5,2026-10-06T13:07:14.9171360+02:00
bundle-portal-presence,product_project_management,PASS,,5,9f0d26e6-9f22-4ba7-a3fb-f59d68e40bb3,"",5,2026-10-06T13:07:41.4500179+02:00
bundle-sales-launch,product_project_management,PASS,,4,ce05b481-7558-425b-abf2-8a5dc6411e31,"",5,2026-10-06T13:08:08.0580630+02:00
bundle-ops-clarity,product_project_management,PASS,,4,69d11ab0-69e0-468f-90e0-61a23733463c,"",5,2026-10-06T13:08:34.7024478+02:00
setup-quick,real_estate_services,PASS,,3,e4966855-9edd-4c6d-857f-cd4ab398b771,"",5,2026-10-06T13:09:01.2337205+02:00
setup-full,real_estate_services,PASS,,6,82b2e342-f054-4c60-801d-a845e4ed02aa,"",5,2026-10-06T13:09:27.8096329+02:00
setup-custom,real_estate_services,PASS,,4,6f0d542c-7295-4af6-869e-f18b66233c33,"",5,2026-10-06T13:09:54.3378493+02:00
audit,real_estate_services,PASS,,2,82495c25-518a-4066-beb3-b028032fc259,"",5,2026-10-06T13:10:20.9499477+02:00
integration,real_estate_services,PASS,,4,8ad0106e-e6cd-41f2-ae65-f2c5bb1f50ef,"",5,2026-10-06T13:10:47.5900368+02:00
workflow-design,real_estate_services,PASS,,2,9bef41cd-0a7d-4855-bdeb-d66115ddd29d,"",5,2026-10-06T13:11:14.2547654+02:00
support-priority,real_estate_services,PASS,,4,73329671-b934-422c-938f-d3f4eaa1160a,"",5,2026-10-06T13:11:40.8009363+02:00
support-dedicated,real_estate_services,PASS,,4,f4d1e19b-cc1d-4c16-9148-0fd4a439bd8c,"",5,2026-10-06T13:12:07.5284650+02:00
landing,real_estate_services,PASS,,2,addbf746-24b1-40a9-a75b-b348f2d90bc9,"",5,2026-10-06T13:12:34.1439829+02:00
website-business,real_estate_services,PASS,,2,fb3fb370-d5e0-42d8-bfe9-dc9dfdd33957,"",5,2026-10-06T13:13:00.8136086+02:00
website-ecommerce,real_estate_services,PASS,,2,ddbfbf77-612e-4035-8661-265ea22f9abf,"",5,2026-10-06T13:13:27.4766915+02:00
white-label-setup,real_estate_services,PASS,,4,e458e1f8-9f62-4173-9032-2b6d4afe399b,"",5,2026-10-06T13:13:54.1124914+02:00
sales-enablement,real_estate_services,PASS,,2,6c184337-9593-487c-9b53-0bd80fafc597,"",5,2026-10-06T13:14:20.6834742+02:00
vertical-package,real_estate_services,PASS,,4,3fb34e69-810e-47d8-9914-5652cfafbe48,"",5,2026-10-06T13:14:47.3111461+02:00
lead-gen-retainer,real_estate_services,PASS,,5,7cae1fb3-ef10-4f5e-9f9a-4f8e7739010d,"",9,2026-10-06T13:15:17.9673826+02:00
ai-support-retainer,real_estate_services,PASS,,6,d00563f9-f8d3-4e0a-ba4e-e9f4f77e1d3c,"",5,2026-10-06T13:15:44.6256942+02:00
custom-software,real_estate_services,PASS,,2,00a77cfa-79a0-477f-86ba-bb26b5b1d797,"",5,2026-10-06T13:16:11.2911612+02:00
bundle-portal-presence,real_estate_services,PASS,,5,c63af129-6343-4322-9e0f-c277157685c0,"",5,2026-10-06T13:16:37.9081980+02:00
bundle-sales-launch,real_estate_services,PASS,,4,2a08b325-9da7-4ac2-98c9-ff7a2b17630b,"",6,2026-10-06T13:17:05.7613206+02:00
bundle-ops-clarity,real_estate_services,PASS,,4,fbeaa9f0-94ce-46be-864d-9051ef2d2fca,"",5,2026-10-06T13:17:32.3317327+02:00
setup-quick,sales,PASS,,3,01b31421-86ce-4d6b-8960-179e893ae4fb,"",5,2026-10-06T13:17:58.9084495+02:00
setup-full,sales,PASS,,6,a0c14072-eafc-4199-8025-6a351c2cd232,"",5,2026-10-06T13:18:25.4881605+02:00
setup-custom,sales,PASS,,4,ae14fa28-e3cd-4895-aede-48079bf50cc1,"",5,2026-10-06T13:18:52.0878980+02:00
audit,sales,PASS,,2,6428cd81-27b0-4fd0-a9e0-82ba83ee0a87,"",5,2026-10-06T13:19:18.8677047+02:00
integration,sales,PASS,,4,bbfac7d6-c45f-47b4-a60a-5cc6fe430d66,"",5,2026-10-06T13:19:45.4985535+02:00
workflow-design,sales,PASS,,2,43a48c3b-f96a-40ed-8630-49b78527ec77,"",5,2026-10-06T13:20:13.0032914+02:00
support-priority,sales,PASS,,4,2c1eb09e-f4f0-44a3-8d2a-548a1b8c1203,"",5,2026-10-06T13:20:39.7003271+02:00
support-dedicated,sales,PASS,,4,0923ccde-ce73-470a-84a4-2c65ebcb4deb,"",5,2026-10-06T13:21:06.8086044+02:00
landing,sales,PASS,,2,5075de9a-6f05-4295-92ef-3f6ba6d3871e,"",5,2026-10-06T13:21:33.3859593+02:00
website-business,sales,PASS,,2,c22754cf-a888-4845-b992-4734854409ff,"",5,2026-10-06T13:22:00.0085545+02:00
website-ecommerce,sales,PASS,,2,0f3150e7-909f-4e81-830b-ad4f30ab913c,"",5,2026-10-06T13:22:26.5386354+02:00
white-label-setup,sales,PASS,,4,ab613d26-2f09-4bd6-b54d-834c2fdf0f71,"",5,2026-10-06T13:22:53.1218894+02:00
sales-enablement,sales,PASS,,2,50b2c33d-3847-4e0f-a92d-f17f52d596c1,"",5,2026-10-06T13:23:19.8165591+02:00
vertical-package,sales,PASS,,4,9f75a7da-dc10-4e2b-9ae5-35d5d4915a86,"",5,2026-10-06T13:23:46.3695724+02:00
lead-gen-retainer,sales,PASS,,5,3011ac3a-3ee6-45a9-8e68-6686996ca08f,"",9,2026-10-06T13:24:17.2006314+02:00
ai-support-retainer,sales,PASS,,6,da8672ac-b539-49e5-bf96-11a721ae8bc6,"",5,2026-10-06T13:24:43.8077841+02:00
custom-software,sales,PASS,,2,12342c43-a4d4-4b6e-b022-33095a38ed64,"",5,2026-10-06T13:25:10.5126191+02:00
bundle-portal-presence,sales,PASS,,5,1318b2a6-df67-48ff-8559-b7ffe86cc402,"",5,2026-10-06T13:25:37.2136393+02:00
bundle-sales-launch,sales,PASS,,4,fb438b16-33cd-44bf-97b6-b58f78cfc754,"",5,2026-10-06T13:26:04.3912624+02:00
bundle-ops-clarity,sales,PASS,,4,aae8f726-05e4-4fd5-892c-a6ce41bb6683,"",5,2026-10-06T13:26:31.0119402+02:00
setup-quick,video_animation,PASS,,3,d3d02439-6359-412a-963e-c16ec22f4f2a,"",5,2026-10-06T13:26:57.6673368+02:00
setup-full,video_animation,PASS,,6,cfe6ac52-33a9-4bd9-b29e-0265e9949472,"",5,2026-10-06T13:27:24.2062528+02:00
setup-custom,video_animation,PASS,,4,7a208374-5170-4b34-9827-afa47d3c3e86,"",5,2026-10-06T13:27:50.7812293+02:00
audit,video_animation,PASS,,2,fa84080e-27bd-4a79-9edd-c065cf87e82a,"",5,2026-10-06T13:28:17.4085300+02:00
integration,video_animation,PASS,,4,9bf3564a-bd5e-4792-937f-ddde234bfe87,"",5,2026-10-06T13:28:44.0725810+02:00
workflow-design,video_animation,PASS,,2,703bb44a-1e77-42bd-a7d0-ec52bb44f4f0,"",5,2026-10-06T13:29:10.6738379+02:00
support-priority,video_animation,PASS,,4,4949a023-d402-4ac7-bc96-dc28135156d8,"",5,2026-10-06T13:29:37.2245990+02:00
support-dedicated,video_animation,PASS,,4,f8c6b73f-30f6-4525-b152-2574cf6e7cb6,"",5,2026-10-06T13:30:04.7053082+02:00
landing,video_animation,PASS,,2,532bac59-457e-4e5d-9ace-6afb57c86294,"",5,2026-10-06T13:30:31.3289273+02:00
website-business,video_animation,PASS,,2,9f9bd686-670d-4014-ad13-bc16c1fc0968,"",5,2026-10-06T13:30:58.0389204+02:00
website-ecommerce,video_animation,PASS,,2,b7486aa3-a0eb-4edc-b1a5-4dbaed5cad0b,"",5,2026-10-06T13:31:24.6866700+02:00
white-label-setup,video_animation,PASS,,4,edb9d1d7-a570-40e6-8090-ae5faeb6d28f,"",5,2026-10-06T13:31:51.2724198+02:00
sales-enablement,video_animation,PASS,,2,3adf6eb3-8c35-49b5-8b13-1f86dcd38b7a,"",5,2026-10-06T13:32:17.8402404+02:00
vertical-package,video_animation,PASS,,4,479e6fff-d979-425e-b9dd-a6daf80ad60a,"",5,2026-10-06T13:32:44.4890568+02:00
lead-gen-retainer,video_animation,PASS,,5,72c94aad-f328-4ed5-af46-2e39fd349446,"",9,2026-10-06T13:33:15.3343514+02:00
ai-support-retainer,video_animation,PASS,,6,a551658a-35a2-4389-8409-281697d8314a,"",5,2026-10-06T13:33:42.0503872+02:00
custom-software,video_animation,PASS,,2,b42b8e5b-3e2e-492f-bea5-bccfe20e8cb1,"",5,2026-10-06T13:34:08.8718915+02:00
bundle-portal-presence,video_animation,PASS,,5,83b53dcf-1019-47f0-8ad4-64bb81094dce,"",4,2026-10-06T13:34:35.3911706+02:00
bundle-sales-launch,video_animation,PASS,,4,34780cc2-4a32-4d46-8e3b-f093a6473cbc,"",5,2026-10-06T13:35:01.9424771+02:00
bundle-ops-clarity,video_animation,PASS,,4,4ccf1eb0-251d-4610-8ef3-3c47f2d4e920,"",5,2026-10-06T13:35:28.5653901+02:00
setup-quick,web3,PASS,,3,3c8fb329-6378-4dcd-ad07-1e9e89a6b9e1,"",5,2026-10-06T13:35:55.1181068+02:00
setup-full,web3,PASS,,6,4015e2de-e8f0-43ea-bd56-12a74967e12e,"",5,2026-10-06T13:36:21.7468119+02:00
setup-custom,web3,PASS,,4,c727a8fb-6418-4392-b772-49542b78c0ee,"",5,2026-10-06T13:36:48.3665483+02:00
audit,web3,PASS,,2,138ccb7d-f3b1-4644-99aa-d2157d9a3064,"",5,2026-10-06T13:37:15.1492833+02:00
integration,web3,PASS,,4,5d1836bb-16b9-40f4-9e9a-33f5a9df934a,"",5,2026-10-06T13:37:41.7614899+02:00
workflow-design,web3,PASS,,2,7a13ecd5-70f8-4085-b460-31e033844944,"",5,2026-10-06T13:38:08.4838339+02:00
support-priority,web3,PASS,,4,468ef1f0-4cb1-4f5b-9cfd-562395bd4e94,"",5,2026-10-06T13:38:35.0284231+02:00
support-dedicated,web3,PASS,,4,859f2e49-c747-44be-b4a1-404e924ba743,"",5,2026-10-06T13:39:01.6772644+02:00
landing,web3,PASS,,2,0456b5b6-a75b-4d2c-ae45-4d5ab9c95a11,"",5,2026-10-06T13:39:28.1885558+02:00
website-business,web3,PASS,,2,663a0eba-41e2-4c64-895c-e6c9d60ff9e2,"",5,2026-10-06T13:39:54.8348514+02:00
website-ecommerce,web3,PASS,,2,fc6a43c3-668c-45e8-af13-6c0a24a909d7,"",5,2026-10-06T13:40:21.5307319+02:00
white-label-setup,web3,PASS,,4,44d6fca3-9d81-4a3e-9e8b-57330b9c6b92,"",5,2026-10-06T13:40:48.1084960+02:00
sales-enablement,web3,PASS,,2,4dbf2b4a-fc46-4cac-94fe-3b45288938ad,"",5,2026-10-06T13:41:14.7044430+02:00
vertical-package,web3,PASS,,4,b6b06b0b-23cb-4e54-aba3-e89c1e030192,"",5,2026-10-06T13:41:41.3519476+02:00
lead-gen-retainer,web3,PASS,,5,2d116aa5-8a33-404f-ae84-4e6248fbe39b,"",9,2026-10-06T13:42:12.3728354+02:00
ai-support-retainer,web3,PASS,,6,43fa409e-f8b9-4fa2-8aac-45a5e714ae55,"",5,2026-10-06T13:42:38.9987656+02:00
custom-software,web3,PASS,,2,0a25facb-d488-45ed-a8b5-e93ad69e2a68,"",5,2026-10-06T13:43:05.7440850+02:00
bundle-portal-presence,web3,PASS,,5,3106ba53-08ae-4e78-a238-403d8d71edf6,"",5,2026-10-06T13:43:32.7058809+02:00
bundle-sales-launch,web3,PASS,,4,cc75d0c7-1585-429c-88c7-b98955fad93e,"",5,2026-10-06T13:43:59.3616027+02:00
bundle-ops-clarity,web3,PASS,,4,5f932714-d903-4595-a275-94abfb44147d,"",5,2026-10-06T13:44:26.3459658+02:00
setup-quick,writing_translation,PASS,,3,6cb987c5-476a-497e-8cf0-67481159391c,"",5,2026-10-06T13:44:52.9435174+02:00
setup-full,writing_translation,PASS,,6,9f0fc50f-f806-49d0-8dc6-635cc595d9e5,"",5,2026-10-06T13:45:19.5736944+02:00
setup-custom,writing_translation,PASS,,4,703be076-71d2-4180-8b73-3d8b4753dbf9,"",5,2026-10-06T13:45:46.0914441+02:00
audit,writing_translation,PASS,,2,d55d6e60-8e37-4673-9d96-6fe7eb4db5a1,"",5,2026-10-06T13:46:12.6479285+02:00
integration,writing_translation,PASS,,4,1ee78fce-e5a5-43c2-a95e-d517e6cf6350,"",5,2026-10-06T13:46:39.2655668+02:00
workflow-design,writing_translation,PASS,,2,0999f267-f3a9-496a-842e-77af65183200,"",5,2026-10-06T13:47:06.1648698+02:00
support-priority,writing_translation,PASS,,4,cc01c530-c67f-4fed-8c75-3330066eb1ea,"",5,2026-10-06T13:47:32.7839099+02:00
support-dedicated,writing_translation,PASS,,4,ad5d7417-cae2-4a1d-a43c-1e1477b2f567,"",5,2026-10-06T13:47:59.4897721+02:00
landing,writing_translation,PASS,,2,a9b46b7e-16be-40d5-8347-84e65495a72d,"",5,2026-10-06T13:48:26.2407343+02:00
website-business,writing_translation,PASS,,2,c3074882-da60-47b5-88ef-1bd81ee1fc26,"",5,2026-10-06T13:48:52.8352583+02:00
website-ecommerce,writing_translation,PASS,,2,2817d0ca-7b72-4e65-8eeb-9883fa48b4d0,"",5,2026-10-06T13:49:19.4676007+02:00
white-label-setup,writing_translation,PASS,,4,6274a161-e0bb-4e7d-a3fa-7c41675aceda,"",5,2026-10-06T13:49:46.0211514+02:00
sales-enablement,writing_translation,PASS,,2,c33da1ca-c75a-4acf-b1d8-b3b7c3514785,"",5,2026-10-06T13:50:12.6069784+02:00
vertical-package,writing_translation,PASS,,4,61859b0c-8343-4d8d-b32c-8c338f42892e,"",5,2026-10-06T13:50:39.1718435+02:00
lead-gen-retainer,writing_translation,PASS,,5,ecccfca8-c181-4a85-88fe-24a0990f03be,"",9,2026-10-06T13:51:10.5272617+02:00
ai-support-retainer,writing_translation,PASS,,6,69a772be-df39-4c91-81cd-aaa9fee732e7,"",5,2026-10-06T13:51:37.1244800+02:00
custom-software,writing_translation,PASS,,2,e8018c9e-f5c1-4d32-8076-4661fe5529bd,"",5,2026-10-06T13:52:04.1460026+02:00
bundle-portal-presence,writing_translation,PASS,,5,41f30bb8-d3d0-4445-ba35-451566139782,"",5,2026-10-06T13:52:31.5150330+02:00
bundle-sales-launch,writing_translation,PASS,,4,c605af76-1d86-40a3-a1e2-63e7995c2879,"",5,2026-10-06T13:52:58.0371508+02:00
bundle-ops-clarity,writing_translation,PASS,,4,e993c02e-2887-4c34-bdd4-1d91f31bbcce,"",5,2026-10-06T13:53:24.7784666+02:00
setup-quick,healthcare,PASS,,3,e2a27a32-6aa1-47c0-980c-1f69c0d8a11d,"",5,2026-10-06T13:53:51.3662720+02:00
setup-full,healthcare,PASS,,6,e706c41d-337b-4700-8350-814bc7d3733c,"",5,2026-10-06T13:54:18.0229791+02:00
setup-custom,healthcare,PASS,,4,0ceb53d9-c8c0-455a-bd53-1883db367ead,"",5,2026-10-06T13:54:44.5580921+02:00
audit,healthcare,PASS,,2,0c81ef84-5876-4b63-b1c4-6f8d38971d19,"",5,2026-10-06T13:55:11.1993843+02:00
integration,healthcare,PASS,,4,0921bade-6f3b-4531-8c4b-c0fe68d12789,"",5,2026-10-06T13:55:38.0101117+02:00
workflow-design,healthcare,PASS,,2,e642e89d-07bb-4468-abdb-59b9f6b5fda8,"",5,2026-10-06T13:56:05.0737638+02:00
support-priority,healthcare,PASS,,4,9e776da6-18d7-45c0-8649-ca5c0b60ecc9,"",5,2026-10-06T13:56:31.6302844+02:00
support-dedicated,healthcare,PASS,,4,e70933b5-3e06-465b-81f5-c4ecdae4551b,"",5,2026-10-06T13:56:58.1913227+02:00
landing,healthcare,PASS,,2,436c56da-1ea1-4648-a26c-9a3954e986f6,"",5,2026-10-06T13:57:24.9620938+02:00
website-business,healthcare,PASS,,2,c7e4ea02-359f-49d9-8caf-a911973f733b,"",5,2026-10-06T13:57:51.5486226+02:00
website-ecommerce,healthcare,PASS,,2,d0c51f34-cff8-4ea6-ac94-27f0072a1639,"",5,2026-10-06T13:58:18.1481007+02:00
white-label-setup,healthcare,PASS,,4,d7b7f709-65e9-41f9-834c-d405eb2f5dd7,"",5,2026-10-06T13:58:44.8091841+02:00
sales-enablement,healthcare,PASS,,2,59e98b64-8c35-4fce-9c42-4d9cecf41681,"",5,2026-10-06T13:59:11.3591866+02:00
vertical-package,healthcare,PASS,,4,27274506-2ada-4906-9e49-f15963326697,"",5,2026-10-06T13:59:38.1849913+02:00
lead-gen-retainer,healthcare,PASS,,5,177db95a-4a30-447c-bcf2-d82c284ee0aa,"",9,2026-10-06T14:00:09.4653414+02:00
ai-support-retainer,healthcare,PASS,,6,76bcb54e-e9dc-458f-ac59-ae571f496342,"",5,2026-10-06T14:00:36.0587947+02:00
custom-software,healthcare,PASS,,2,57a0a464-f87d-4a13-acf5-576429c1a8b3,"",5,2026-10-06T14:01:03.2836610+02:00
bundle-portal-presence,healthcare,PASS,,5,65031413-697f-4e15-a1a4-00033d04bca7,"",5,2026-10-06T14:01:29.8572280+02:00
bundle-sales-launch,healthcare,PASS,,4,02de7bbb-5629-436b-8aba-4b5cf4f506a1,"",5,2026-10-06T14:01:56.4903005+02:00
bundle-ops-clarity,healthcare,PASS,,4,e2e92d53-1d5d-43a5-9cba-4d8c343be3d0,"",5,2026-10-06T14:02:23.2311911+02:00
setup-quick,legal,PASS,,3,fd79b8ab-60dc-4f1a-aa22-73bc442947c8,"",5,2026-10-06T14:02:49.9940551+02:00
setup-full,legal,PASS,,6,b9aff6bb-4e3d-4fda-ad6e-807d715fecb0,"",5,2026-10-06T14:03:16.8696299+02:00
setup-custom,legal,PASS,,4,f4fa9362-b140-41db-b459-88e2ed8e2064,"",5,2026-10-06T14:03:43.3870952+02:00
audit,legal,PASS,,2,efe684de-1de4-41f4-8a6e-edc8533cd459,"",5,2026-10-06T14:04:09.9402299+02:00
integration,legal,PASS,,4,9f3e2d0a-c0ab-4431-8de2-14c11066a993,"",5,2026-10-06T14:04:36.5099715+02:00
workflow-design,legal,PASS,,2,1f64b852-f200-451e-95c7-433a4d2acc91,"",5,2026-10-06T14:05:03.3172548+02:00
support-priority,legal,PASS,,4,c187d4a9-7811-46de-9584-cc4ac3d46198,"",5,2026-10-06T14:05:29.8608317+02:00
support-dedicated,legal,PASS,,4,29d47664-bcfe-4fce-9291-61efa4bc7cea,"",5,2026-10-06T14:05:56.6469600+02:00
landing,legal,PASS,,2,c8af49eb-2db9-47b6-b386-254230fa961d,"",5,2026-10-06T14:06:23.3557177+02:00
website-business,legal,PASS,,2,808b610c-bdf0-4ed2-9c8e-20d10593ec45,"",5,2026-10-06T14:06:49.8739862+02:00
website-ecommerce,legal,PASS,,2,07e8dbf5-4749-49e1-b9ff-6b7a38058c7b,"",5,2026-10-06T14:07:16.5856330+02:00
white-label-setup,legal,PASS,,4,c7dcaf51-91d9-499c-adb7-e7abaabdd49e,"",5,2026-10-06T14:07:43.2636216+02:00
sales-enablement,legal,PASS,,2,1996f0cf-6a68-4070-be64-bf7f83fa06ac,"",5,2026-10-06T14:08:09.8510722+02:00
vertical-package,legal,PASS,,4,83dac7be-90cd-4ddd-9dd1-62ae9d6a385a,"",5,2026-10-06T14:08:36.4490344+02:00
lead-gen-retainer,legal,PASS,,5,6368a5e5-ea34-4655-a2bc-8638f9c94043,"",9,2026-10-06T14:09:07.4749471+02:00
ai-support-retainer,legal,PASS,,6,aad239a9-15d5-4d2f-8d23-f1dffc1cb1f2,"",5,2026-10-06T14:09:34.0774191+02:00
custom-software,legal,PASS,,2,9829c2cf-0f36-4e93-b0b1-7f26f8a61d66,"",5,2026-10-06T14:10:00.8629664+02:00
bundle-portal-presence,legal,PASS,,5,a3ea61cc-eeea-4e74-9bf5-ad11fd5ae362,"",5,2026-10-06T14:10:27.5425131+02:00
bundle-sales-launch,legal,PASS,,4,3566bed6-a0b4-4ef7-b24a-f53c09248406,"",5,2026-10-06T14:10:54.2200198+02:00
bundle-ops-clarity,legal,PASS,,4,a89189f9-4c04-40ef-a358-74a813994785,"",5,2026-10-06T14:11:20.9940688+02:00
setup-quick,retail,PASS,,3,60dc1955-4acd-4cb8-8b04-3000c7db35a6,"",5,2026-10-06T14:11:47.5556534+02:00
setup-full,retail,PASS,,6,323c9cde-26ee-4395-8da9-02d215590700,"",5,2026-10-06T14:12:14.1081041+02:00
setup-custom,retail,PASS,,4,d7c85e7c-67a6-4211-a5b1-2de3366ee5d1,"",5,2026-10-06T14:12:40.7136621+02:00
audit,retail,PASS,,2,0057bd38-a8ea-4ca8-9f48-c874673ece22,"",5,2026-10-06T14:13:07.4909608+02:00
integration,retail,PASS,,4,cba5a906-9a0f-4a47-ac32-2b6c38ac6a2e,"",5,2026-10-06T14:13:34.1266304+02:00
workflow-design,retail,PASS,,2,ccf523c8-8a9e-4cea-9094-0f04b555d61e,"",5,2026-10-06T14:14:00.8117385+02:00
support-priority,retail,PASS,,4,8f39a794-eb62-49db-9192-c0bd6595b5e2,"",5,2026-10-06T14:14:28.1956611+02:00
support-dedicated,retail,PASS,,4,18e287d4-60e4-4456-8a3a-6666c4dd052b,"",5,2026-10-06T14:14:55.0657703+02:00
landing,retail,PASS,,2,be62f524-0690-46e9-bbee-87802d57e2a6,"",5,2026-10-06T14:15:21.7549066+02:00
website-business,retail,PASS,,2,1c31215a-2a2f-41bd-a2a5-f4dd19833de8,"",5,2026-10-06T14:15:48.5062426+02:00
website-ecommerce,retail,PASS,,2,1c3eada9-35b0-428e-a306-5dea81c479b2,"",5,2026-10-06T14:16:15.1683442+02:00
white-label-setup,retail,PASS,,4,a733cc11-ec95-4809-bfb8-d4d7e7d2b54f,"",5,2026-10-06T14:16:41.7518368+02:00
sales-enablement,retail,PASS,,2,cac1ab4a-5f8b-4d25-8cae-eac9f8187569,"",5,2026-10-06T14:17:08.8704134+02:00
vertical-package,retail,PASS,,4,d4401796-22a6-4c1b-86c2-3f8ff97180bd,"",5,2026-10-06T14:17:35.4392631+02:00
lead-gen-retainer,retail,PASS,,5,2f05e6bd-8dd0-4027-b2d1-aae350f98018,"",9,2026-10-06T14:18:06.2705984+02:00
ai-support-retainer,retail,PASS,,6,2be851b2-ff36-4d24-aca7-03724456beb5,"",5,2026-10-06T14:18:33.1282332+02:00
custom-software,retail,PASS,,2,e8ae7c63-4f2a-4894-9a49-20b8894352ce,"",5,2026-10-06T14:18:59.7103514+02:00
bundle-portal-presence,retail,PASS,,5,93d6bf13-8a98-4e56-9bc0-77b24b75070b,"",5,2026-10-06T14:19:26.2847710+02:00
bundle-sales-launch,retail,PASS,,4,b95835dc-b7c3-4c62-869a-3741b7b32999,"",5,2026-10-06T14:19:52.8420982+02:00
bundle-ops-clarity,retail,PASS,,4,279116a5-5919-416c-b6e5-e29790137ea9,"",5,2026-10-06T14:20:19.5097291+02:00
setup-quick,hospitality,PASS,,3,908d45d9-f122-4111-b5a6-2291579b3a29,"",5,2026-10-06T14:20:46.1725854+02:00
setup-full,hospitality,PASS,,6,0643a87d-581b-4ed1-89bf-b3c900b0dd3d,"",5,2026-10-06T14:21:12.8174463+02:00
setup-custom,hospitality,PASS,,4,db2908d7-1fa9-42d6-bb41-9ec4fcf7f70a,"",5,2026-10-06T14:21:39.6566669+02:00
audit,hospitality,PASS,,2,7efb0c3b-9236-48cd-ba01-24bd28829705,"",5,2026-10-06T14:22:06.3878180+02:00
integration,hospitality,PASS,,4,3904724d-063a-4fe9-b649-5156c9aac361,"",5,2026-10-06T14:22:32.9868962+02:00
workflow-design,hospitality,PASS,,2,cd771653-dca7-4472-bb40-2c441523294b,"",5,2026-10-06T14:22:59.6913097+02:00
support-priority,hospitality,PASS,,4,b891ab9b-c1f0-477c-9982-755c3efa59f3,"",5,2026-10-06T14:23:26.2839072+02:00
support-dedicated,hospitality,PASS,,4,250543f0-82ef-4451-9d3b-16c163c751ca,"",5,2026-10-06T14:23:52.8662596+02:00
landing,hospitality,PASS,,2,6542618a-18bd-48d3-8884-2bf27d7a1d6f,"",5,2026-10-06T14:24:19.4871010+02:00
website-business,hospitality,PASS,,2,95946f21-eff3-46eb-a5a3-8be5d511a049,"",5,2026-10-06T14:24:46.0600978+02:00
website-ecommerce,hospitality,PASS,,2,24d95ffc-d85d-4079-b699-f377249b6cc7,"",5,2026-10-06T14:25:12.7286140+02:00
white-label-setup,hospitality,PASS,,4,f5d1169c-24c2-4870-b186-5308e5332752,"",5,2026-10-06T14:25:39.4261602+02:00
sales-enablement,hospitality,PASS,,2,041c832e-5011-496d-b195-a1a1fdf3268b,"",5,2026-10-06T14:26:06.2472094+02:00
vertical-package,hospitality,PASS,,4,4d2ba7ed-994d-4ca1-8a34-9cb1a52e1889,"",5,2026-10-06T14:26:33.0265339+02:00
lead-gen-retainer,hospitality,PASS,,5,33dc908a-20e4-4c4d-955c-f32768e81aab,"",5,2026-10-06T14:26:59.8154158+02:00
ai-support-retainer,hospitality,PASS,,6,ed82d780-75c9-4489-a2d5-281e7431c6da,"",5,2026-10-06T14:27:26.4215430+02:00
custom-software,hospitality,PASS,,2,ab899f1d-5041-4be8-9ccd-722842f4ae89,"",5,2026-10-06T14:27:53.2549948+02:00
bundle-portal-presence,hospitality,PASS,,5,4a77f69d-65c3-42f4-960d-ad60e6f5853e,"",5,2026-10-06T14:28:19.8646765+02:00
bundle-sales-launch,hospitality,PASS,,4,50099e3e-e337-4ced-8b2e-47b4262b9911,"",5,2026-10-06T14:28:46.3935861+02:00
bundle-ops-clarity,hospitality,PASS,,4,6e84c54e-052f-4a6b-a612-1b70a8ebcd77,"",5,2026-10-06T14:29:13.1779620+02:00
setup-quick,construction,PASS,,3,316be173-6c83-49e9-9ea5-993f7bea582a,"",5,2026-10-06T14:29:39.7627090+02:00
setup-full,construction,PASS,,6,ed4dd0c3-2846-46d1-864b-a1d51718f63e,"",5,2026-10-06T14:30:06.3958082+02:00
setup-custom,construction,PASS,,4,69bad74a-9430-4ce7-8811-498a84dd6f10,"",5,2026-10-06T14:30:33.1481911+02:00
audit,construction,PASS,,2,04d26f41-d40f-4655-8c4e-e49ee446b7ca,"",5,2026-10-06T14:30:59.8077272+02:00
integration,construction,PASS,,4,0c3bd299-1011-44a0-bff2-ba02a87cd80e,"",5,2026-10-06T14:31:26.4630470+02:00
workflow-design,construction,PASS,,2,a39486ab-3fd1-4bbe-ac1f-c57f58d206e4,"",5,2026-10-06T14:31:53.0904882+02:00
support-priority,construction,PASS,,4,1c0f40c6-90c3-4cc7-bd13-017f32ec4c36,"",5,2026-10-06T14:32:19.7368202+02:00
support-dedicated,construction,PASS,,4,c6bee127-f7ab-4720-8566-23a0d4377a5e,"",5,2026-10-06T14:32:46.4594843+02:00
landing,construction,PASS,,2,1addcab2-01cd-4d12-b1a6-6369778a395f,"",6,2026-10-06T14:33:14.0726711+02:00
website-business,construction,PASS,,2,ba773829-3cb2-4567-a28a-cf86d44a6c54,"",5,2026-10-06T14:33:40.6860209+02:00
website-ecommerce,construction,PASS,,2,891f97b6-6297-4034-8875-1eeaa6b050ce,"",5,2026-10-06T14:34:07.2836495+02:00
white-label-setup,construction,PASS,,4,61823a92-b20e-4ade-8e6d-dceef6d89b72,"",5,2026-10-06T14:34:33.8095248+02:00
sales-enablement,construction,PASS,,2,7a655bb0-c2a3-48b2-8471-d3210f8a30bd,"",5,2026-10-06T14:35:00.4283114+02:00
vertical-package,construction,PASS,,4,07f002d0-300e-4472-b6dd-aeb579277a17,"",5,2026-10-06T14:35:27.0584735+02:00
lead-gen-retainer,construction,PASS,,5,ab12504a-357a-4629-a385-e889aa503420,"",9,2026-10-06T14:35:57.7133837+02:00
ai-support-retainer,construction,PASS,,6,8f12d184-23dd-4d80-8217-240c9f67e11f,"",5,2026-10-06T14:36:24.3244735+02:00
custom-software,construction,PASS,,2,5d215cc7-2c6b-4b06-b479-753d46c622ef,"",5,2026-10-06T14:36:51.0014847+02:00
bundle-portal-presence,construction,PASS,,5,d49cde33-cbf6-4059-8759-73adcfd7fb5c,"",5,2026-10-06T14:37:17.6176489+02:00
bundle-sales-launch,construction,PASS,,4,3a465947-dd1c-4ea2-9a08-e645c5662716,"",5,2026-10-06T14:37:44.3021416+02:00
bundle-ops-clarity,construction,PASS,,4,f0974ced-3b37-4bc1-ba46-e977ed4541f1,"",5,2026-10-06T14:38:11.0696837+02:00
setup-quick,education,PASS,,3,d0fe41a4-134b-4af2-be96-e188a81e6d85,"",5,2026-10-06T14:38:37.7108857+02:00
setup-full,education,PASS,,6,a77f1837-0890-4e92-9635-3bf58283f1c9,"",5,2026-10-06T14:39:05.1142923+02:00
setup-custom,education,PASS,,4,d2daaf5b-ed64-49af-afcc-701c8da6f053,"",5,2026-10-06T14:39:31.7823495+02:00
audit,education,PASS,,2,cda4d5c3-ff79-450b-9f66-bd957e142990,"",5,2026-10-06T14:39:58.5017334+02:00
integration,education,PASS,,4,93bf167c-0d9d-4077-9387-f0ccbd6e22d5,"",5,2026-10-06T14:40:25.0465542+02:00
workflow-design,education,PASS,,2,3378ba5d-d63e-43d0-a814-c97afdb8adf2,"",5,2026-10-06T14:40:51.6061245+02:00
support-priority,education,PASS,,4,3bc5b1bd-1d77-4365-b76f-1d6417a7b11f,"",5,2026-10-06T14:41:18.2028653+02:00
support-dedicated,education,PASS,,4,2e8dc50b-dcd8-44bc-a837-c09bd44f3476,"",5,2026-10-06T14:41:44.7944726+02:00
landing,education,PASS,,2,59e21a75-5be9-457a-a485-66cf4b27cd67,"",5,2026-10-06T14:42:11.4918428+02:00
website-business,education,PASS,,2,5afe3399-7adc-4257-9d7c-0a969840be1a,"",5,2026-10-06T14:42:38.1092202+02:00
website-ecommerce,education,PASS,,2,e0192b20-2dc5-4e74-aea7-4e4882508883,"",6,2026-10-06T14:43:05.6810038+02:00
white-label-setup,education,PASS,,4,10069469-0fdc-467e-a7dc-48d489dfc96f,"",5,2026-10-06T14:43:32.5695983+02:00
sales-enablement,education,PASS,,2,7f934f64-9165-420f-967d-268b265af439,"",5,2026-10-06T14:43:59.2676841+02:00
vertical-package,education,PASS,,4,204a953a-3fa7-4005-ba68-5e4ec459ac27,"",5,2026-10-06T14:44:25.9734595+02:00
lead-gen-retainer,education,PASS,,5,5a3b7e66-66f6-4d76-962b-be8d0627266e,"",9,2026-10-06T14:44:56.7708090+02:00
ai-support-retainer,education,PASS,,6,25d7afc6-4c67-429c-9e1b-81d361131c82,"",5,2026-10-06T14:45:23.4319395+02:00
custom-software,education,PASS,,2,4366e29a-2ef7-489b-bedd-83f6361c1197,"",5,2026-10-06T14:45:50.3314357+02:00
bundle-portal-presence,education,PASS,,5,97961819-58c2-48ff-8120-98e7276c3880,"",5,2026-10-06T14:46:16.9752135+02:00
bundle-sales-launch,education,PASS,,4,bd5ea292-3abc-4823-81b5-8ec77b4f43a2,"",5,2026-10-06T14:46:44.0929838+02:00
bundle-ops-clarity,education,PASS,,4,c9b2c8f5-a4d1-4e74-9984-cd272e99e19b,"",5,2026-10-06T14:47:10.6620909+02:00
setup-quick,finance,PASS,,3,88065151-d8b3-4fe5-be23-4f46a1f4841d,"",5,2026-10-06T14:47:37.2367140+02:00
setup-full,finance,PASS,,6,1c8aa6bf-5c69-4820-bafa-debc2f3d7a7b,"",5,2026-10-06T14:48:04.1220558+02:00
setup-custom,finance,PASS,,4,cc10bb61-f317-4c20-9e58-47602d332d88,"",5,2026-10-06T14:48:30.9267391+02:00
audit,finance,PASS,,2,3abbac14-4a34-48bf-bc1e-13b9d9c9b141,"",5,2026-10-06T14:48:57.6126718+02:00
integration,finance,PASS,,4,d0fee443-dc7c-40d1-afff-88673f4043d4,"",5,2026-10-06T14:49:24.1476233+02:00
workflow-design,finance,PASS,,2,b30c42bf-ec93-4547-a446-165d9a66879a,"",5,2026-10-06T14:49:50.7502549+02:00
support-priority,finance,PASS,,4,df75124a-a342-43ba-bd41-f8b6d5ddd95d,"",6,2026-10-06T14:50:18.3668114+02:00
support-dedicated,finance,PASS,,4,3c7d11be-e512-4b43-a774-c43005d3e633,"",5,2026-10-06T14:50:45.1558926+02:00
landing,finance,PASS,,2,e9245076-e3bd-4417-a99d-3c2bd824196f,"",5,2026-10-06T14:51:11.7884221+02:00
website-business,finance,PASS,,2,0a0da6db-3189-494c-b783-40a9d60453e0,"",5,2026-10-06T14:51:38.4488105+02:00
website-ecommerce,finance,PASS,,2,2f780ffd-fece-4793-8714-82dc1c8dff17,"",5,2026-10-06T14:52:05.8502905+02:00
white-label-setup,finance,PASS,,4,609bbe30-647f-47ec-807c-d20d9aec6a43,"",5,2026-10-06T14:52:32.4747976+02:00
sales-enablement,finance,PASS,,2,9ae186a6-6f95-4a2e-bd04-b1e9b94c2ec2,"",5,2026-10-06T14:52:59.1302395+02:00
vertical-package,finance,PASS,,4,b6e2b10c-025f-4aa2-9f95-ef3e26ddf72a,"",5,2026-10-06T14:53:25.7909601+02:00
lead-gen-retainer,finance,PASS,,5,1673d4f0-53b6-4f69-a8ac-1bbe63038730,"",9,2026-10-06T14:53:56.4858538+02:00
ai-support-retainer,finance,PASS,,6,665f5e5c-4106-4986-94a6-d12a8233b2f8,"",5,2026-10-06T14:54:23.0546341+02:00
custom-software,finance,PASS,,2,ff93e799-a1ad-46a1-bd87-536ef50180fb,"",5,2026-10-06T14:54:49.6649982+02:00
bundle-portal-presence,finance,PASS,,5,7e4bb7d6-9c82-4eeb-a342-b270b198ec6f,"",5,2026-10-06T14:55:16.4302736+02:00
bundle-sales-launch,finance,PASS,,4,ff799139-4e5a-4ae2-b5f8-035efee12bd6,"",5,2026-10-06T14:55:43.0367958+02:00
bundle-ops-clarity,finance,PASS,,4,2d5d45db-0898-40c0-9df2-ca5f18483e12,"",5,2026-10-06T14:56:09.6476770+02:00
setup-quick,logistics,PASS,,3,c48e1cc5-6b9b-4002-9317-d90df5f2f37f,"",5,2026-10-06T14:56:36.2347965+02:00
setup-full,logistics,PASS,,6,be37225d-e19f-4fe2-ab31-75320b767e95,"",5,2026-10-06T14:57:02.8726782+02:00
setup-custom,logistics,PASS,,4,d9c31fcc-245e-437e-8e58-f02a791d9353,"",5,2026-10-06T14:57:29.5744356+02:00
audit,logistics,PASS,,2,9d746e31-822e-4ae1-825a-fcd5d6d432ea,"",5,2026-10-06T14:57:56.0994653+02:00
integration,logistics,PASS,,4,859cd443-7413-4426-8722-6d4f38f6ad55,"",5,2026-10-06T14:58:22.7691279+02:00
workflow-design,logistics,PASS,,2,f8a9645c-9e32-4a96-973c-73c704986ea7,"",5,2026-10-06T14:58:49.3552141+02:00
support-priority,logistics,PASS,,4,763a9786-b893-446d-9170-9e4c861e1864,"",5,2026-10-06T14:59:15.9505118+02:00
support-dedicated,logistics,PASS,,4,f5eac2bb-946a-4695-be9e-7699ee4b8ea2,"",5,2026-10-06T14:59:42.4919773+02:00
landing,logistics,PASS,,2,bcd90478-d28c-4245-8d8a-77b1311b840f,"",5,2026-10-06T15:00:09.3662752+02:00
website-business,logistics,PASS,,2,9e455692-66e5-4bef-8702-7ecaae413617,"",5,2026-10-06T15:00:35.9323064+02:00
website-ecommerce,logistics,PASS,,2,1381a6eb-fcfc-4ec0-9eb0-9006cb1c7a48,"",5,2026-10-06T15:01:02.5561841+02:00
white-label-setup,logistics,PASS,,4,72954791-b8f0-4727-b29e-f74ee0d15d3c,"",5,2026-10-06T15:01:29.1428225+02:00
sales-enablement,logistics,PASS,,2,0b709277-49f7-429c-b768-3b0098bd006d,"",5,2026-10-06T15:01:55.7628080+02:00
vertical-package,logistics,PASS,,4,d9abbcb9-42c0-4345-bf0c-f5ca317164b0,"",5,2026-10-06T15:02:22.3908266+02:00
lead-gen-retainer,logistics,PASS,,5,4f48b7f7-6988-4865-8fb4-237f88453585,"",9,2026-10-06T15:02:53.1703677+02:00
ai-support-retainer,logistics,PASS,,6,e8c78d28-d3b2-48c4-a8bc-f3b060f8642a,"",4,2026-10-06T15:03:19.6740981+02:00
custom-software,logistics,PASS,,2,6f7ec84b-bcab-422d-9ccf-19f9f9a3cbee,"",5,2026-10-06T15:03:46.2802358+02:00
bundle-portal-presence,logistics,PASS,,5,b36032ca-36e4-4e1b-b12a-74210d5b19dd,"",5,2026-10-06T15:04:12.8130519+02:00
bundle-sales-launch,logistics,PASS,,4,1676bb96-8dc8-4a03-885a-3ce66d7de2d9,"",4,2026-10-06T15:04:39.3199674+02:00
bundle-ops-clarity,logistics,PASS,,4,6cca1cab-fc4d-45f7-aa9d-6b08764b893a,"",5,2026-10-06T15:05:06.3949695+02:00
setup-quick,beauty,PASS,,3,d55ff820-cf38-4214-9ac4-501cc447ef65,"",5,2026-10-06T15:05:33.3702682+02:00
setup-full,beauty,PASS,,6,63b609c6-4075-4637-b8bc-60d4ee95c953,"",5,2026-10-06T15:06:00.0367265+02:00
setup-custom,beauty,PASS,,4,f45813ae-9eff-4caf-8a02-e96be7c265fc,"",5,2026-10-06T15:06:26.6537004+02:00
audit,beauty,PASS,,2,2ad2849e-5558-4562-a51f-dd8e745915d5,"",5,2026-10-06T15:06:53.5494392+02:00
integration,beauty,PASS,,4,5c40883a-6954-438f-a1bc-83d81f5acfae,"",5,2026-10-06T15:07:20.2153474+02:00
workflow-design,beauty,PASS,,2,6121dee2-4e96-459a-b16b-a7f256b224a5,"",5,2026-10-06T15:07:46.8412559+02:00
support-priority,beauty,PASS,,4,639e05e8-af0a-4a0a-8b53-e596d7754e63,"",5,2026-10-06T15:08:13.5548729+02:00
support-dedicated,beauty,PASS,,4,2adbb218-be58-43b7-ad22-33437a2df8c0,"",5,2026-10-06T15:08:40.3427397+02:00
landing,beauty,PASS,,2,69659b40-7176-4707-b1a6-b05b649fb1e0,"",5,2026-10-06T15:09:06.9699225+02:00
website-business,beauty,PASS,,2,95e62796-2127-4061-b8cf-1be7a11ef30c,"",5,2026-10-06T15:09:33.5614805+02:00
website-ecommerce,beauty,PASS,,2,829d6c16-a4d6-4edb-98ae-49dbab3d9df4,"",5,2026-10-06T15:10:00.3558572+02:00
white-label-setup,beauty,PASS,,4,a38524e7-e1b2-4226-8e04-a1970d86293a,"",5,2026-10-06T15:10:27.0474863+02:00
sales-enablement,beauty,PASS,,2,736a2ac8-aff5-46ee-9433-f3031a8c3e98,"",5,2026-10-06T15:10:53.6828027+02:00
vertical-package,beauty,PASS,,4,e6dc64f6-106b-4bfc-9bb6-f1fde720ec9a,"",5,2026-10-06T15:11:20.3573880+02:00
lead-gen-retainer,beauty,PASS,,5,12cd83d3-fc77-4daa-8240-b46175e87ab1,"",9,2026-10-06T15:11:51.1202158+02:00
ai-support-retainer,beauty,PASS,,6,470c1ffe-9cd7-4488-b796-2de0562e4e8f,"",5,2026-10-06T15:12:17.8438486+02:00
custom-software,beauty,PASS,,2,35418cde-0e3b-43d0-9b14-4b3db3c9b426,"",5,2026-10-06T15:12:44.6899434+02:00
bundle-portal-presence,beauty,PASS,,5,8f168c53-e8c5-42a1-ba51-d3547b7240cb,"",5,2026-10-06T15:13:11.4129224+02:00
bundle-sales-launch,beauty,PASS,,4,054b8eb9-c86a-4a9e-9431-83ebd96ddeb3,"",5,2026-10-06T15:13:38.0089433+02:00
bundle-ops-clarity,beauty,PASS,,4,a3840bab-e3b1-4a26-bbae-a3daed22d657,"",5,2026-10-06T15:14:04.8960880+02:00
setup-quick,fitness,PASS,,3,9c1e1a28-1c17-40a9-9df3-a522613fd9db,"",5,2026-10-06T15:14:31.5236001+02:00
setup-full,fitness,PASS,,6,46723d71-7696-4041-a925-297496658988,"",5,2026-10-06T15:14:58.2036272+02:00
setup-custom,fitness,PASS,,4,c95e0d53-af07-44bf-a3d1-40fe7ed4d0d0,"",5,2026-10-06T15:15:24.8483062+02:00
audit,fitness,PASS,,2,b24fa3f2-b89b-40f6-b1dc-6d5c7295487e,"",5,2026-10-06T15:15:51.4779482+02:00
integration,fitness,PASS,,4,2eef3a55-8a89-4a9b-9e51-f3201b9bc0fd,"",5,2026-10-06T15:16:18.0800475+02:00
workflow-design,fitness,PASS,,2,37800695-0c05-4b83-adf2-b332920cca5f,"",6,2026-10-06T15:16:45.7649501+02:00
support-priority,fitness,PASS,,4,c1b7c1af-47b5-4201-b762-740b746f920a,"",5,2026-10-06T15:17:12.8991712+02:00
support-dedicated,fitness,PASS,,4,7ae0d15f-1dde-4043-9bf6-88cb3f0fcf97,"",5,2026-10-06T15:17:39.5233272+02:00
landing,fitness,PASS,,2,653aaa7c-9d1e-4199-86f7-7a6f726de456,"",5,2026-10-06T15:18:06.4975725+02:00
website-business,fitness,PASS,,2,da0f3c07-477e-4fc1-9c5b-b03ee6bda9ba,"",5,2026-10-06T15:18:33.1146620+02:00
website-ecommerce,fitness,PASS,,2,5d3ebb04-5395-49af-b96a-e66948dff88c,"",5,2026-10-06T15:18:59.6798768+02:00
white-label-setup,fitness,PASS,,4,f1e6b56d-e495-438b-909a-a33f1e2dc2be,"",5,2026-10-06T15:19:26.2330729+02:00
sales-enablement,fitness,PASS,,2,d8b52582-31a8-4881-a4e3-a86889a0d5da,"",5,2026-10-06T15:19:52.8520320+02:00
vertical-package,fitness,PASS,,4,0bae8060-db0c-41a3-a896-66fd84e1957b,"",5,2026-10-06T15:20:19.4430867+02:00
lead-gen-retainer,fitness,PASS,,5,5131b01f-43b3-4f14-ac92-923773e3b5d7,"",13,2026-10-06T15:20:54.3689571+02:00
ai-support-retainer,fitness,PASS,,6,1f949b60-b213-45d2-8fb6-dd333eba9ef4,"",5,2026-10-06T15:21:20.9965303+02:00
custom-software,fitness,PASS,,2,71c9ef26-0670-4a11-85ef-f8e79f0cc70a,"",5,2026-10-06T15:21:47.5788435+02:00
bundle-portal-presence,fitness,PASS,,5,1b0cdc3f-2ca7-44db-86d0-7649ccbf44bd,"",5,2026-10-06T15:22:14.2910587+02:00
bundle-sales-launch,fitness,PASS,,4,c4c244ab-92c0-4936-b540-e7ccc6733298,"",5,2026-10-06T15:22:40.9132782+02:00
bundle-ops-clarity,fitness,PASS,,4,9560a9f2-6ff2-4c21-9dc9-297c66c1ff02,"",5,2026-10-06T15:23:07.7272498+02:00
setup-quick,agriculture,PASS,,3,43b2197b-4f7b-4f73-939d-ae4a425ad3cc,"",4,2026-10-06T15:23:34.2363034+02:00
setup-full,agriculture,PASS,,6,801a1984-5c1a-4599-aa7f-3f30160ce762,"",5,2026-10-06T15:24:00.8677477+02:00
setup-custom,agriculture,PASS,,4,3f65a8df-d221-4b89-9971-0ee0235455f4,"",5,2026-10-06T15:24:27.4247131+02:00
audit,agriculture,PASS,,2,f3a1c799-3b0f-402f-aa40-aefb87382c24,"",5,2026-10-06T15:24:54.0507615+02:00
integration,agriculture,PASS,,4,1735d0d7-4c78-47a8-8d31-89efbf10aaf9,"",5,2026-10-06T15:25:20.6639277+02:00
workflow-design,agriculture,PASS,,2,80ee3a99-2988-4d47-bc2c-72dc581e1c2f,"",5,2026-10-06T15:25:47.9435870+02:00
support-priority,agriculture,PASS,,4,0f3732cf-c370-4dc5-8e48-044aed86a0d1,"",5,2026-10-06T15:26:14.5173933+02:00
support-dedicated,agriculture,PASS,,4,3b1a4132-8045-4e17-9801-e9fa4eed8740,"",5,2026-10-06T15:26:41.1580760+02:00
landing,agriculture,PASS,,2,23376ec8-cfb7-43e6-95ff-95db622481bb,"",5,2026-10-06T15:27:07.9589923+02:00
website-business,agriculture,PASS,,2,0f00edee-ab1c-4cc7-b32a-767590c9a1f9,"",5,2026-10-06T15:27:34.8108285+02:00
website-ecommerce,agriculture,PASS,,2,fe2f92a3-1de1-4644-8865-064bdec84a7a,"",5,2026-10-06T15:28:01.5557064+02:00
white-label-setup,agriculture,PASS,,4,278b9999-2600-490e-ae77-74f361e67470,"",5,2026-10-06T15:28:28.1593989+02:00
sales-enablement,agriculture,PASS,,2,26c73240-3df4-4f99-b5a6-5c856a78fc65,"",5,2026-10-06T15:28:54.9813842+02:00
vertical-package,agriculture,PASS,,4,e26a8970-9f27-4249-a138-911f421d78b8,"",5,2026-10-06T15:29:21.5883500+02:00
lead-gen-retainer,agriculture,PASS,,5,1662a115-17c4-4a3e-a94d-b6a4429e2eaf,"",14,2026-10-06T15:29:57.1580836+02:00
ai-support-retainer,agriculture,PASS,,6,ed7f9cd4-5fa2-481b-92de-536ead7b2a3a,"",5,2026-10-06T15:30:23.8682841+02:00
custom-software,agriculture,PASS,,2,dc963cdb-958d-4237-8705-54a688ec8540,"",5,2026-10-06T15:30:50.4457886+02:00
bundle-portal-presence,agriculture,PASS,,5,38320f05-4b89-416d-9e3c-5043f7be5379,"",5,2026-10-06T15:31:17.1942831+02:00
bundle-sales-launch,agriculture,PASS,,4,e4fffdfa-5dec-46bc-87b1-f1638db245fb,"",5,2026-10-06T15:31:43.8562403+02:00
bundle-ops-clarity,agriculture,PASS,,4,551fd5e4-aa0a-4647-9cce-d89ee4a4ba02,"",5,2026-10-06T15:32:10.3962145+02:00
setup-quick,automotive,PASS,,3,31c378fe-c00f-47b1-8f2d-e5c346dfcc0b,"",5,2026-10-06T15:32:36.9841359+02:00
setup-full,automotive,PASS,,6,2176b584-905c-4840-acda-d5e334f2872b,"",5,2026-10-06T15:33:04.3539901+02:00
setup-custom,automotive,PASS,,4,8a51b6af-af74-498a-928a-1e6c13c0abc3,"",5,2026-10-06T15:33:30.9916474+02:00
audit,automotive,PASS,,2,b99d5424-17f8-4517-ae1c-be2ef05bb572,"",5,2026-10-06T15:33:57.5273294+02:00
integration,automotive,PASS,,4,8002d89e-ee79-4c03-8fb5-185e3fe10a60,"",5,2026-10-06T15:34:24.0623458+02:00
workflow-design,automotive,PASS,,2,53a1cd32-e206-45a3-917c-f9a04a696646,"",5,2026-10-06T15:34:50.8577649+02:00
support-priority,automotive,PASS,,4,2e652d32-538c-4eb4-bfe7-1f080c919135,"",5,2026-10-06T15:35:17.4852686+02:00
support-dedicated,automotive,PASS,,4,aeffa0f4-1af8-4316-b93e-f88054d7455c,"",5,2026-10-06T15:35:44.0927814+02:00
landing,automotive,PASS,,2,ce7ff1ab-4341-400f-bd78-f4d18d8e1996,"",5,2026-10-06T15:36:10.8924571+02:00
website-business,automotive,PASS,,2,49e643b8-7c6b-492c-a8cd-380097669607,"",5,2026-10-06T15:36:37.6129571+02:00
website-ecommerce,automotive,PASS,,2,30ea4b48-6ad0-4163-950a-6ac7151ca7d7,"",5,2026-10-06T15:37:04.3022393+02:00
white-label-setup,automotive,PASS,,4,42d84dd0-d8f6-4c8b-845f-6c6425ef4caa,"",5,2026-10-06T15:37:31.0215071+02:00
sales-enablement,automotive,PASS,,2,ef647a8d-26f3-4d6f-8216-ab7c4d9d0561,"",5,2026-10-06T15:37:57.6920973+02:00
vertical-package,automotive,PASS,,4,d8021e85-689a-4f4e-938c-0cf965b999aa,"",5,2026-10-06T15:38:24.2866464+02:00
lead-gen-retainer,automotive,PASS,,5,24601a94-f9c5-4d89-8a2f-cd3ecbcf2596,"",9,2026-10-06T15:38:54.9611000+02:00
ai-support-retainer,automotive,PASS,,6,e24d9a21-2a1b-40ca-abe2-6c569542aa5d,"",5,2026-10-06T15:39:22.1448872+02:00
custom-software,automotive,PASS,,2,073b2a19-4db4-4a2b-b0eb-0a77ad5b7213,"",5,2026-10-06T15:39:48.7852660+02:00
bundle-portal-presence,automotive,PASS,,5,819756d3-5016-4bed-b967-fee86be898ec,"",5,2026-10-06T15:40:15.4349063+02:00
bundle-sales-launch,automotive,PASS,,4,834871b9-1d24-421e-b6a0-cca4d16d97ce,"",5,2026-10-06T15:40:41.9689365+02:00
bundle-ops-clarity,automotive,PASS,,4,bc9baa67-d1c3-430f-94ea-404f2c760b47,"",5,2026-10-06T15:41:08.5430736+02:00
setup-quick,real-estate,PASS,,3,4d24a575-b397-4999-bb9a-4aa6e4567c4b,"",5,2026-10-06T15:41:35.1903921+02:00
setup-full,real-estate,PASS,,6,72e81c27-7b31-4db5-8c3f-6758d0b0c94d,"",5,2026-10-06T15:42:02.1417102+02:00
setup-custom,real-estate,PASS,,4,be89e76a-19a3-467c-b511-bd7c6bbffcf7,"",5,2026-10-06T15:42:28.7539738+02:00
audit,real-estate,PASS,,2,dabd8125-7389-4110-8a3d-e93d5955c438,"",5,2026-10-06T15:42:55.3190519+02:00
integration,real-estate,PASS,,4,4d00ce95-4b90-4118-a7d9-299eff7659d0,"",5,2026-10-06T15:43:22.0697998+02:00
workflow-design,real-estate,PASS,,2,feb79714-ee9c-480d-a12a-27252f850bd5,"",5,2026-10-06T15:43:48.6617806+02:00
support-priority,real-estate,PASS,,4,c02c17bd-8d89-4835-8977-e98659d6de81,"",5,2026-10-06T15:44:15.3239677+02:00
support-dedicated,real-estate,PASS,,4,8aec8b6d-1e3f-4fa8-876e-4a2363c7a18d,"",5,2026-10-06T15:44:42.1398461+02:00
landing,real-estate,PASS,,2,c335cbe5-2187-417c-a0cf-31801483787f,"",5,2026-10-06T15:45:09.1739310+02:00
website-business,real-estate,PASS,,2,b45c352b-3c5a-4a92-be50-b0b4edc75986,"",5,2026-10-06T15:45:35.7640882+02:00
website-ecommerce,real-estate,PASS,,2,a671a0db-4970-4b1b-9952-b6c39c6b7a99,"",5,2026-10-06T15:46:02.3169195+02:00
white-label-setup,real-estate,PASS,,4,b9645841-5acc-4f64-8430-82d8f685ea18,"",5,2026-10-06T15:46:29.0053034+02:00
sales-enablement,real-estate,PASS,,2,54c5fcb4-08c4-4113-88d2-9b909acae082,"",5,2026-10-06T15:46:55.5327580+02:00
vertical-package,real-estate,PASS,,4,84116178-f989-4853-9619-60dbbab3316f,"",5,2026-10-06T15:47:22.6329281+02:00
lead-gen-retainer,real-estate,PASS,,5,727bc226-8e8c-4938-ab1b-4a97e31dd87f,"",13,2026-10-06T15:47:57.9336317+02:00
ai-support-retainer,real-estate,PASS,,6,ebde741a-a6cc-4035-a978-4237b19657f0,"",5,2026-10-06T15:48:24.6564502+02:00
custom-software,real-estate,PASS,,2,998323a1-6ed7-4c5f-9dfc-206eb9cae6ef,"",5,2026-10-06T15:48:51.3932326+02:00
bundle-portal-presence,real-estate,PASS,,5,004554ec-737c-4d4d-8377-cb95d99d4aec,"",5,2026-10-06T15:49:18.0832166+02:00
bundle-sales-launch,real-estate,PASS,,4,4631e852-fd02-410b-aeb9-a557f8b58c63,"",5,2026-10-06T15:49:44.6458981+02:00
bundle-ops-clarity,real-estate,PASS,,4,830aec25-a7ca-4f76-a244-d563c9866b96,"",5,2026-10-06T15:50:11.2515533+02:00
setup-quick,manufacturing,PASS,,3,c53cc317-ed0d-4f84-8f5a-a980a7389393,"",5,2026-10-06T15:50:37.9605167+02:00
setup-full,manufacturing,PASS,,6,b31e659c-1a32-416d-b3a7-f10ef2da982c,"",5,2026-10-06T15:51:04.7056098+02:00
setup-custom,manufacturing,PASS,,4,b39c631e-b335-4b29-b4fc-79a2464203bd,"",5,2026-10-06T15:51:31.2761144+02:00
audit,manufacturing,PASS,,2,8627315f-3796-4d4a-b5df-10d3fdf84e17,"",5,2026-10-06T15:51:58.2414264+02:00
integration,manufacturing,PASS,,4,ba0cacea-4023-4358-a5e1-440312d0cd44,"",5,2026-10-06T15:52:24.8165386+02:00
workflow-design,manufacturing,PASS,,2,2456c0e3-d6d4-419a-9e25-f7ccfb803649,"",5,2026-10-06T15:52:51.3728629+02:00
support-priority,manufacturing,PASS,,4,24deb85f-3e9b-435b-bbe5-e47825904491,"",5,2026-10-06T15:53:17.9877761+02:00
support-dedicated,manufacturing,PASS,,4,9d299ab7-0284-43ff-812d-bd19a3e2fea1,"",5,2026-10-06T15:53:44.5511700+02:00
landing,manufacturing,PASS,,2,a79581d0-e144-44d1-be13-44bf076a0a26,"",5,2026-10-06T15:54:11.2174116+02:00
website-business,manufacturing,PASS,,2,7a11ee58-a538-46fd-8d31-2f1fa64c584f,"",5,2026-10-06T15:54:38.0699356+02:00
website-ecommerce,manufacturing,PASS,,2,da0d83f0-9eb0-469b-8b00-0c5818788c87,"",5,2026-10-06T15:55:04.9008454+02:00
white-label-setup,manufacturing,PASS,,4,bf8e09b6-2b47-4ace-bae6-2cc0591ae675,"",5,2026-10-06T15:55:31.4677656+02:00
sales-enablement,manufacturing,PASS,,2,a40dc7d8-ca9d-42ac-950a-49bf9d73d788,"",5,2026-10-06T15:55:58.0545927+02:00
vertical-package,manufacturing,PASS,,4,cc3fcad4-f179-49e5-8cb6-adf7dfb9c141,"",4,2026-10-06T15:56:24.5619890+02:00
lead-gen-retainer,manufacturing,PASS,,5,020ea13f-d35c-4241-8a1b-6a6f03283580,"",9,2026-10-06T15:56:55.2505166+02:00
ai-support-retainer,manufacturing,PASS,,6,f2e13687-75c1-4d03-ac92-73f2d93982ef,"",5,2026-10-06T15:57:21.8647647+02:00
custom-software,manufacturing,PASS,,2,a8cafc5e-fe25-49b6-832b-83172a93e4cd,"",5,2026-10-06T15:57:48.5667201+02:00
bundle-portal-presence,manufacturing,PASS,,5,37071415-6be2-4a62-bb2d-dabd688f822a,"",5,2026-10-06T15:58:15.0865070+02:00
bundle-sales-launch,manufacturing,PASS,,4,9702f374-6ebc-49b4-942d-0ccced70f404,"",5,2026-10-06T15:58:42.1376880+02:00
bundle-ops-clarity,manufacturing,PASS,,4,cac91b1b-a028-4570-b836-98aae9fd8f9d,"",5,2026-10-06T15:59:08.6715782+02:00
setup-quick,technology,PASS,,3,8a5e2617-0f37-49eb-b86e-40fa22071f1b,"",5,2026-10-06T15:59:35.3778291+02:00
setup-full,technology,PASS,,6,78a73209-2055-4926-bf0b-e7b8d768ea6e,"",5,2026-10-06T16:00:01.9632142+02:00
setup-custom,technology,PASS,,4,5287808d-edb9-492f-9f0d-8eef91cbe9b1,"",5,2026-10-06T16:00:28.5007339+02:00
audit,technology,PASS,,2,86d42553-934f-465c-b054-69020e7f5dcc,"",5,2026-10-06T16:00:55.3722779+02:00
integration,technology,PASS,,4,0886b55f-67b6-4dee-a55c-6b05584f814d,"",5,2026-10-06T16:01:22.0856505+02:00
workflow-design,technology,PASS,,2,11ced27f-9f6d-4b2a-bacb-abb3255cb551,"",5,2026-10-06T16:01:48.8797605+02:00
support-priority,technology,PASS,,4,c5b653e4-f791-43a9-b287-1b3a4009c556,"",5,2026-10-06T16:02:15.4750288+02:00
support-dedicated,technology,PASS,,4,1bea97bd-ce56-4882-a400-ffda297ad381,"",5,2026-10-06T16:02:42.5099608+02:00
landing,technology,PASS,,2,fc4a2604-50a6-47b8-a4fa-cc74d6c70869,"",5,2026-10-06T16:03:09.3080387+02:00
website-business,technology,PASS,,2,9e6737f5-f6b8-4883-ba44-353343534f24,"",5,2026-10-06T16:03:35.8773815+02:00
website-ecommerce,technology,PASS,,2,01bd4f26-1f31-4f6d-b667-8b4845550df9,"",5,2026-10-06T16:04:02.4499122+02:00
white-label-setup,technology,PASS,,4,ca6d51e1-3975-4bb4-8c34-bc1cee6a1034,"",5,2026-10-06T16:04:29.0036856+02:00
sales-enablement,technology,PASS,,2,f4e12fdf-be97-474a-b3f2-739c3f504ef3,"",5,2026-10-06T16:04:55.6103010+02:00
vertical-package,technology,PASS,,4,05287b80-446a-4c47-b4f0-14c55b3b5b24,"",5,2026-10-06T16:05:22.2801024+02:00
lead-gen-retainer,technology,PASS,,5,991cee6a-0b8a-41fd-8e28-730d8137c12e,"",13,2026-10-06T16:05:57.6225374+02:00
ai-support-retainer,technology,PASS,,6,e902281e-df7e-4cf3-adc8-e1d1e11e6f26,"",5,2026-10-06T16:06:24.3019183+02:00
custom-software,technology,PASS,,2,5e31a7fd-8259-4abf-b0cc-9258f250dedc,"",5,2026-10-06T16:06:50.8251769+02:00
bundle-portal-presence,technology,PASS,,5,6fbdf4b9-91e1-432f-933e-acd7ec0fed2a,"",5,2026-10-06T16:07:17.3530213+02:00
bundle-sales-launch,technology,PASS,,4,5ec8c5b8-8b12-4d8c-ba83-38fda9dc79ee,"",5,2026-10-06T16:07:44.0436377+02:00
bundle-ops-clarity,technology,PASS,,4,e316c128-632c-44bc-abeb-2efa636380e0,"",5,2026-10-06T16:08:11.0052535+02:00
setup-quick,media,PASS,,3,6eb4779e-85f0-4c7f-bc48-e2bb5444f362,"",5,2026-10-06T16:08:37.6981679+02:00
setup-full,media,PASS,,6,698f863d-bf0a-4939-b11c-a0e394c5ca7b,"",5,2026-10-06T16:09:04.8945712+02:00
setup-custom,media,PASS,,4,69f68360-1e07-4ce3-b5a0-78afcb5c60ec,"",5,2026-10-06T16:09:31.5947129+02:00
audit,media,PASS,,2,749e37e8-82d8-4522-a5e7-50a20f3d75fa,"",5,2026-10-06T16:09:58.1318578+02:00
integration,media,PASS,,4,467dded8-1a94-4cc6-b8bb-8aa62a7058e2,"",5,2026-10-06T16:10:24.7221365+02:00
workflow-design,media,PASS,,2,450171c6-5e5e-44bb-9131-f794c111e04d,"",5,2026-10-06T16:10:51.4717928+02:00
support-priority,media,PASS,,4,fad51073-805e-472b-9a5a-e14cf28c4d4e,"",5,2026-10-06T16:11:18.1067331+02:00
support-dedicated,media,PASS,,4,e962b3fa-9c4a-4cbf-8fdc-7353856e4d65,"",5,2026-10-06T16:11:44.8727961+02:00
landing,media,PASS,,2,0494c4e0-4878-47a2-99ea-4472085c8da6,"",5,2026-10-06T16:12:11.4705047+02:00
website-business,media,PASS,,2,36dfdcf2-d3b5-4cf6-ac7b-a535079138cf,"",5,2026-10-06T16:12:38.1766050+02:00
website-ecommerce,media,PASS,,2,05df525d-2ee0-4719-9e80-4fcc6cf7885c,"",5,2026-10-06T16:13:05.1268399+02:00
white-label-setup,media,PASS,,4,25cab686-cef6-47a1-bde8-92fa201e1f79,"",5,2026-10-06T16:13:31.7585814+02:00
sales-enablement,media,PASS,,2,03d7b332-12b1-4b67-9263-7ba5afc3f585,"",5,2026-10-06T16:13:58.3621226+02:00
vertical-package,media,PASS,,4,b73fd9f3-765f-4e6d-a427-14c9a54ce689,"",5,2026-10-06T16:14:25.1935609+02:00
lead-gen-retainer,media,PASS,,5,4abf4527-9ec8-4f51-a008-8c6121ba4758,"",9,2026-10-06T16:14:55.8654543+02:00
ai-support-retainer,media,PASS,,6,faf0f3c7-f24e-4fe3-a358-b7fb7c93b220,"",5,2026-10-06T16:15:22.4784243+02:00
custom-software,media,PASS,,2,f2e729ab-5644-4c6e-a054-0cfeaaa228ec,"",5,2026-10-06T16:15:49.0768138+02:00
bundle-portal-presence,media,PASS,,5,030b6216-8018-4bbf-a12c-3713ada3c5cd,"",5,2026-10-06T16:16:15.6860518+02:00
bundle-sales-launch,media,PASS,,4,a5a89f8c-4cf3-4c96-9990-a0dbdf0d2bb5,"",5,2026-10-06T16:16:42.5452546+02:00
bundle-ops-clarity,media,PASS,,4,bf27c3d9-e2c5-44ca-96e0-bb454ea7f2e1,"",6,2026-10-06T16:17:10.0669056+02:00
setup-quick,nonprofit,PASS,,3,d517ed06-940c-4c0c-86b5-eb2aed4c7e02,"",5,2026-10-06T16:17:36.6918552+02:00
setup-full,nonprofit,PASS,,6,c97a690d-a28e-4c5a-899f-6107e5cc9929,"",5,2026-10-06T16:18:03.4604154+02:00
setup-custom,nonprofit,PASS,,4,444b7463-e800-48eb-8018-0f172cdadeaf,"",6,2026-10-06T16:18:31.1383983+02:00
audit,nonprofit,PASS,,2,e621e988-e40d-4a7c-b0db-674ceae993d2,"",5,2026-10-06T16:18:57.8336435+02:00
integration,nonprofit,PASS,,4,48c2898f-d090-47ca-88a5-c4305103d331,"",5,2026-10-06T16:19:24.5648898+02:00
workflow-design,nonprofit,PASS,,2,8099fc46-1aa1-487b-9b69-388e16dc7c77,"",5,2026-10-06T16:19:51.1189844+02:00
support-priority,nonprofit,PASS,,4,f39d348e-e4b9-4333-b32e-f7339bfa3062,"",5,2026-10-06T16:20:17.8145710+02:00
support-dedicated,nonprofit,PASS,,4,aaadc4c3-3c7e-4f73-be35-a0d90fc75d14,"",5,2026-10-06T16:20:44.5916344+02:00
landing,nonprofit,PASS,,2,1244a6e0-a40c-4d1a-b733-e1ffdcf69068,"",5,2026-10-06T16:21:11.2847121+02:00
website-business,nonprofit,PASS,,2,7a878ab7-a099-40f2-bcf3-5c09ec67036e,"",5,2026-10-06T16:21:38.0662229+02:00
website-ecommerce,nonprofit,PASS,,2,94517089-9541-4fbf-86b2-54071552ebf1,"",5,2026-10-06T16:22:05.0911111+02:00
white-label-setup,nonprofit,PASS,,4,f5c77b29-2fd0-4f78-bea8-039efcc96f54,"",5,2026-10-06T16:22:31.7530836+02:00
sales-enablement,nonprofit,PASS,,2,bc005a5c-70f7-4939-be0e-329c70a940e1,"",5,2026-10-06T16:22:58.5110167+02:00
vertical-package,nonprofit,PASS,,4,79bf9e0d-5b0a-48f1-a317-ccea79462b8f,"",5,2026-10-06T16:23:25.2202005+02:00
lead-gen-retainer,nonprofit,PASS,,5,40fa7338-d6cb-41fc-b256-3c6c0c2c717c,"",13,2026-10-06T16:24:00.5076925+02:00
ai-support-retainer,nonprofit,PASS,,6,a20e51e2-4806-4030-8df2-e2b508268aa3,"",5,2026-10-06T16:24:27.1229570+02:00
custom-software,nonprofit,PASS,,2,6bb0cb04-2b17-4f73-b191-8b6c4ac7bfab,"",5,2026-10-06T16:24:53.9044435+02:00
bundle-portal-presence,nonprofit,PASS,,5,2d4c220a-ea22-496e-b929-139d4931ce61,"",5,2026-10-06T16:25:20.6471098+02:00
bundle-sales-launch,nonprofit,PASS,,4,79ea9536-f260-48e7-8096-bf081dce2d99,"",5,2026-10-06T16:25:47.5622278+02:00
bundle-ops-clarity,nonprofit,PASS,,4,8e4ca2e2-36b0-4d19-8b3c-5fa4d411b2de,"",5,2026-10-06T16:26:14.3291094+02:00
setup-quick,government,PASS,,3,ef4a9326-45d4-4723-897d-7e3383adc4aa,"",5,2026-10-06T16:26:41.0434202+02:00
setup-full,government,PASS,,6,f76dc1e4-7e2f-4d88-80f7-1edac419b836,"",5,2026-10-06T16:27:07.6112967+02:00
setup-custom,government,PASS,,4,68bdedf5-d609-4afe-9782-a8bb4332d00b,"",5,2026-10-06T16:27:34.3403122+02:00
audit,government,PASS,,2,fcc9382a-adcb-4051-8788-b55fb21e33f0,"",5,2026-10-06T16:28:00.9775242+02:00
integration,government,PASS,,4,3267e7b5-7cba-413f-b61f-38b3d0e1f10a,"",5,2026-10-06T16:28:27.5989427+02:00
workflow-design,government,PASS,,2,ed3f1097-1827-469b-9d38-61bd3d1383f5,"",5,2026-10-06T16:28:54.1827143+02:00
support-priority,government,PASS,,4,e91955d0-b70e-43ca-b3a0-186eb0f837fa,"",5,2026-10-06T16:29:20.8062293+02:00
support-dedicated,government,PASS,,4,e1f1c7ac-301a-41bf-b903-c3597ad6bb24,"",5,2026-10-06T16:29:47.4040036+02:00
landing,government,PASS,,2,2bb8d991-8d2a-4c85-80b4-409eb1ac99ac,"",5,2026-10-06T16:30:14.0548519+02:00
website-business,government,PASS,,2,dfcb059c-217e-4b1d-a04b-0aeebe4f4e5d,"",5,2026-10-06T16:30:40.6888116+02:00
website-ecommerce,government,PASS,,2,51f67d26-7f3d-4b50-9f39-61aee3559242,"",5,2026-10-06T16:31:07.4381584+02:00
white-label-setup,government,PASS,,4,9ef55cb0-75ba-4cf8-ba1c-8a19790ba28a,"",5,2026-10-06T16:31:34.0932323+02:00
sales-enablement,government,PASS,,2,52fb6c11-af8a-4e5f-87fb-2311730f51bf,"",5,2026-10-06T16:32:00.8143233+02:00
vertical-package,government,PASS,,4,6a2922df-4ea1-4a8b-b947-7382c96682d5,"",5,2026-10-06T16:32:27.4838303+02:00
lead-gen-retainer,government,PASS,,5,8d268f32-b9ed-420f-b1ff-9b7516359c98,"",9,2026-10-06T16:32:58.9461933+02:00
ai-support-retainer,government,PASS,,6,1b72abc8-b37a-4a15-b553-89a3c54d2c43,"",5,2026-10-06T16:33:25.4744001+02:00
custom-software,government,PASS,,2,97f6ad8d-a8f1-413f-976b-50ed62684c9d,"",5,2026-10-06T16:33:52.1242031+02:00
bundle-portal-presence,government,PASS,,5,a5b18add-bbea-43dc-a1d4-6b5222dd1774,"",5,2026-10-06T16:34:18.8234901+02:00
bundle-sales-launch,government,PASS,,4,0649f440-f6cd-4fd4-80c4-258e83c28d89,"",5,2026-10-06T16:34:45.3788720+02:00
bundle-ops-clarity,government,PASS,,4,ba54ccae-978c-4799-bde9-d85626cb6bbb,"",5,2026-10-06T16:35:12.1564581+02:00
setup-quick,energy,PASS,,3,1002b555-ec55-43a0-941b-79adf96bb95a,"",5,2026-10-06T16:35:38.9319431+02:00
setup-full,energy,PASS,,6,7e2bf2e9-8729-498d-9ca0-ea06e667fd9c,"",5,2026-10-06T16:36:05.9821934+02:00
setup-custom,energy,PASS,,4,4f67b3dd-bdb1-4220-859a-d1ee8ee64157,"",5,2026-10-06T16:36:32.6915036+02:00
audit,energy,PASS,,2,7a78d89d-58ae-4561-b4d8-23877dff08af,"",5,2026-10-06T16:36:59.3077373+02:00
integration,energy,PASS,,4,4475e74d-2a41-4194-a69b-f0b5bc76cbcb,"",5,2026-10-06T16:37:26.1777327+02:00
workflow-design,energy,PASS,,2,19687221-ed92-4264-85bc-2cf577c15dee,"",5,2026-10-06T16:37:52.7820291+02:00
support-priority,energy,PASS,,4,9dcd2fee-32b9-42fc-94af-b6dc15daf65d,"",5,2026-10-06T16:38:19.5159630+02:00
support-dedicated,energy,PASS,,4,8c91b0d9-160b-4547-9054-46aabe1e3747,"",5,2026-10-06T16:38:46.3333799+02:00
landing,energy,PASS,,2,e6564997-808f-487e-8e74-32f01c4eef29,"",5,2026-10-06T16:39:12.9146926+02:00
website-business,energy,PASS,,2,f42d53fd-59d1-40c0-aab7-633084a1ea06,"",5,2026-10-06T16:39:39.5615947+02:00
website-ecommerce,energy,PASS,,2,a1754df0-d486-48be-bfa0-3e72f007fcf0,"",5,2026-10-06T16:40:06.2512696+02:00
white-label-setup,energy,PASS,,4,b2d599cf-110f-4d6a-b3e5-9440b7e19af1,"",5,2026-10-06T16:40:32.8887499+02:00
sales-enablement,energy,PASS,,2,d790fe22-0e02-42ab-aa06-c0798f73053b,"",5,2026-10-06T16:40:59.4266259+02:00
vertical-package,energy,PASS,,4,47945839-8df4-4d16-80d2-bbea2eb461c8,"",5,2026-10-06T16:41:26.2879342+02:00
lead-gen-retainer,energy,PASS,,5,dca573fe-e9ab-40cd-b77f-a3cc7f5ba253,"",13,2026-10-06T16:42:01.2384399+02:00
ai-support-retainer,energy,PASS,,6,24ce6762-ce48-4418-82ab-7234322db746,"",5,2026-10-06T16:42:27.7867299+02:00
custom-software,energy,PASS,,2,17b19be5-6af4-416c-807f-20ef297b7b9c,"",5,2026-10-06T16:42:55.2894242+02:00
bundle-portal-presence,energy,PASS,,5,792df029-1166-428b-bc44-99809777a29b,"",5,2026-10-06T16:43:21.8844949+02:00
bundle-sales-launch,energy,PASS,,4,68949ae0-f718-4686-a17c-143b4bed9838,"",5,2026-10-06T16:43:48.5988776+02:00
bundle-ops-clarity,energy,PASS,,4,7f9aa718-624f-470f-b72e-3b29a5fbb004,"",5,2026-10-06T16:44:15.1956258+02:00
setup-quick,travel,PASS,,3,85fbe4f8-85c4-41da-8ebd-7ea842b73b2a,"",5,2026-10-06T16:44:41.7899508+02:00
setup-full,travel,PASS,,6,2db32915-0687-4cca-8e34-92085a77d578,"",5,2026-10-06T16:45:08.4034925+02:00
setup-custom,travel,PASS,,4,c12de3e7-9472-4373-bb46-164289afe623,"",5,2026-10-06T16:45:35.0339792+02:00
audit,travel,PASS,,2,98885772-3432-4553-a4ad-26b1334862c0,"",5,2026-10-06T16:46:01.6388977+02:00
integration,travel,PASS,,4,9d597e11-b639-49b5-8b81-41859e217377,"",5,2026-10-06T16:46:28.4713645+02:00
workflow-design,travel,PASS,,2,4622e92b-5ff9-4fcb-98f9-4a886f4fa1df,"",5,2026-10-06T16:46:55.0402733+02:00
support-priority,travel,PASS,,4,56a40e89-5fa7-47fe-9477-0577f7fb746a,"",5,2026-10-06T16:47:21.6277513+02:00
support-dedicated,travel,PASS,,4,f2fb911e-e2ac-4b9d-9d66-b000dd9b619d,"",5,2026-10-06T16:47:48.2905349+02:00
landing,travel,PASS,,2,d8236de8-ffe1-486c-a606-27dcc6eb5646,"",5,2026-10-06T16:48:14.8432999+02:00
website-business,travel,PASS,,2,2905ef79-f757-4639-9a0d-045c8a6fa54f,"",5,2026-10-06T16:48:41.4344215+02:00
website-ecommerce,travel,PASS,,2,8f316b8e-1031-4800-9c39-cb9a369c4f3a,"",5,2026-10-06T16:49:08.0991504+02:00
white-label-setup,travel,PASS,,4,170c61e6-f6c6-4209-b464-352a48fa1ace,"",5,2026-10-06T16:49:34.7907618+02:00
sales-enablement,travel,PASS,,2,a97db862-01fb-4fa4-88c2-3cb918416a3c,"",5,2026-10-06T16:50:01.9072754+02:00
vertical-package,travel,PASS,,4,695c86ba-eb9f-4745-bb2d-b62d71c5f861,"",5,2026-10-06T16:50:28.5742690+02:00
lead-gen-retainer,travel,PASS,,5,3681411e-b3a3-4365-bfe6-007b9234ea28,"",10,2026-10-06T16:51:00.1733343+02:00
ai-support-retainer,travel,PASS,,6,2af42240-5210-4d66-9630-ea98818dc3ca,"",5,2026-10-06T16:51:26.8835167+02:00
custom-software,travel,PASS,,2,ca3d77e6-aac7-4797-9110-410b3d71d01f,"",5,2026-10-06T16:51:53.6404112+02:00
bundle-portal-presence,travel,PASS,,5,9c1a2b0e-6811-401a-a33d-09d8d35b0942,"",4,2026-10-06T16:52:20.1503778+02:00
bundle-sales-launch,travel,PASS,,4,cd35bbb2-dab1-4563-beb9-a4b7e50fe892,"",5,2026-10-06T16:52:46.8196374+02:00
bundle-ops-clarity,travel,PASS,,4,c2835f8d-5191-45d7-8661-fd9d6932a18d,"",5,2026-10-06T16:53:13.4688262+02:00
setup-quick,professional,PASS,,3,d296acda-7ea9-4654-ac53-4ed09a76c19c,"",5,2026-10-06T16:53:40.1799176+02:00
setup-full,professional,PASS,,6,12cd4929-987e-49b3-9ac7-b111c3a0c330,"",5,2026-10-06T16:54:06.8227932+02:00
setup-custom,professional,PASS,,4,181c7ea5-f7b4-4ce5-bdc8-025c33d21866,"",5,2026-10-06T16:54:33.4241784+02:00
audit,professional,PASS,,2,0c226c56-5359-4275-94e0-6c93ebc92536,"",5,2026-10-06T16:55:00.6314839+02:00
integration,professional,PASS,,4,6902e03d-e7b0-4532-b87b-e82f1db039be,"",5,2026-10-06T16:55:27.2571757+02:00
workflow-design,professional,PASS,,2,7c7aad86-e19a-4017-a8e1-5e3024741e20,"",5,2026-10-06T16:55:53.8795028+02:00
support-priority,professional,PASS,,4,cd1f5050-a82c-4726-bd64-f39c3ad27de6,"",5,2026-10-06T16:56:20.5829342+02:00
support-dedicated,professional,PASS,,4,f1849852-5c41-4afa-bd1c-32f67c5224c6,"",5,2026-10-06T16:56:47.4617554+02:00
landing,professional,PASS,,2,d837af6a-da89-4e53-85ab-6da13a6ea699,"",5,2026-10-06T16:57:14.1302191+02:00
website-business,professional,PASS,,2,8f2e7d47-0da4-41e7-b0c6-15dad0594000,"",5,2026-10-06T16:57:40.7457301+02:00
website-ecommerce,professional,PASS,,2,b00517c7-322e-4e16-bcd5-65d71172ea28,"",5,2026-10-06T16:58:07.4166218+02:00
white-label-setup,professional,PASS,,4,a7674cdd-ffd6-45a5-bbbf-2eeb1ab3d66f,"",5,2026-10-06T16:58:34.1030514+02:00
sales-enablement,professional,PASS,,2,3736130a-fcb7-4d9b-ab01-59eec4fdca39,"",5,2026-10-06T16:59:00.7202292+02:00
vertical-package,professional,PASS,,4,90d2faf2-95a2-46a1-9ef9-9ef2203cf597,"",5,2026-10-06T16:59:27.4480226+02:00
lead-gen-retainer,professional,PASS,,5,d351b53c-6893-4a39-92cd-c047fefa4926,"",9,2026-10-06T16:59:58.1387423+02:00
ai-support-retainer,professional,PASS,,6,0a64b6c2-3937-42f5-83d1-5247d047641d,"",5,2026-10-06T17:00:24.8369173+02:00
custom-software,professional,PASS,,2,f90c2ab7-7531-4824-8fa1-218ad3176b56,"",5,2026-10-06T17:00:51.5453514+02:00
bundle-portal-presence,professional,PASS,,5,49ca4e98-3d26-497f-833f-cbd34b245a78,"",5,2026-10-06T17:01:18.1804486+02:00
bundle-sales-launch,professional,PASS,,4,954a3579-3edd-4c0f-9c85-c1d5fe230fe2,"",5,2026-10-06T17:01:45.0738361+02:00
bundle-ops-clarity,professional,PASS,,4,09d951ce-5f24-4480-92fe-64e87b736bac,"",5,2026-10-06T17:02:11.7725282+02:00
setup-quick,entertainment,PASS,,3,203e80db-24e3-4768-9264-50492d7c1449,"",5,2026-10-06T17:02:38.7332981+02:00
setup-full,entertainment,PASS,,6,21888104-dc54-4d15-8e53-8b89df3d4151,"",5,2026-10-06T17:03:05.5871936+02:00
setup-custom,entertainment,PASS,,4,0bce747d-2716-42f6-bd82-d040dd552f82,"",5,2026-10-06T17:03:32.1454914+02:00
audit,entertainment,PASS,,2,13e19227-d1f3-4980-82d8-f1ec03103e05,"",5,2026-10-06T17:03:59.1846090+02:00
integration,entertainment,PASS,,4,67e731fe-1b89-4d46-9ece-4b48f74182bd,"",5,2026-10-06T17:04:25.8235483+02:00
workflow-design,entertainment,PASS,,2,922c37b5-6e35-4fac-93b2-773aaf9e1a4f,"",5,2026-10-06T17:04:52.4131349+02:00
support-priority,entertainment,PASS,,4,aff2d8b5-d935-4bde-a640-c5fc223cf32f,"",5,2026-10-06T17:05:19.1759254+02:00
support-dedicated,entertainment,PASS,,4,3b899c0a-99bc-4e1c-8309-ab3e9e33f5c7,"",5,2026-10-06T17:05:45.9706569+02:00
landing,entertainment,PASS,,2,932b1bf2-491b-4710-8684-148ef85060b3,"",5,2026-10-06T17:06:12.6948692+02:00
website-business,entertainment,PASS,,2,209c9e61-e46c-410c-968c-6eadd11b84e3,"",6,2026-10-06T17:06:40.7856452+02:00
website-ecommerce,entertainment,PASS,,2,f36776c6-dfe4-4d10-a74d-56b0eb6ea036,"",5,2026-10-06T17:07:07.5729543+02:00
white-label-setup,entertainment,PASS,,4,2a7fa4d1-346b-4fc9-ab70-e98f66c10c69,"",5,2026-10-06T17:07:34.2808298+02:00
sales-enablement,entertainment,PASS,,2,dd6ec3b9-2132-4125-bdf0-9c5adb3bae97,"",5,2026-10-06T17:08:01.0988431+02:00
vertical-package,entertainment,PASS,,4,70a8103e-02e3-4239-a23f-a10514dbec97,"",5,2026-10-06T17:08:27.7320516+02:00
lead-gen-retainer,entertainment,PASS,,5,0f6ebedc-1682-462a-9739-4845b6a45c76,"",9,2026-10-06T17:08:58.4870950+02:00
ai-support-retainer,entertainment,PASS,,6,b37e1011-4446-4f35-b403-0404a8365bc0,"",5,2026-10-06T17:09:25.1039942+02:00
custom-software,entertainment,PASS,,2,b98b77e9-f97f-40f0-bf1a-71953a2a6c2b,"",5,2026-10-06T17:09:51.7410260+02:00
bundle-portal-presence,entertainment,PASS,,5,3d0ba6f0-3199-4449-8c8f-d1e3660ba9ef,"",5,2026-10-06T17:10:18.3875978+02:00
bundle-sales-launch,entertainment,PASS,,4,791355cf-fa62-4b05-9bc5-348710e2f223,"",5,2026-10-06T17:10:45.1127053+02:00
bundle-ops-clarity,entertainment,PASS,,4,e3ecce33-4e89-4ab8-a870-c964424a0826,"",5,2026-10-06T17:11:11.6644176+02:00
setup-quick,home_services,PASS,,3,7b6f96a5-8899-4ea5-bc67-9a3e19963f2b,"",5,2026-10-06T17:11:38.2312982+02:00
setup-full,home_services,PASS,,6,17045cad-ff5f-4795-8554-71dcbf5498c2,"",5,2026-10-06T17:12:05.3120216+02:00
setup-custom,home_services,PASS,,4,6ac252d1-cfe3-4ce9-b854-86b8cd9f9637,"",5,2026-10-06T17:12:32.1512422+02:00
audit,home_services,PASS,,2,dcb3a729-8d42-4811-bf39-94da6c70a65e,"",5,2026-10-06T17:12:58.9216857+02:00
integration,home_services,PASS,,4,00ff8b90-7ee3-4bc1-b12b-016105904652,"",5,2026-10-06T17:13:25.6178181+02:00
workflow-design,home_services,PASS,,2,00bf39d0-2011-4a29-8205-489e6c43b8d2,"",5,2026-10-06T17:13:52.3085427+02:00
support-priority,home_services,PASS,,4,b6ab9d6e-8546-4d09-8869-851b87907214,"",5,2026-10-06T17:14:19.2986953+02:00
support-dedicated,home_services,PASS,,4,2f759598-adfa-4118-a71c-131b870b53a9,"",5,2026-10-06T17:14:46.1490062+02:00
landing,home_services,PASS,,2,7416232f-3f5a-4ca9-9a1a-b9c64ace1928,"",5,2026-10-06T17:15:12.8649668+02:00
website-business,home_services,PASS,,2,627d10fe-787c-4971-9200-ec4f5d506dfd,"",5,2026-10-06T17:15:39.5236934+02:00
website-ecommerce,home_services,PASS,,2,20fabf09-7f70-4d27-af0e-0a186ac5e04a,"",5,2026-10-06T17:16:06.2375887+02:00
white-label-setup,home_services,PASS,,4,524ccc53-fd96-496c-a8cf-dd9c83511043,"",5,2026-10-06T17:16:32.9205937+02:00
sales-enablement,home_services,PASS,,2,ff04d796-c5e2-49f9-8534-016f5be9b3e6,"",5,2026-10-06T17:16:59.5484478+02:00
vertical-package,home_services,PASS,,4,624d413e-e7f1-4230-96d7-c6320ffea8ff,"",5,2026-10-06T17:17:26.7048757+02:00
lead-gen-retainer,home_services,PASS,,5,479ecd20-a209-48aa-8886-c928cef4e299,"",13,2026-10-06T17:18:01.5513902+02:00
ai-support-retainer,home_services,PASS,,6,51ff061f-16a0-4f38-a04c-fce431c40fd6,"",5,2026-10-06T17:18:28.2467025+02:00
custom-software,home_services,PASS,,2,05231a88-b109-4a3f-9bff-6b002f602506,"",5,2026-10-06T17:18:55.0384054+02:00
bundle-portal-presence,home_services,PASS,,5,a65f346a-92c0-40d4-b0e4-a5c3466fa770,"",5,2026-10-06T17:19:21.7016790+02:00
bundle-sales-launch,home_services,PASS,,4,0d8da643-df89-4e1a-b41f-256f301b1cfd,"",5,2026-10-06T17:19:48.4248140+02:00
bundle-ops-clarity,home_services,PASS,,4,6f8ac11b-9202-4a44-853c-857aede40523,"",5,2026-10-06T17:20:15.0629934+02:00
setup-quick,pets,PASS,,3,8b045af6-8197-4718-abd7-4480204af6b3,"",5,2026-10-06T17:20:41.7013050+02:00
setup-full,pets,PASS,,6,f74fc323-e970-4603-b06c-53ba0c67537a,"",5,2026-10-06T17:21:08.3678291+02:00
setup-custom,pets,PASS,,4,a0d7b83e-9cca-4de2-9833-1370a6b7faac,"",5,2026-10-06T17:21:34.9616145+02:00
audit,pets,PASS,,2,ca657a14-16c8-4be1-8342-2815f0c1e0e9,"",5,2026-10-06T17:22:01.9910378+02:00
integration,pets,PASS,,4,3e74461f-ffed-44e6-b5a0-2be25d31f6dd,"",5,2026-10-06T17:22:28.7873389+02:00
workflow-design,pets,PASS,,2,25bda8c8-c1ca-4824-bc5b-86f43592c077,"",5,2026-10-06T17:22:55.7846218+02:00
support-priority,pets,PASS,,4,17edb1c1-5f70-4224-98b0-775b2ce167f4,"",5,2026-10-06T17:23:23.1403414+02:00
support-dedicated,pets,PASS,,4,aa535c69-f76e-4eb5-afce-91be2f42b01f,"",5,2026-10-06T17:23:49.7247515+02:00
landing,pets,PASS,,2,66239084-88b4-4dd3-a049-07fe321f7783,"",5,2026-10-06T17:24:16.4203208+02:00
website-business,pets,PASS,,2,b3f0a9fa-10d3-4fe1-b8a4-d054af3346a9,"",5,2026-10-06T17:24:43.1325914+02:00
website-ecommerce,pets,PASS,,2,99aaf374-7388-4141-827c-19b3b33b23f7,"",6,2026-10-06T17:25:10.9343774+02:00
white-label-setup,pets,PASS,,4,ff993b2d-ac24-48a3-8891-a46cc13c9402,"",5,2026-10-06T17:25:37.6071285+02:00
sales-enablement,pets,PASS,,2,8132536b-ac05-4ffb-b94c-2c352023eeda,"",5,2026-10-06T17:26:04.3011445+02:00
vertical-package,pets,PASS,,4,8245b108-18f2-4c85-b91f-764227b09449,"",5,2026-10-06T17:26:30.9291736+02:00
lead-gen-retainer,pets,PASS,,5,79937c00-aa85-4ccd-b87d-a6067c67af19,"",9,2026-10-06T17:27:01.8710815+02:00
ai-support-retainer,pets,PASS,,6,c290582f-fa07-425c-b042-5595aa5e87b5,"",5,2026-10-06T17:27:28.6963926+02:00
custom-software,pets,PASS,,2,04385fdb-328b-4a9d-a2b6-e757286de033,"",5,2026-10-06T17:27:55.2090496+02:00
bundle-portal-presence,pets,PASS,,5,ca769046-60a7-4459-8b90-cd4facb383db,"",5,2026-10-06T17:28:21.7557904+02:00
bundle-sales-launch,pets,PASS,,4,50be636e-80b7-4b07-848c-3e3f9fe4d3cf,"",5,2026-10-06T17:28:48.3035551+02:00
bundle-ops-clarity,pets,PASS,,4,8d6e463d-1b22-4595-8ea3-917ddb4dc92e,"",5,2026-10-06T17:29:14.9729764+02:00
setup-quick,industrial,PASS,,3,c86749c5-dfdf-4a0e-b311-bfa2c56fea73,"",5,2026-10-06T17:29:41.8758055+02:00
setup-full,industrial,PASS,,6,f142c576-6105-4f8f-b0d2-b4f26a03a0d2,"",5,2026-10-06T17:30:08.6167725+02:00
setup-custom,industrial,PASS,,4,bc4656fb-a6ff-4f2b-8355-33923e6739c7,"",5,2026-10-06T17:30:35.1731961+02:00
audit,industrial,PASS,,2,e9214745-0162-4355-bbff-cef8971dd5eb,"",5,2026-10-06T17:31:02.4413052+02:00
integration,industrial,PASS,,4,4db110e6-d633-4125-a2b4-16da995f9c92,"",5,2026-10-06T17:31:29.2449280+02:00
workflow-design,industrial,PASS,,2,b92bd2bc-d929-4ac2-8d6f-59600f98923e,"",5,2026-10-06T17:31:56.0678529+02:00
support-priority,industrial,PASS,,4,9e27425c-ad01-4dff-9b81-c391cfa16cde,"",5,2026-10-06T17:32:22.6141638+02:00
support-dedicated,industrial,PASS,,4,4acebbbb-fa74-4b1b-8ebc-5612e0054a29,"",5,2026-10-06T17:32:49.5998187+02:00
landing,industrial,PASS,,2,8e25d2fa-d15c-4224-9aac-22c9008ef2f2,"",5,2026-10-06T17:33:16.5301346+02:00
website-business,industrial,PASS,,2,3f7086bd-e1fa-4336-96a0-27d892f6e0c9,"",5,2026-10-06T17:33:43.1162371+02:00
website-ecommerce,industrial,PASS,,2,6d86b84c-7d2d-4b6e-b3f1-740b120d7178,"",5,2026-10-06T17:34:09.7992444+02:00
white-label-setup,industrial,PASS,,4,a9837839-1c09-4b56-b2f9-0bf9f41cf0d3,"",5,2026-10-06T17:34:36.3190492+02:00
sales-enablement,industrial,PASS,,2,6530a27c-2529-4ddd-a748-c33f4a9857d3,"",5,2026-10-06T17:35:03.5570261+02:00
vertical-package,industrial,PASS,,4,3493b81d-5b00-41c8-9872-2daeab4f492f,"",5,2026-10-06T17:35:30.2550812+02:00
lead-gen-retainer,industrial,PASS,,5,b7d8b1f8-f20b-4d4a-b57d-f063e5042daa,"",13,2026-10-06T17:36:05.2752706+02:00
ai-support-retainer,industrial,PASS,,6,ae165222-88bb-4998-9e98-fa47457b3165,"",5,2026-10-06T17:36:31.8988683+02:00
custom-software,industrial,PASS,,2,f8aa8cd5-a8fb-46d7-9817-f96bc322a4af,"",5,2026-10-06T17:36:58.4516561+02:00
bundle-portal-presence,industrial,PASS,,5,998d53d4-da38-4fec-82c6-da21d2ba6c42,"",5,2026-10-06T17:37:24.9914862+02:00
bundle-sales-launch,industrial,PASS,,4,39785df5-7b73-4e65-b1b5-ff837154311a,"",5,2026-10-06T17:37:51.7497230+02:00
bundle-ops-clarity,industrial,PASS,,4,d477503a-c22a-4dae-b353-cc8d6008280d,"",5,2026-10-06T17:38:18.4914061+02:00
