deliverableId,industryCategory,status,score,artifacts,paymentId,error,elapsedSec,checkedAt
ai-support-retainer,admin_support,PASS,,3,fdf576ac-d326-4d4c-8201-cd9fd2b95c99,,654,2026-10-04T20:26:57.8386598+02:00
ai-support-retainer,agriculture,PASS,,3,ecc35ced-aaaa-4f80-9940-89ec93298cf9,,294,2026-10-04T21:19:00.8042074+02:00
ai-support-retainer,ai_data,FAIL,,0,cf6a2471-769b-4ab9-8f00-85bd5d653e43,The remote server returned an error: (500) Internal Server Error.,106,2026-10-04T21:30:10.3999446+02:00
ai-support-retainer,audio_music,PASS,,3,2582598e-9924-475c-a27f-e3fa221f9511,,90,2026-10-04T21:39:35.0003280+02:00
ai-support-retainer,automotive,PASS,,3,1b4e7bfd-169f-4c32-aa2f-89fb28d0c34e,,9,2026-10-04T21:47:18.5314032+02:00
ai-support-retainer,beauty,PASS,,3,58b5da02-e279-4265-beed-c7361b6ea0a5,,42,2026-10-04T21:52:47.8333631+02:00
ai-support-retainer,business_consulting,PASS,,3,0b39f84a-46b8-400d-9b1e-f01aeb425d63,,24,2026-10-04T21:56:00.3472389+02:00
ai-support-retainer,community_moderation,PASS,,3,ea3177c7-9a22-4f84-8032-f66e641716f5,,6,2026-10-04T21:58:57.5104744+02:00
ai-support-retainer,construction,PASS,,3,7f6a5ac5-2566-4070-a5e8-3c595ed0a7dd,,5,2026-10-04T22:01:54.3985215+02:00
ai-support-retainer,creator_services,PASS,,3,96f8bef4-5834-4b6a-a7ac-2de9d1c82aa2,,9,2026-10-04T22:04:56.7218903+02:00
ai-support-retainer,customer_service,PASS,,3,4984561c-8643-4b61-a260-1ebe86ba2ad7,,265,2026-10-04T22:14:10.5025234+02:00
ai-support-retainer,design_creative,PASS,,3,156976d8-d6a1-4109-b63d-385191ddeeef,,7,2026-10-04T22:17:22.8830284+02:00
ai-support-retainer,development_it,PASS,,3,ef6b925e-6e60-4c06-abde-1a0e38923730,,5,2026-10-04T22:20:31.5781708+02:00
ai-support-retainer,ecommerce,PASS,,3,e04c0008-ba32-449e-9e0a-75a2625a4731,,20,2026-10-04T22:24:08.5089551+02:00
ai-support-retainer,education,PASS,,3,44cd76a1-fe67-4823-9417-8704f8f7c970,,8,2026-10-04T22:27:06.7298657+02:00
ai-support-retainer,education_training,PASS,,3,0f47768e-05cf-4fdd-8785-ec318e76a959,,8,2026-10-04T22:30:08.2477263+02:00
ai-support-retainer,energy,PASS,,3,42de367e-cbdf-4e40-8e6f-1dd51b50886b,,5,2026-10-04T22:33:04.3490600+02:00
ai-support-retainer,engineering_architecture,PASS,,3,2c5d5a92-aca3-4c30-8c61-1850e625204c,,5,2026-10-04T22:36:04.0383951+02:00
ai-support-retainer,engineering_science,PASS,,3,3fddf41e-8a93-4f17-b852-933ab6b8b92d,,5,2026-10-04T22:39:06.9456209+02:00
ai-support-retainer,entertainment,PASS,,3,49776529-3a3d-44d9-9f0f-e983d930cf24,,6,2026-10-04T22:42:15.4626955+02:00
ai-support-retainer,finance,PASS,,3,50ddfc63-7543-4d3b-93c5-43177e920f33,,6,2026-10-04T22:45:12.0914607+02:00
ai-support-retainer,finance_accounting,PASS,,3,368fce28-2ca3-4338-82e8-a234a10debfe,,5,2026-10-04T22:48:22.3198735+02:00
ai-support-retainer,fitness,PASS,,3,3a05c037-807f-4c01-8850-2f5938c4b797,,5,2026-10-04T22:51:35.7043451+02:00
ai-support-retainer,government,PASS,,3,d4aa9ac9-f07c-4107-b8b6-1f49ad719df5,,5,2026-10-04T22:54:31.0143584+02:00
ai-support-retainer,healthcare,PASS,,3,79920522-057d-4169-9d50-31354f7697c3,,6,2026-10-04T22:57:32.4645144+02:00
ai-support-retainer,home_services,PASS,,3,fac48ef4-af91-4fc0-a9ec-b119136089c1,,7,2026-10-04T23:00:37.1350333+02:00
ai-support-retainer,hospitality,PASS,,3,4b411559-ebc8-4381-b504-10224c373fa3,,6,2026-10-04T23:03:36.6504782+02:00
ai-support-retainer,hr_recruiting,PASS,,3,642148ba-353b-4485-a09d-1131f8add936,,5,2026-10-04T23:06:40.8334980+02:00
ai-support-retainer,industrial,PASS,,3,f5f0895e-af34-4f73-bb5d-85d228c99088,,5,2026-10-04T23:09:40.2124700+02:00
ai-support-retainer,legal,PASS,,3,75021b63-c367-492f-93d0-2e5343208dee,,37,2026-10-04T23:17:43.9408371+02:00
ai-support-retainer,legal_services,PASS,,3,5c19827e-a42f-403c-802c-b84883604696,,5,2026-10-04T23:21:03.6904412+02:00
ai-support-retainer,localization,PASS,,3,64bd68a9-68e8-4658-bfba-f85910a90129,,9,2026-10-04T23:24:09.0993025+02:00
ai-support-retainer,logistics,PASS,,3,22eeba23-46cb-47a2-8f17-b9b33caeb233,,7,2026-10-04T23:27:18.2169953+02:00
ai-support-retainer,manufacturing,PASS,,3,1d9dc1a0-8c1a-4607-8659-6e500bb57bb6,,5,2026-10-04T23:30:20.3694486+02:00
ai-support-retainer,marketing,PASS,,3,8d7ef649-1296-47b3-967d-80025fcc85be,,9,2026-10-04T23:33:32.5762588+02:00
ai-support-retainer,media,PASS,,3,3ae125e5-6391-4fca-bcfc-96f72b4ad34e,,6,2026-10-04T23:36:33.2173402+02:00
ai-support-retainer,nonprofit,PASS,,3,c8727acd-dc54-477b-8599-8f8c5d30207e,,10,2026-10-04T23:39:59.9678434+02:00
ai-support-retainer,pets,PASS,,3,78bad5cd-3c4a-4145-967b-ebaf31e66adc,,18,2026-10-04T23:43:31.8151977+02:00
ai-support-retainer,photography,PASS,,3,2f72260c-d9e3-4c17-97f1-9db5d45f521e,,5,2026-10-04T23:46:32.7509196+02:00
ai-support-retainer,product_project_management,PASS,,3,adcd16fb-eaf2-4e86-82bf-ba7316315a06,,10,2026-10-04T23:49:57.0482688+02:00
ai-support-retainer,professional,PASS,,3,3ea3e933-3690-4399-a4b9-6533a009b9ef,,7,2026-10-04T23:52:57.1291174+02:00
ai-support-retainer,real_estate_services,PASS,,3,b265b4df-3fbb-4838-890e-5b370863800e,,5,2026-10-04T23:59:22.9940357+02:00
ai-support-retainer,real-estate,PASS,,3,08138ed2-c7e3-45cb-ab5c-d9c96610ae52,,9,2026-10-04T23:56:18.9295705+02:00
ai-support-retainer,retail,PASS,,3,3298c51b-c35c-401c-8c77-5523ed2813ff,,15,2026-10-05T00:03:26.1002857+02:00
ai-support-retainer,sales,PASS,,3,651515a7-1c16-48a8-b600-397d7c8fc7b0,,6,2026-10-05T00:06:39.6207481+02:00
ai-support-retainer,technology,PASS,,3,f5b37006-5ac5-4b4b-930a-7286f927ed25,,7,2026-10-05T00:09:40.0863096+02:00
ai-support-retainer,travel,PASS,,3,9251f028-1d17-4228-a7e0-6c2694259397,,6,2026-10-05T00:12:38.6636092+02:00
ai-support-retainer,video_animation,PASS,,3,cbbb5f48-f782-4c42-a7cc-6b99ff053f6b,,5,2026-10-05T00:15:46.7186973+02:00
ai-support-retainer,web3,PASS,,3,afec35b7-f213-4215-b096-49d4b5b77110,,6,2026-10-05T00:18:56.3577642+02:00
ai-support-retainer,writing_translation,PASS,,3,259be404-72cb-46b8-a090-c35757c33840,,8,2026-10-05T00:22:06.4340812+02:00
audit,admin_support,PASS,,2,1b4f16ea-971a-4169-9894-9f3ee3bd4a11,,101,2026-10-04T21:13:47.2668396+02:00
audit,agriculture,PASS,,2,6be5f0a8-b9d8-451d-9e91-243ab9352361,,16,2026-10-04T21:30:48.8536507+02:00
audit,ai_data,PASS,,2,1f6c2bc4-94c8-476e-a693-c0288cce44c9,,6,2026-10-04T22:23:23.6354127+02:00
audit,audio_music,PASS,,2,544b2dd9-c1d3-4e04-81d9-f2fbdd1a8f18,,13,2026-10-04T22:24:08.6949219+02:00
audit,automotive,PASS,,2,21fed163-e005-47a9-870e-2bb4a09b0a96,,34,2026-10-04T21:52:47.5916446+02:00
audit,beauty,PASS,,2,7530175e-af6b-4a96-88f6-fb9b5f71f2fc,,22,2026-10-04T21:56:07.8295422+02:00
audit,business_consulting,PASS,,2,8010a5dd-b8bb-46ca-9a60-996c7e4b72ed,,5,2026-10-04T21:59:09.0233610+02:00
audit,community_moderation,PASS,,2,717756a8-f259-4570-aec8-1af952272322,,10,2026-10-04T22:02:10.4333826+02:00
audit,construction,PASS,,2,bec70705-0719-4912-aa37-3b5307d0131b,,5,2026-10-04T22:05:05.5120605+02:00
audit,creator_services,PASS,,2,16b42877-3104-4364-ba02-8eb6f3293265,,266,2026-10-04T22:14:10.4985119+02:00
audit,customer_service,PASS,,2,51d8c2a7-e770-4ef0-8599-74dd06803dee,,5,2026-10-04T22:17:34.1593747+02:00
audit,design_creative,PASS,,2,682529f0-5ada-4528-8af8-d79f8542b1f5,,5,2026-10-04T22:24:44.0180716+02:00
audit,development_it,PASS,,2,8d436fa5-4dde-4aea-97d3-b6cec233d36f,,10,2026-10-04T22:27:50.6843556+02:00
audit,ecommerce,PASS,,2,c5de8ba5-a390-4ae3-a230-5b1bd91be145,,5,2026-10-04T22:30:53.6201364+02:00
audit,education,PASS,,2,e78faf84-5bef-4066-b88c-6ae5ddc79ade,,32,2026-10-04T23:37:46.7886755+02:00
audit,education_training,PASS,,2,3022e565-b87d-46d1-91b1-d9d9bc36a2f6,,5,2026-10-04T22:33:54.3952264+02:00
audit,energy,PASS,,2,c4d40954-1130-4bc9-8a62-afb924e0dd5a,,7,2026-10-05T00:09:23.7586620+02:00
audit,engineering_architecture,PASS,,2,49567cd5-33bf-4c9c-ae14-b7b8feb09992,,6,2026-10-04T22:36:55.3423960+02:00
audit,engineering_science,PASS,,2,beea542d-a8e3-48e5-889c-b7c504da46a0,,5,2026-10-04T22:39:58.5743747+02:00
audit,entertainment,PASS,,2,11f2eb0d-f92f-44f6-a285-6601b67dc6b9,,6,2026-10-05T00:18:47.1948177+02:00
audit,finance,PASS,,2,66be300d-bf9e-4a89-99cb-4eeadd2d6824,,9,2026-10-04T23:41:03.1163851+02:00
audit,finance_accounting,PASS,,2,83cd603e-40f9-43f8-99a3-9623d9b22031,,6,2026-10-04T22:43:05.6989328+02:00
audit,fitness,PASS,,2,b8ac2b67-b003-44bb-ae87-669f57333165,,6,2026-10-04T23:47:18.4297933+02:00
audit,government,PASS,,2,6cc15fe9-ba76-456e-8398-a1be44c14762,,10,2026-10-05T00:06:13.4157023+02:00
audit,healthcare,PASS,,2,d85f9ad0-5bda-4fdf-9882-62986bd4e1e5,,7,2026-10-04T23:24:56.6074007+02:00
audit,home_services,PASS,,2,d591ba6b-e4f0-4726-83a3-324e25de80a6,,5,2026-10-05T00:21:53.5242593+02:00
audit,hospitality,PASS,,2,273e9af2-0adc-4e41-8ce8-7557285d2e9b,,7,2026-10-04T23:34:15.1575967+02:00
audit,hr_recruiting,PASS,,2,a29353b7-158b-4ddf-9483-ba8d4d92aef5,,5,2026-10-04T22:46:08.5841892+02:00
audit,industrial,PASS,,2,d677a1b0-97c6-44fe-a8e4-7b705149e0c0,,6,2026-10-05T00:28:06.4875469+02:00
audit,legal,PASS,,2,54055def-f68d-4293-ad29-d26820c56412,,8,2026-10-04T23:28:03.2204887+02:00
audit,legal_services,PASS,,2,81a8d2fd-140c-4032-9d06-b5c13668d9ad,,5,2026-10-04T22:49:13.2662632+02:00
audit,localization,PASS,,2,faad2612-34f5-4e8a-ad20-eeb86c4a4123,,5,2026-10-04T22:52:28.1837584+02:00
audit,logistics,PASS,,2,3c8358f7-42e3-4b1d-baef-f7fbcafb2cd0,,5,2026-10-04T23:44:17.5629361+02:00
audit,manufacturing,PASS,,2,1efc91d4-a6ec-4dfb-ab51-aeb3ba04f6df,,6,2026-10-04T23:53:34.0079294+02:00
audit,marketing,PASS,,2,fa9d7b81-f933-474e-af91-883928ab3800,,5,2026-10-04T22:55:31.8268433+02:00
audit,media,PASS,,2,67078137-5800-4da5-8f02-ada2ae24b2e6,,10,2026-10-04T23:59:41.6068849+02:00
audit,nonprofit,PASS,,2,f603547b-e46a-4141-8e73-111f35fba4fa,,7,2026-10-05T00:03:03.2855452+02:00
audit,pets,PASS,,2,b466b837-8cc3-4ba2-987b-cb87de1049ae,,7,2026-10-05T00:25:08.5949363+02:00
audit,photography,PASS,,2,d180b45a-49f8-4a82-815b-d077f535278f,,8,2026-10-04T22:58:42.5864202+02:00
audit,product_project_management,PASS,,2,8e153d6b-9172-471d-bc4e-128f40364589,,5,2026-10-04T23:01:39.5010060+02:00
audit,professional,PASS,,2,4a030f8f-aa5b-4e8e-8671-1b2d15e8e4dd,,5,2026-10-05T00:15:35.8908300+02:00
audit,real_estate_services,PASS,,2,8653bda3-a145-4d15-892e-27be28841c4d,,8,2026-10-04T23:04:44.1002987+02:00
audit,real-estate,PASS,,2,34181608-1fbf-4432-9197-f0751822442d,,11,2026-10-04T23:50:32.5279983+02:00
audit,retail,PASS,,2,0c6d124a-1f6f-4506-a8d7-a6f3add305b4,,5,2026-10-04T23:31:06.7410697+02:00
audit,sales,PASS,,2,5bcff34d-7eef-41dc-badb-a26a016e6a99,,5,2026-10-04T23:07:39.2875692+02:00
audit,technology,PASS,,2,4f087c21-0b0b-4cdc-8bff-06bcd2961928,,5,2026-10-04T23:56:35.0238197+02:00
audit,travel,PASS,,2,4684e6da-89fd-4794-8a33-9baf04e5d3b1,,6,2026-10-05T00:12:28.8080364+02:00
audit,video_animation,PASS,,2,72fcf2d8-4f6d-4a90-a937-5ad7b6655af4,,29,2026-10-04T23:11:00.9667560+02:00
audit,web3,PASS,,2,750c7111-b509-46cc-b5e5-8d9e293285c2,,26,2026-10-04T23:18:37.6949824+02:00
audit,writing_translation,PASS,,2,d8ed8513-2f80-4cc0-9ae0-c37b5ee9cbca,,8,2026-10-04T23:21:47.3865315+02:00
bundle-ops-clarity,admin_support,PASS,,4,b7b4402e-fc78-4fd0-87f8-c37cc5aaeab9,,53,2026-10-04T21:13:35.8486189+02:00
bundle-ops-clarity,agriculture,PASS,,4,6d6c0261-f0c9-4b19-b37b-88afc912f93e,,171,2026-10-04T21:27:43.9316808+02:00
bundle-ops-clarity,ai_data,PASS,,4,d1bfea26-a137-4c43-bfba-9e3e36fc759a,,48,2026-10-04T21:37:30.1405527+02:00
bundle-ops-clarity,audio_music,PASS,,4,0cf9dde7-d482-4527-9776-17af0aadf7e8,,166,2026-10-04T21:46:39.2622170+02:00
bundle-ops-clarity,automotive,PASS,,4,ae119f2a-f20e-4910-907b-bba215b1282e,,6,2026-10-04T21:51:31.5752988+02:00
bundle-ops-clarity,beauty,FAIL,,0,ada7d57a-d6aa-41fe-b4d4-6e015e37f5f9,The remote server returned an error: (500) Internal Server Error.,1,2026-10-04T21:55:05.2276864+02:00
bundle-ops-clarity,business_consulting,PASS,,4,482f9787-2dc4-44a9-af44-beec85961e52,,5,2026-10-04T21:58:21.4139412+02:00
bundle-ops-clarity,community_moderation,PASS,,4,db67ae57-a094-410c-aaca-7a2547955cb3,,5,2026-10-04T22:01:19.3521165+02:00
bundle-ops-clarity,construction,PASS,,4,e74ba13e-9667-4ecc-916a-05538d330476,,6,2026-10-04T22:04:17.8357017+02:00
bundle-ops-clarity,creator_services,PASS,,4,68ae66d2-aada-4152-9c60-80dffb9639fc,,106,2026-10-04T22:09:06.4626893+02:00
bundle-ops-clarity,customer_service,PASS,,4,7e099272-b97d-4a15-96b8-6b2609f876a2,,9,2026-10-04T22:16:45.9773483+02:00
bundle-ops-clarity,design_creative,PASS,,4,57a2510a-d877-400b-8ad9-6fba0ba24b71,,8,2026-10-04T22:19:56.5871629+02:00
bundle-ops-clarity,development_it,PASS,,4,43f0530b-e700-4490-86bd-92d3b68b3ef3,,9,2026-10-04T22:23:13.0047824+02:00
bundle-ops-clarity,ecommerce,PASS,,4,ca286173-e37d-42ad-bb51-9a6e7f1b2e04,,5,2026-10-04T22:26:27.8393902+02:00
bundle-ops-clarity,education,PASS,,4,79037079-38c8-4227-89f6-177ca8dfb211,,6,2026-10-04T22:29:29.5479847+02:00
bundle-ops-clarity,education_training,PASS,,4,dd051684-e08e-4e95-9711-11e325601784,,5,2026-10-04T22:32:29.3433529+02:00
bundle-ops-clarity,energy,PASS,,4,e88272b9-d766-4851-8d2a-cffb2ed8277e,,5,2026-10-04T22:35:29.0980430+02:00
bundle-ops-clarity,engineering_architecture,PASS,,4,929220da-504b-4868-a27c-ec4ec8ef149a,,5,2026-10-04T22:38:31.6411543+02:00
bundle-ops-clarity,engineering_science,PASS,,4,21111aec-b3d2-4f9e-8168-fb863ba46c4c,,5,2026-10-04T22:41:32.4631327+02:00
bundle-ops-clarity,entertainment,PASS,,4,8e3048af-524a-42a8-b36d-65331f7a8006,,5,2026-10-04T22:44:34.9791182+02:00
bundle-ops-clarity,finance,PASS,,4,78af1ca5-ffda-45ac-b53d-601f4d572b2b,,7,2026-10-04T22:47:47.4325787+02:00
bundle-ops-clarity,finance_accounting,PASS,,4,0268db53-9adb-4fa3-b1b3-a5b437ecae70,,7,2026-10-04T22:51:01.0291961+02:00
bundle-ops-clarity,fitness,PASS,,4,40104f65-1e4d-4fab-beca-e6cac79ba6f5,,5,2026-10-04T22:53:55.9536747+02:00
bundle-ops-clarity,government,PASS,,4,dba4df90-52a2-4bcd-a9e2-5c3e2bd3cfd0,,7,2026-10-04T22:56:56.0738403+02:00
bundle-ops-clarity,healthcare,PASS,,4,e6755a11-3371-49e7-8dec-d6751f1f14ef,,6,2026-10-04T22:59:59.6202295+02:00
bundle-ops-clarity,home_services,PASS,,4,7fe3b71a-7788-4495-a8c1-79cf1d610583,,5,2026-10-04T23:03:00.6325328+02:00
bundle-ops-clarity,hospitality,PASS,,4,a875ff32-f5f2-4978-a910-d1db93ef04cc,,7,2026-10-04T23:06:05.8865177+02:00
bundle-ops-clarity,hr_recruiting,PASS,,4,9a14a348-3a63-4013-99a3-2faf9be630bd,,5,2026-10-04T23:09:05.0399310+02:00
bundle-ops-clarity,industrial,PASS,,4,13193083-df48-4401-8913-ec86ada38705,,42,2026-10-04T23:16:36.9810340+02:00
bundle-ops-clarity,legal,PASS,,4,fa818367-abae-43f7-ac65-84d17cdcdc71,,5,2026-10-04T23:20:28.9033206+02:00
bundle-ops-clarity,legal_services,PASS,,4,7ffd98d7-db02-44d9-ac02-cab43ce7203b,,6,2026-10-04T23:23:29.8069424+02:00
bundle-ops-clarity,localization,PASS,,4,a2f31684-9d06-4a0d-9e89-9fe519f5c00b,,5,2026-10-04T23:26:38.2612995+02:00
bundle-ops-clarity,logistics,PASS,,4,0a0b20c4-e170-4bf7-9792-ace18803b403,,5,2026-10-04T23:29:44.8785593+02:00
bundle-ops-clarity,manufacturing,PASS,,4,33cdc4bd-45ed-4d63-8d56-d4a7fec811ea,,8,2026-10-04T23:32:52.9988125+02:00
bundle-ops-clarity,marketing,PASS,,4,78f35db7-3913-4f7b-a783-82c06011c489,,5,2026-10-04T23:35:57.3209122+02:00
bundle-ops-clarity,media,PASS,,4,38b281f7-84e9-4e20-8968-b7e447dc49c0,,5,2026-10-04T23:39:19.6740232+02:00
bundle-ops-clarity,nonprofit,PASS,,4,07e92556-1549-4113-ad00-9e9665de4d7d,,22,2026-10-04T23:42:39.4572085+02:00
bundle-ops-clarity,pets,PASS,,4,80f5f306-8fa0-4587-9ead-c99024d5818e,,5,2026-10-04T23:45:57.7512894+02:00
bundle-ops-clarity,photography,PASS,,4,8cc4c085-9e97-4348-9c63-c4d24bfb5830,,8,2026-10-04T23:49:16.8812012+02:00
bundle-ops-clarity,product_project_management,PASS,,4,85bcd4fb-484d-4f2e-9339-5678f9415fe5,,5,2026-10-04T23:52:20.5634229+02:00
bundle-ops-clarity,professional,PASS,,4,bb73a926-d70e-4a1b-9c67-64dfeee206ac,,24,2026-10-04T23:55:39.9870861+02:00
bundle-ops-clarity,real_estate_services,PASS,,4,03011313-1317-4a4a-96b2-2ff286e68848,,38,2026-10-05T00:02:41.4124982+02:00
bundle-ops-clarity,real-estate,PASS,,4,9f9fda64-1cdb-49df-9a15-91bc4ab30d5d,,5,2026-10-04T23:58:47.1171975+02:00
bundle-ops-clarity,retail,PASS,,4,b7d406f2-23bb-4996-b936-d06979843a86,,5,2026-10-05T00:06:03.0449443+02:00
bundle-ops-clarity,sales,PASS,,4,7f6cdcb6-10dc-4f2a-80e5-6dfdb249aa3a,,5,2026-10-05T00:09:02.9633540+02:00
bundle-ops-clarity,technology,PASS,,4,1bd4e637-b7a8-4a64-9461-dcc58fc9a953,,5,2026-10-05T00:12:02.2612467+02:00
bundle-ops-clarity,travel,PASS,,4,ee26a76a-ebef-4670-9d40-d5141c05f872,,5,2026-10-05T00:15:11.5271431+02:00
bundle-ops-clarity,video_animation,PASS,,4,5805f2ce-b042-4991-8d19-6fed516549ea,,5,2026-10-05T00:18:19.8312078+02:00
bundle-ops-clarity,web3,PASS,,4,47662360-e3f8-4da1-be4d-b964e55a21a3,,7,2026-10-05T00:21:28.2069788+02:00
bundle-ops-clarity,writing_translation,PASS,,4,b346ccec-52c5-4a99-b6a1-e1723a46b2e2,,5,2026-10-05T00:24:43.9220525+02:00
bundle-portal-presence,admin_support,PASS,,2,3fe14a99-4dd6-4f87-869f-30eaafd64041,,598,2026-10-04T21:01:19.1228126+02:00
bundle-portal-presence,agriculture,PASS,,2,76b3a699-db5d-4864-870c-87a921a1a378,,46,2026-10-04T21:23:24.4895141+02:00
bundle-portal-presence,ai_data,PASS,,2,bf4dc47a-b081-4535-86fa-e0eee2a3d985,,7,2026-10-04T21:33:14.8507549+02:00
bundle-portal-presence,audio_music,PASS,,2,67cf9a05-7c78-480d-ba04-3c5e6d41fc04,,80,2026-10-04T21:42:42.5942116+02:00
bundle-portal-presence,automotive,PASS,,2,06ece6b9-ab86-46b0-8de7-4f3ebeede9a3,,17,2026-10-04T21:48:49.2739032+02:00
bundle-portal-presence,beauty,PASS,,2,0f5ae1a5-9ed5-45c0-a5ad-b89d20dd551d,,6,2026-10-04T21:53:58.8441713+02:00
bundle-portal-presence,business_consulting,PASS,,2,2cc98809-68f1-4228-b95c-3ee9105abbc1,,6,2026-10-04T21:57:11.6657209+02:00
bundle-portal-presence,community_moderation,PASS,,2,1e79f451-8b65-47c9-90db-9e1b09973d5e,,6,2026-10-04T22:00:09.4709643+02:00
bundle-portal-presence,construction,PASS,,2,dbd954d3-a8df-4167-aa7e-1f8a37512a7a,,6,2026-10-04T22:03:05.7613980+02:00
bundle-portal-presence,creator_services,PASS,,2,761c9da8-11cf-4c12-8c82-499cb0d8a34a,,6,2026-10-04T22:06:10.3888318+02:00
bundle-portal-presence,customer_service,PASS,,2,d47e0a0b-a9d7-4e0f-8c54-399978d43ee9,,7,2026-10-04T22:15:18.7419112+02:00
bundle-portal-presence,design_creative,PASS,,2,896d25e5-3fc6-4c9b-98d6-7e330b5233a8,,6,2026-10-04T22:18:40.2678903+02:00
bundle-portal-presence,development_it,PASS,,2,98839e6f-020c-4739-969c-ed8e5bc24437,,11,2026-10-04T22:21:48.5415252+02:00
bundle-portal-presence,ecommerce,PASS,,2,a2542e30-5732-4753-aae4-96d75c5c8be1,,5,2026-10-04T22:25:18.2369475+02:00
bundle-portal-presence,education,PASS,,2,393634a3-0933-4cbb-82f3-da08c49c47f1,,6,2026-10-04T22:28:18.4212640+02:00
bundle-portal-presence,education_training,PASS,,2,5fdd5f50-0668-4120-9321-dd67ee7832e2,,5,2026-10-04T22:31:17.8300263+02:00
bundle-portal-presence,energy,PASS,,2,4e10a338-c289-4010-9220-e49977b89660,,7,2026-10-04T22:34:17.3753841+02:00
bundle-portal-presence,engineering_architecture,PASS,,2,b6afe289-0073-4dfb-ab71-de634ca83927,,9,2026-10-04T22:37:18.0729759+02:00
bundle-portal-presence,engineering_science,PASS,,2,2423730a-90fb-4f2b-b4af-3bc2c22a48af,,8,2026-10-04T22:40:20.4062651+02:00
bundle-portal-presence,entertainment,PASS,,2,3f749172-1fc3-4ada-993d-5d1b739bfcbc,,5,2026-10-04T22:43:25.1233832+02:00
bundle-portal-presence,finance,PASS,,2,42944ae9-a6b2-40ab-9e8d-4761a912d34e,,9,2026-10-04T22:46:27.7469531+02:00
bundle-portal-presence,finance_accounting,PASS,,2,52c1c963-83d9-4fbd-bb52-0a42df042b6c,,9,2026-10-04T22:49:36.9096318+02:00
bundle-portal-presence,fitness,PASS,,2,88c5cfc2-0379-4f70-92a3-3a161f7aa284,,5,2026-10-04T22:52:46.1492342+02:00
bundle-portal-presence,government,PASS,,2,a07702dd-3a51-4049-8cd6-f0373d86fbb9,,6,2026-10-04T22:55:42.8284741+02:00
bundle-portal-presence,healthcare,PASS,,2,21a6f3ad-9fbb-4fca-85cc-af4930a15701,,6,2026-10-04T22:58:47.8336365+02:00
bundle-portal-presence,home_services,PASS,,2,94f07e68-8ca7-4909-a9a5-0b9555ebfb83,,5,2026-10-04T23:01:49.8753080+02:00
bundle-portal-presence,hospitality,PASS,,2,57a3639f-3183-44e3-a61f-7b6a454a6083,,6,2026-10-04T23:04:50.0759834+02:00
bundle-portal-presence,hr_recruiting,PASS,,2,29c8f3c8-f3fa-465b-90be-477534e8023a,,5,2026-10-04T23:07:55.1894842+02:00
bundle-portal-presence,industrial,PASS,,2,657c5a25-2bfd-4707-bf65-b7494fe85b6f,,10,2026-10-04T23:11:11.6545487+02:00
bundle-portal-presence,legal,FAIL,,0,091d95e9-a5be-472b-9e4e-533ea258c271,The remote server returned an error: (500) Internal Server Error.,5,2026-10-04T23:19:16.4271954+02:00
bundle-portal-presence,legal_services,PASS,,2,1611ed62-6a32-45b5-a01d-72c996ba320c,,7,2026-10-04T23:22:18.3665365+02:00
bundle-portal-presence,localization,PASS,,2,f4ad25cb-1db0-4970-9ef5-d36ea1f59dc4,,5,2026-10-04T23:25:20.6214668+02:00
bundle-portal-presence,logistics,PASS,,2,f836e832-21b8-45ce-a642-a66b55984101,,5,2026-10-04T23:28:29.6571495+02:00
bundle-portal-presence,manufacturing,PASS,,2,008fee60-b738-4e23-ba56-c3dd70c149f8,,6,2026-10-04T23:31:34.1253965+02:00
bundle-portal-presence,marketing,PASS,,2,155a6283-c687-4bd5-af44-e8d5d3ab2911,,7,2026-10-04T23:34:46.8779666+02:00
bundle-portal-presence,media,PASS,,2,3384ba4c-c072-4d12-a9a8-28bfb941b50d,,5,2026-10-04T23:38:09.4009089+02:00
bundle-portal-presence,nonprofit,PASS,,2,6bdf9725-b7e4-49c9-b92b-1e594e5ede55,,6,2026-10-04T23:41:11.9793076+02:00
bundle-portal-presence,pets,PASS,,2,757ba35e-69e6-4d6c-8953-b1e5c5c778ee,,8,2026-10-04T23:44:45.4944907+02:00
bundle-portal-presence,photography,PASS,,2,e980d946-4697-4452-8bd2-4bcc2cbec9c3,,14,2026-10-04T23:48:02.6088251+02:00
bundle-portal-presence,product_project_management,PASS,,2,78ca4595-7946-4398-9bbb-2f62c2339fea,,6,2026-10-04T23:51:08.9789501+02:00
bundle-portal-presence,professional,PASS,,2,95504222-64da-4921-9d08-fb3bc6d6aa00,,5,2026-10-04T23:54:08.3954401+02:00
bundle-portal-presence,real_estate_services,PASS,,2,b1929c09-b3b7-4362-951e-72b7da2af671,,18,2026-10-05T00:00:51.0945928+02:00
bundle-portal-presence,real-estate,PASS,,2,b5504bab-4638-43ec-9c8b-461b5efbdd64,,7,2026-10-04T23:57:33.1440308+02:00
bundle-portal-presence,retail,PASS,,2,567d01c0-5d27-4f38-a7e2-221af4d0fc20,,7,2026-10-05T00:04:43.5008108+02:00
bundle-portal-presence,sales,PASS,,2,c3eb4800-0b2a-4e29-9ff8-ba915e4fae44,,5,2026-10-05T00:07:52.0221643+02:00
bundle-portal-presence,technology,PASS,,2,37c74190-4a8b-4579-99e2-1aaead297ea7,,5,2026-10-05T00:10:52.2903946+02:00
bundle-portal-presence,travel,PASS,,2,6173f984-fb5d-4a3d-b102-d65ded537b36,,12,2026-10-05T00:13:58.2656762+02:00
bundle-portal-presence,video_animation,PASS,,2,c6dc2d1d-89e4-4b8f-8bf0-4711c462b333,,6,2026-10-05T00:17:00.9339367+02:00
bundle-portal-presence,web3,PASS,,2,7c93b9f3-f2db-4586-ba3a-9f1c57dcf2e2,,8,2026-10-05T00:20:10.9787625+02:00
bundle-portal-presence,writing_translation,PASS,,2,30eef2da-7ae7-4426-ab6d-86576d9ddfbe,,6,2026-10-05T00:23:26.3666803+02:00
bundle-sales-launch,admin_support,PASS,,2,3693d553-2b25-477c-b6f5-c89c365e4714,,541,2026-10-04T21:12:05.9555464+02:00
bundle-sales-launch,agriculture,PASS,,2,6b959f50-a3df-4b50-addb-2f780f441595,,17,2026-10-04T21:24:11.8097187+02:00
bundle-sales-launch,ai_data,PASS,,2,7add5e7a-ff43-4f38-b833-7f5c4f6a96c6,,145,2026-10-04T21:36:11.2056875+02:00
bundle-sales-launch,audio_music,FAIL,,0,e6eb1d7a-68d4-4560-86ca-ef7936a95cd9,The remote server returned an error: (500) Internal Server Error.,9,2026-10-04T21:43:22.2521108+02:00
bundle-sales-launch,automotive,PASS,,2,db3d6c20-b697-49d8-8644-a2ea19742f21,,94,2026-10-04T21:50:55.5093858+02:00
bundle-sales-launch,beauty,PASS,,2,2ce2a9eb-4d5c-49f6-b2fb-d1d89f48e6d6,,5,2026-10-04T21:54:34.2208572+02:00
bundle-sales-launch,business_consulting,PASS,,2,bfe0a99b-f522-4040-9dd3-54dfbc63f916,,5,2026-10-04T21:57:46.6371381+02:00
bundle-sales-launch,community_moderation,PASS,,2,95affcf0-0bfd-4324-ad43-55c62393ac0b,,5,2026-10-04T22:00:44.4314169+02:00
bundle-sales-launch,construction,PASS,,2,587a85a0-4e8a-4802-ac25-625e35546cf6,,6,2026-10-04T22:03:41.5517539+02:00
bundle-sales-launch,creator_services,PASS,,2,aea4efa5-256c-41da-80ec-d5af17b16c7d,,8,2026-10-04T22:06:49.3475273+02:00
bundle-sales-launch,customer_service,PASS,,2,add6ff05-4c84-4bb9-a790-88a68add8644,,18,2026-10-04T22:16:06.5796317+02:00
bundle-sales-launch,design_creative,PASS,,2,8b702345-ff1f-4ee1-83b4-c4dbf688e956,,8,2026-10-04T22:19:18.1578590+02:00
bundle-sales-launch,development_it,PASS,,2,a57c8764-9277-4d3e-a79b-6185c910a3d3,,15,2026-10-04T22:22:33.6770050+02:00
bundle-sales-launch,ecommerce,PASS,,2,e52a9c2a-bc1b-496d-9813-9bb385b99e15,,5,2026-10-04T22:25:53.0484712+02:00
bundle-sales-launch,education,PASS,,2,3526d47f-e0c3-46ea-9b1d-35898d69525b,,5,2026-10-04T22:28:53.2825334+02:00
bundle-sales-launch,education_training,PASS,,2,2fde4b51-0a98-4869-bb96-5ad3af822ad3,,6,2026-10-04T22:31:53.9504758+02:00
bundle-sales-launch,energy,PASS,,2,3e5ff82c-146e-469f-b05a-826124d1fb62,,5,2026-10-04T22:34:53.4150967+02:00
bundle-sales-launch,engineering_architecture,PASS,,2,1ce97024-8d39-4e19-9c43-27966b2d8b57,,8,2026-10-04T22:37:56.0666426+02:00
bundle-sales-launch,engineering_science,PASS,,2,60ad0faf-7ff7-41f0-a707-4738ae33e41e,,6,2026-10-04T22:40:57.2123336+02:00
bundle-sales-launch,entertainment,PASS,,2,cea32a83-a43b-4642-b0b6-d785bf91254e,,5,2026-10-04T22:44:00.0544002+02:00
bundle-sales-launch,finance,PASS,,2,52a85862-0890-4e08-9b69-47185b0d34ca,,13,2026-10-04T22:47:10.6642898+02:00
bundle-sales-launch,finance_accounting,PASS,,2,d5170b02-24a1-477a-973f-87249f767e2e,,17,2026-10-04T22:50:24.0372430+02:00
bundle-sales-launch,fitness,PASS,,2,76d984d6-7ee6-4c99-845b-c7f68229a3e0,,5,2026-10-04T22:53:21.0720525+02:00
bundle-sales-launch,government,PASS,,2,ccf3d8a5-0acb-4c15-996d-9209c04d1942,,5,2026-10-04T22:56:17.7152965+02:00
bundle-sales-launch,healthcare,PASS,,2,bb7314ca-d0fd-4935-8999-6bad8b292c63,,6,2026-10-04T22:59:24.0131119+02:00
bundle-sales-launch,home_services,PASS,,2,10cfcd75-87a7-4d68-8466-89df0534281c,,6,2026-10-04T23:02:25.4006577+02:00
bundle-sales-launch,hospitality,PASS,,2,83771612-7a72-42d7-b2ae-4899488a5a94,,6,2026-10-04T23:05:27.5718596+02:00
bundle-sales-launch,hr_recruiting,PASS,,2,227a8b75-c58e-4c57-bdfc-51acbfe8caf2,,5,2026-10-04T23:08:29.9824966+02:00
bundle-sales-launch,industrial,PASS,,2,d4c174dc-29ac-4afc-a24e-89de5232017c,,216,2026-10-04T23:15:23.0819094+02:00
bundle-sales-launch,legal,PASS,,2,aa97a1d6-b778-4d5d-9611-a9b9ae2c1a65,,5,2026-10-04T23:19:53.4433967+02:00
bundle-sales-launch,legal_services,PASS,,2,46725374-9025-44c4-8e09-51b2916303ab,,5,2026-10-04T23:22:53.3882591+02:00
bundle-sales-launch,localization,PASS,,2,7ea79da2-d161-4d82-99c5-882b8e3abd9d,,13,2026-10-04T23:26:03.4273381+02:00
bundle-sales-launch,logistics,PASS,,2,950722f3-69e2-4d6c-ad25-214fe68ed4b1,,10,2026-10-04T23:29:09.9475791+02:00
bundle-sales-launch,manufacturing,PASS,,2,27bbb641-feed-4907-a1e8-117986a361de,,6,2026-10-04T23:32:14.1848617+02:00
bundle-sales-launch,marketing,PASS,,2,89c5c3d0-19df-4bbd-b2fb-1849f8e1888a,,5,2026-10-04T23:35:22.3003585+02:00
bundle-sales-launch,media,PASS,,2,9211edd1-a960-45dc-b10c-1ae658de8e32,,5,2026-10-04T23:38:44.6535369+02:00
bundle-sales-launch,nonprofit,PASS,,2,2230d47a-90a7-484c-b0a5-e8eb564ac021,,5,2026-10-04T23:41:47.5377463+02:00
bundle-sales-launch,pets,PASS,,2,1a1de84f-0ce9-4ab0-a99b-160a85dd11ac,,7,2026-10-04T23:45:22.2731857+02:00
bundle-sales-launch,photography,PASS,,2,bfc3aeae-9d40-4383-9ecf-1e5f7503c611,,6,2026-10-04T23:48:38.7884784+02:00
bundle-sales-launch,product_project_management,PASS,,2,3363bec2-f579-4667-880a-eafe955239c6,,5,2026-10-04T23:51:43.9284816+02:00
bundle-sales-launch,professional,PASS,,2,1604f8d8-b5ae-49e8-8a47-d1eeb2a52873,,5,2026-10-04T23:54:43.2133825+02:00
bundle-sales-launch,real_estate_services,PASS,,2,2e94b373-b017-452f-9b84-e351c6fbe7ac,,8,2026-10-05T00:01:30.7802708+02:00
bundle-sales-launch,real-estate,PASS,,2,88fa04d4-b26d-41bc-9181-d0d238342889,,7,2026-10-04T23:58:12.1108024+02:00
bundle-sales-launch,retail,PASS,,2,043bee25-2ddf-4538-88fd-dfb9ae01042a,,14,2026-10-05T00:05:28.0020803+02:00
bundle-sales-launch,sales,PASS,,2,cdc16a64-5c2c-4974-8be9-5f4e5d9e39e3,,6,2026-10-05T00:08:27.8086317+02:00
bundle-sales-launch,technology,PASS,,2,ac43733d-3895-4122-9579-e52544763241,,5,2026-10-05T00:11:27.4166927+02:00
bundle-sales-launch,travel,PASS,,2,19f20319-7bbf-4186-a156-679cbd12152a,,7,2026-10-05T00:14:36.6315044+02:00
bundle-sales-launch,video_animation,PASS,,2,1158f227-651c-4ef7-bca5-63d99450f4a5,,13,2026-10-05T00:17:43.8402274+02:00
bundle-sales-launch,web3,PASS,,2,7ceb3489-9404-450e-8380-c9593b2a6d03,,10,2026-10-05T00:20:50.6885895+02:00
bundle-sales-launch,writing_translation,PASS,,2,7e6061e1-f5bc-4dfa-a47b-6370c8d53ef3,,12,2026-10-05T00:24:08.5649907+02:00
custom-software,admin_support,PASS,,2,2b5c9455-84a6-410a-9fc2-3805cf6171ea,,1247,2026-10-04T20:49:45.9876399+02:00
custom-software,agriculture,FAIL,,0,b8c71a6b-8db0-4d3c-9b1b-9df9a97cb70f,The remote server returned an error: (500) Internal Server Error.,149,2026-10-04T21:22:06.9730858+02:00
custom-software,ai_data,PASS,,2,60d55f08-49ae-4eb7-94ed-722ad8bdd619,,116,2026-10-04T21:32:37.7959823+02:00
custom-software,audio_music,PASS,,2,993e049d-a6e8-41d4-9ead-940d8f6558f9,,43,2026-10-04T21:40:49.0430019+02:00
custom-software,automotive,PASS,,2,9197dfe9-00ec-424a-be43-eadd5353e649,,12,2026-10-04T21:48:01.8591463+02:00
custom-software,beauty,PASS,,2,40dbeafb-58b2-490d-809b-21af20a32309,,5,2026-10-04T21:53:23.2140850+02:00
custom-software,business_consulting,PASS,,2,076202eb-215d-46fb-81ff-16b71710a1da,,5,2026-10-04T21:56:35.1649175+02:00
custom-software,community_moderation,PASS,,2,9262c99f-ace2-49a9-8b03-bd9e5203b2bd,,5,2026-10-04T21:59:32.3547880+02:00
custom-software,construction,PASS,,2,c0f1ef17-3c12-4adb-ba8f-35bdd49db830,,5,2026-10-04T22:02:29.6224350+02:00
custom-software,creator_services,PASS,,2,0d38085a-488d-4a9f-a6db-751f528dba2b,,8,2026-10-04T22:05:34.3917896+02:00
custom-software,customer_service,FAIL,,0,62647141-1cac-4798-ad44-360974fcc6c1,The remote server returned an error: (500) Internal Server Error.,1,2026-10-04T22:14:41.3623907+02:00
custom-software,design_creative,PASS,,2,097750e2-117a-494d-987a-ae87fa6d5572,,10,2026-10-04T22:18:03.3264949+02:00
custom-software,development_it,PASS,,2,ffdfb5c1-f906-44a6-bf2b-ff25b6d7f951,,6,2026-10-04T22:21:07.3915790+02:00
custom-software,ecommerce,PASS,,2,3287b8a9-0c84-449f-92be-926eae3bb72e,,5,2026-10-04T22:24:43.4164310+02:00
custom-software,education,PASS,,2,2d8aff2e-c0ef-4594-8e25-1ab172d5ae57,,5,2026-10-04T22:27:41.8651616+02:00
custom-software,education_training,PASS,,2,784444f0-cf6f-4ff6-9553-479e6e524a57,,5,2026-10-04T22:30:43.0228012+02:00
custom-software,energy,PASS,,2,82184641-0d28-4155-8a16-d40dbef429c2,,5,2026-10-04T22:33:39.8710201+02:00
custom-software,engineering_architecture,PASS,,2,aa3aecdc-ebe0-460f-b44e-012cad77cbd9,,5,2026-10-04T22:36:39.0332453+02:00
custom-software,engineering_science,PASS,,2,69a64f8d-2a70-4979-ab12-54635d37108e,,6,2026-10-04T22:39:42.5648711+02:00
custom-software,entertainment,PASS,,2,ead276da-4e65-40f5-aa92-51ee961bb9b6,,5,2026-10-04T22:42:50.3107876+02:00
custom-software,finance,PASS,,2,a2c1dedd-5922-44b7-85c3-031028022b0c,,7,2026-10-04T22:45:48.9297785+02:00
custom-software,finance_accounting,PASS,,2,b365df66-421a-4815-b4bb-2918997cc20d,,5,2026-10-04T22:48:57.6771273+02:00
custom-software,fitness,PASS,,2,fe5ae60b-afa0-4377-80d6-c0ce021d187a,,5,2026-10-04T22:52:11.2877315+02:00
custom-software,government,PASS,,2,e03693c3-2359-415a-884a-3ca64d90d1da,,6,2026-10-04T22:55:07.0963677+02:00
custom-software,healthcare,PASS,,2,c6fc97b8-0d43-4348-9f87-b3ef6444138a,,7,2026-10-04T22:58:10.7768480+02:00
custom-software,home_services,PASS,,2,2b5987c5-b1c2-4e5f-8864-0acc5f629d84,,7,2026-10-04T23:01:14.6871368+02:00
custom-software,hospitality,PASS,,2,4d4a4560-54c0-4b85-bd37-ccb78de25079,,5,2026-10-04T23:04:11.9457204+02:00
custom-software,hr_recruiting,PASS,,2,a062a1e7-a229-4e93-830f-a52ed013273d,,6,2026-10-04T23:07:20.2890793+02:00
custom-software,industrial,PASS,,2,2e5990d4-b131-4d71-a92d-05c7a793ab1b,,20,2026-10-04T23:10:31.3865449+02:00
custom-software,legal,PASS,,2,6fb632a5-3208-4508-86a1-fb9e47ccf3d5,,23,2026-10-04T23:18:37.8738677+02:00
custom-software,legal_services,PASS,,2,92766210-ad2a-413f-b5d3-e7faeebe0a20,,5,2026-10-04T23:21:38.4474457+02:00
custom-software,localization,PASS,,2,2b79178b-e3c2-4101-8d89-1f96ef9fdd30,,6,2026-10-04T23:24:45.5530480+02:00
custom-software,logistics,PASS,,2,bf2fe894-1630-4869-ac72-e6ceea55549f,,6,2026-10-04T23:27:54.1467348+02:00
custom-software,manufacturing,PASS,,2,6d607311-b3cc-4e72-abe1-d488f370eb79,,8,2026-10-04T23:30:58.5967059+02:00
custom-software,marketing,PASS,,2,f1a71d07-eacc-471a-921e-f89050991a17,,7,2026-10-04T23:34:09.6377194+02:00
custom-software,media,PASS,,2,e13a86dc-4f70-4611-8a23-46ec04d85a8c,,31,2026-10-04T23:37:34.4691603+02:00
custom-software,nonprofit,PASS,,2,d870a5a4-435e-4a72-b90c-200d2b3f4f1d,,5,2026-10-04T23:40:36.0115298+02:00
custom-software,pets,PASS,,2,40008ff5-b563-4cd7-9937-ded00cf6e77c,,5,2026-10-04T23:44:07.0149515+02:00
custom-software,photography,PASS,,2,ea7f2a05-dd79-4bf9-93e2-ec24f2c68a08,,15,2026-10-04T23:47:17.6476736+02:00
custom-software,product_project_management,PASS,,2,e716b395-5c93-476a-9432-8029de566e40,,5,2026-10-04T23:50:32.5279983+02:00
custom-software,professional,PASS,,2,f2e7cc83-bf40-4427-bd2c-76c982f13da2,,6,2026-10-04T23:53:33.4517466+02:00
custom-software,real_estate_services,PASS,,2,469a0fda-bbfb-49c7-ba33-10cbca2dbb1d,,8,2026-10-05T00:00:02.7459640+02:00
custom-software,real-estate,PASS,,2,5bdeddf2-ea9e-4c3e-a9b7-f348ff26540f,,6,2026-10-04T23:56:55.0608106+02:00
custom-software,retail,PASS,,2,fd670c4e-d23e-4bae-9e17-01ee65704943,,9,2026-10-05T00:04:06.1599263+02:00
custom-software,sales,PASS,,2,bf7cb45f-2007-412f-b378-e3c0a354a96f,,6,2026-10-05T00:07:17.1519017+02:00
custom-software,technology,PASS,,2,8b2fea69-4874-4aef-9413-51049210c42f,,7,2026-10-05T00:10:17.3121750+02:00
custom-software,travel,PASS,,2,6384130f-2e7c-45cb-b1df-a3b983d4107e,,6,2026-10-05T00:13:15.1659443+02:00
custom-software,video_animation,PASS,,2,62d86a09-d414-499f-a390-09718b7581d6,,6,2026-10-05T00:16:22.4754920+02:00
custom-software,web3,PASS,,2,46395620-ce29-420c-aa67-5c0ba658a6f6,,6,2026-10-05T00:19:32.6734516+02:00
custom-software,writing_translation,PASS,,2,a08752ed-622a-4aa8-82cd-39b42ea85856,,13,2026-10-05T00:22:49.0004365+02:00
integration,admin_support,PASS,,3,ed17ef11-9ea2-47e2-9321-f9b0a13d4178,,283,2026-10-04T21:19:00.7478963+02:00
integration,agriculture,PASS,,3,3f8727c8-e78e-4199-8436-faca0694d31e,,79,2026-10-04T21:32:37.9804007+02:00
integration,ai_data,PASS,,3,c0bb2d51-8c4c-4ba7-9531-1e8a42438727,,70,2026-10-04T21:39:34.8048922+02:00
integration,audio_music,PASS,,3,d52ea219-1cea-4b89-a943-f80158ac3076,,11,2026-10-04T21:47:55.6694439+02:00
integration,automotive,PASS,,3,20681779-b8e6-4d17-b450-cfa6fa9e207b,,5,2026-10-04T21:53:22.5916836+02:00
integration,beauty,PASS,,3,a31b795d-f5cc-4d2c-bd60-01b4e43f4449,,7,2026-10-04T21:56:46.0866630+02:00
integration,business_consulting,PASS,,3,e097a69c-2858-4566-8786-c37156b71c6a,,5,2026-10-04T21:59:43.7979033+02:00
integration,community_moderation,PASS,,3,786e3443-bb7e-4b28-9a3e-80097bfe0030,,5,2026-10-04T22:02:45.1128796+02:00
integration,construction,PASS,,3,39399b33-e8ea-4516-a0fa-5d3d65419bc0,,8,2026-10-04T22:05:43.6828016+02:00
integration,creator_services,PASS,,3,00a8c208-df45-4ddf-8a57-35cc98c4dfb1,,5,2026-10-04T22:14:45.6391321+02:00
integration,customer_service,PASS,,3,5222c862-55b2-4d4a-b35c-d79de9772bff,,7,2026-10-04T22:18:10.8793943+02:00
integration,design_creative,PASS,,3,9c7143e2-5e66-4add-bf72-7e27b418f134,,9,2026-10-04T22:25:23.2139462+02:00
integration,development_it,PASS,,3,15ee8a2c-880a-4f43-9568-ba48878c9699,,7,2026-10-04T22:28:27.6007555+02:00
integration,ecommerce,PASS,,3,e0e97d89-fc9e-4ce7-aebc-b02b74387ca7,,5,2026-10-04T22:31:28.7619459+02:00
integration,education,PASS,,3,1752b017-500c-4b23-b6d0-860cb2b98215,,7,2026-10-04T23:38:23.9669873+02:00
integration,education_training,PASS,,3,6385fb19-02d1-4af2-ad56-eed891e3c718,,7,2026-10-04T22:34:31.4726648+02:00
integration,energy,PASS,,3,78404718-9c8b-44f6-a7c3-c8e1923402ff,,6,2026-10-05T00:10:00.3671504+02:00
integration,engineering_architecture,PASS,,3,d031c016-90a8-45da-97e2-ae1dc8b01e46,,8,2026-10-04T22:37:33.0187968+02:00
integration,engineering_science,PASS,,3,4759eef8-d5c2-4cae-9732-3e9167cb7bf5,,6,2026-10-04T22:40:34.6564727+02:00
integration,entertainment,PASS,,3,b61f8cc6-7b45-437e-919c-1e739d3dd461,,11,2026-10-05T00:19:27.8819143+02:00
integration,finance,PASS,,3,14bbd735-3c15-449b-a8ee-8c855256d44c,,5,2026-10-04T23:41:38.2476390+02:00
integration,finance_accounting,PASS,,3,06d66da3-4bc5-48e3-b98b-f4cf12a659bb,,5,2026-10-04T22:43:40.5644581+02:00
integration,fitness,PASS,,3,8228574e-d4ac-4683-8871-e3c3252bbb06,,7,2026-10-04T23:47:55.8144730+02:00
integration,government,PASS,,3,264a7d4d-e239-4536-ace3-0f9f32aedac9,,5,2026-10-05T00:06:49.3190035+02:00
integration,healthcare,PASS,,3,aab945a6-ee91-4072-b0c0-650b7d6018a1,,5,2026-10-04T23:25:31.5175381+02:00
integration,home_services,PASS,,3,12d656fa-d471-4abf-9184-7772d88314ee,,13,2026-10-05T00:22:37.6887529+02:00
integration,hospitality,PASS,,3,03db75f3-565f-449a-bd61-7787898250f2,,6,2026-10-04T23:34:52.2535953+02:00
integration,hr_recruiting,PASS,,3,adbc1a86-4058-4ffb-8a30-289ffbdf0e74,,8,2026-10-04T22:46:46.7909137+02:00
integration,industrial,PASS,,3,9be5f497-f4d6-45ab-a123-dd01dd4c3e6c,,6,2026-10-05T00:28:42.2693710+02:00
integration,legal,PASS,,3,cb1f72f5-9428-414a-8b31-c6b519257547,,7,2026-10-04T23:28:40.5733248+02:00
integration,legal_services,PASS,,3,09af2790-811a-4541-b130-b1ccb6eca5da,,20,2026-10-04T22:50:03.9387780+02:00
integration,localization,PASS,,3,af340f24-3473-42f3-9d7d-d6999ab8e473,,8,2026-10-04T22:53:07.4358285+02:00
integration,logistics,PASS,,3,d046f2d3-204e-4f54-822d-85ce28af2d5e,,7,2026-10-04T23:44:55.0308468+02:00
integration,manufacturing,PASS,,3,c19ab263-b1ca-40bb-8eb0-b5583f551c0e,,5,2026-10-04T23:54:09.3415088+02:00
integration,marketing,PASS,,3,6f1d7519-8273-4703-a636-1d24f62058fd,,6,2026-10-04T22:56:08.3256902+02:00
integration,media,PASS,,3,6683a186-6061-46e8-976e-6120864fdb2e,,14,2026-10-05T00:00:26.1258927+02:00
integration,nonprofit,PASS,,3,9f160936-31ae-4979-9877-e8aa65fa8633,,8,2026-10-05T00:03:41.5752842+02:00
integration,pets,PASS,,3,8a7bfd41-411a-41e2-a2f2-e6e89b64a949,,5,2026-10-05T00:25:43.7298395+02:00
integration,photography,PASS,,3,c2c85866-4743-4373-85fd-f065d0739072,,6,2026-10-04T22:59:19.0653790+02:00
integration,product_project_management,PASS,,3,30a6cab7-8030-4659-b7fb-090929262ee7,,9,2026-10-04T23:02:21.0087634+02:00
integration,professional,PASS,,3,741707cf-6be4-4e06-be74-cc4b527c5658,,11,2026-10-05T00:16:17.1211624+02:00
integration,real_estate_services,PASS,,3,80bfed14-159a-4048-85cd-d8d3e8ff9365,,5,2026-10-04T23:05:18.8598050+02:00
integration,real-estate,PASS,,3,60d23f6a-af29-44c9-b6a6-f27f8b727f45,,6,2026-10-04T23:51:08.9829387+02:00
integration,retail,PASS,,3,c367f84b-450a-4ffe-aa07-96327644bedf,,6,2026-10-04T23:31:42.9641682+02:00
integration,sales,PASS,,3,4e363db4-0ddf-4d3d-9ec7-e6d0c1eccbf1,,5,2026-10-04T23:08:14.0267210+02:00
integration,technology,PASS,,3,343962b4-0b59-497d-a0bc-d4e8a687c962,,7,2026-10-04T23:57:13.0144293+02:00
integration,travel,PASS,,3,b44d7ddc-7dbf-4c46-9e04-ece28bbc1c57,,6,2026-10-05T00:13:04.9783582+02:00
integration,video_animation,PASS,,3,30808df8-b2b4-49e9-b9e7-3e3a0beb9917,,5,2026-10-04T23:11:36.0563704+02:00
integration,web3,PASS,,3,ec39baaf-6a8d-49f2-be9a-6e5d68ffc2e8,,12,2026-10-04T23:19:23.5966631+02:00
integration,writing_translation,PASS,,3,8e4f8f8c-0304-4e35-b85a-51fc4946205b,,7,2026-10-04T23:22:24.8162325+02:00
landing,admin_support,PASS,,0,f59edf1e-f474-4454-b270-4cb21b8c14f0,,156,2026-10-04T21:13:16.6873931+02:00
landing,agriculture,FAIL,,0,5de60d0d-709f-4c68-aa16-932a2535fe8c,The remote server returned an error: (500) Internal Server Error.,3,2026-10-04T21:30:35.4916679+02:00
landing,ai_data,PASS,,0,d417d43f-fa2f-4bc6-83bd-150a10646ab4,,113,2026-10-04T21:39:57.6409346+02:00
landing,audio_music,PASS,,0,c06f0532-bd2d-4c23-83e1-89be10646fd2,,12,2026-10-04T21:48:01.8614509+02:00
landing,automotive,PASS,,0,f59bdc05-7e1b-4046-91bf-f89faedf65f7,,5,2026-10-04T21:53:23.0488044+02:00
landing,beauty,PASS,,0,72577217-4324-48eb-b5d0-d15bfe94d176,,8,2026-10-04T21:56:46.0612128+02:00
landing,business_consulting,PASS,,0,26b131b5-34ed-4bdd-b48b-cecb1c6154dc,,6,2026-10-04T21:59:47.5522296+02:00
landing,community_moderation,PASS,,0,25b38132-3e75-4157-89a6-91a2dbe0a0d4,,5,2026-10-04T22:02:45.5132131+02:00
landing,construction,PASS,,0,417477c6-e734-4d0c-ae68-e92abbdacf6f,,8,2026-10-04T22:07:16.5064027+02:00
landing,creator_services,PASS,,0,30dd9376-d432-4575-9d77-680e791c04bd,,7,2026-10-04T22:15:51.7991472+02:00
landing,customer_service,PASS,,0,d3f71c6d-59dd-445a-9992-5124b39c4c34,,5,2026-10-04T22:19:02.3372973+02:00
landing,design_creative,PASS,,0,1de9a53d-01c1-48ac-9553-c867be63419a,,5,2026-10-04T22:21:59.3214494+02:00
landing,development_it,PASS,,0,8bb75429-dce8-4aaf-838d-0ad961a6dec2,,8,2026-10-04T22:25:31.9728251+02:00
landing,ecommerce,PASS,,0,0e3faa45-69a5-49c1-90ce-8ca5349a5f4a,,5,2026-10-04T22:28:31.6504695+02:00
landing,education,PASS,,0,3a977d8c-2419-4208-b683-a70f58919485,,5,2026-10-04T22:31:28.2020309+02:00
landing,education_training,PASS,,0,91325abd-1634-41d0-b7f8-9f05c4de1f58,,7,2026-10-04T22:34:26.7891047+02:00
landing,energy,PASS,,0,8914ecac-4864-4d9a-a6bd-36c5c6684b87,,8,2026-10-04T22:37:28.5877312+02:00
landing,engineering_architecture,PASS,,0,0b791423-a742-4159-81e6-b22dc3811d78,,5,2026-10-04T22:40:29.5594970+02:00
landing,engineering_science,PASS,,0,303d818a-7e44-4b50-8121-10762cc37f41,,5,2026-10-04T22:43:35.1988644+02:00
landing,entertainment,PASS,,0,d2ed85ee-4d43-446f-9388-94f2951f048b,,8,2026-10-04T22:46:37.7031984+02:00
landing,finance,PASS,,0,c7e1cce6-a46f-48bf-82c0-2968520e93ec,,29,2026-10-04T22:50:03.9223277+02:00
landing,finance_accounting,PASS,,0,cca1e683-782e-4bf3-8684-c880daa4546f,,9,2026-10-04T22:53:07.8290912+02:00
landing,fitness,PASS,,0,faa60f73-eb50-4552-b5f4-f67c8caa115e,,6,2026-10-04T22:56:08.3522921+02:00
landing,government,PASS,,0,4dd1d41d-f99e-4fa7-8f9b-76ce1ef2ab40,,6,2026-10-04T22:59:13.1354908+02:00
landing,healthcare,PASS,,0,983a4680-c0e6-484f-99bf-b18d6bc8782f,,9,2026-10-04T23:02:21.0067646+02:00
landing,home_services,PASS,,0,c26e5a7d-65b5-4af6-80e7-90c7c7039e93,,5,2026-10-04T23:06:50.3856336+02:00
landing,hospitality,PASS,,0,89dd23bb-2a69-4884-b60f-0f6fb8bbfff6,,7,2026-10-04T23:09:45.9495055+02:00
landing,hr_recruiting,PASS,,0,f3747457-98ff-47bf-b285-d8ae95f19f2a,,37,2026-10-04T23:17:43.9449437+02:00
landing,industrial,PASS,,0,d817e273-9452-4506-9f93-4315220c9dbd,,8,2026-10-04T23:21:20.9191289+02:00
landing,legal,PASS,,0,e6db1fed-f452-4ba8-b2cb-0ba4f4e4454f,,9,2026-10-04T23:24:28.8135168+02:00
landing,legal_services,PASS,,0,0fab7464-5559-4192-8cf0-24b7469e60b9,,5,2026-10-04T23:27:34.8275898+02:00
landing,localization,PASS,,0,2a4333a4-2fe2-44c3-b0ee-7027ea52d070,,5,2026-10-04T23:30:44.1523890+02:00
landing,logistics,PASS,,0,32024eca-3223-4439-89f7-1309468780b3,,6,2026-10-04T23:33:43.3342524+02:00
landing,manufacturing,PASS,,0,73a28f9f-8702-44e7-810a-f24178b5f412,,8,2026-10-04T23:36:56.0676456+02:00
landing,marketing,PASS,,0,6d39e5d2-2c74-4541-814e-935377b30d47,,8,2026-10-04T23:40:25.5842213+02:00
landing,media,PASS,,0,77ea3489-7e01-42ff-9b94-af0d4f0f4692,,6,2026-10-04T23:43:42.4619658+02:00
landing,nonprofit,PASS,,0,a9d94a0d-137b-42e1-9993-46c7c24e8039,,8,2026-10-04T23:46:49.1214706+02:00
landing,pets,PASS,,0,4e37dadf-a2ee-4d7c-a0f9-458c491a5c79,,8,2026-10-04T23:50:02.4572822+02:00
landing,photography,PASS,,0,2305a9e5-6057-49ba-b922-39d00bc4cc03,,6,2026-10-04T23:53:02.1031265+02:00
landing,product_project_management,PASS,,0,9797ca59-f9b9-41d2-9747-c1be26c61f07,,5,2026-10-04T23:56:09.1048428+02:00
landing,professional,PASS,,0,3a9a80a8-1939-4717-bbaf-f3c45cf1a96b,,6,2026-10-04T23:59:13.5104376+02:00
landing,real_estate_services,PASS,,0,63945873-2589-4f32-a26e-f0b9550c761b,,5,2026-10-05T00:05:39.2676463+02:00
landing,real-estate,PASS,,0,60726cc0-c5e5-45f0-a604-77bc466079bd,,13,2026-10-05T00:02:35.9230990+02:00
landing,retail,PASS,,0,af24f59a-4947-4f18-94bb-781feb160fbf,,8,2026-10-05T00:08:37.1279748+02:00
landing,sales,PASS,,0,9d30b156-b326-4501-bc8e-f53fdcc3bb13,,6,2026-10-05T00:11:40.9461439+02:00
landing,technology,PASS,,0,8e125d75-c98e-4a25-a25b-3897a4389501,,7,2026-10-05T00:14:47.1591482+02:00
landing,travel,PASS,,0,a34e25c0-891e-4318-b676-c9ca26d09ea3,,6,2026-10-05T00:17:53.2581735+02:00
landing,video_animation,PASS,,0,6ee30488-09e8-4104-a7f1-9f5485262f73,,7,2026-10-05T00:21:01.2174268+02:00
landing,web3,PASS,,0,a7c4ff7d-1f62-4f99-b2e0-350b5418c83a,,8,2026-10-05T00:24:19.2376466+02:00
landing,writing_translation,PASS,,0,8ee3326f-8b99-4e96-8c68-87ecff8a195b,,5,2026-10-05T00:27:17.3066339+02:00
lead-gen-retainer,admin_support,PASS,,3,d9e6a789-eecd-4303-96db-4306386be2ca,,240,2026-10-04T21:13:16.6505235+02:00
lead-gen-retainer,agriculture,PASS,,3,37a8058f-6290-42cd-ae46-32268ec3d628,,134,2026-10-04T21:30:22.2292091+02:00
lead-gen-retainer,ai_data,PASS,,3,8b40d68d-2200-400e-b0d6-2fabf3913ae8,,57,2026-10-04T21:38:48.0800551+02:00
lead-gen-retainer,audio_music,FAIL,,0,88bf6896-2a38-43f0-ad95-582ec4f06bfc,The remote server returned an error: (500) Internal Server Error.,8,2026-10-04T21:47:11.5679946+02:00
lead-gen-retainer,automotive,PASS,,3,ca1c021c-2d57-400e-936c-b7d8bdfbbc55,,16,2026-10-04T21:51:42.4496778+02:00
lead-gen-retainer,beauty,PASS,,3,5e4dab06-683e-4f67-81e9-e4f756ea6425,,15,2026-10-04T21:55:13.8561017+02:00
lead-gen-retainer,business_consulting,PASS,,3,57354630-b775-4759-b40b-d652b5eba9af,,5,2026-10-04T21:58:44.1940379+02:00
lead-gen-retainer,community_moderation,PASS,,3,199a30f0-6372-45f1-829b-936d3c0fe7e2,,5,2026-10-04T22:01:45.5428937+02:00
lead-gen-retainer,construction,PASS,,3,33fb7459-1c5a-4d28-a470-7e3781739782,,19,2026-10-04T22:04:56.7250608+02:00
lead-gen-retainer,creator_services,PASS,,3,92a3428a-d690-4ea5-af25-2cdb220a1048,,320,2026-10-04T22:13:56.0988577+02:00
lead-gen-retainer,customer_service,PASS,,3,ae065008-8649-4538-8450-9967eb15fbed,,13,2026-10-04T22:17:22.0187822+02:00
lead-gen-retainer,design_creative,PASS,,3,6b1bc9be-1f97-4bd9-82cd-0edda9b4177b,,5,2026-10-04T22:20:21.8546806+02:00
lead-gen-retainer,development_it,PASS,,3,1e472c44-ecce-42f1-92f3-ddbc15b1ccaf,,11,2026-10-04T22:23:40.2246168+02:00
lead-gen-retainer,ecommerce,PASS,,3,b9750a4a-f6fb-4df8-91ce-9307172ae12d,,10,2026-10-04T22:26:52.5322277+02:00
lead-gen-retainer,education,PASS,,3,58dfeb30-ea06-43d2-91a3-5c80179e98d6,,9,2026-10-04T22:29:57.1528991+02:00
lead-gen-retainer,education_training,PASS,,3,03af24da-10f1-4e67-b601-72517adb7a40,,9,2026-10-04T22:32:59.6605164+02:00
lead-gen-retainer,energy,PASS,,3,54e77e0b-24d0-4e3c-878d-ee16e564a760,,9,2026-10-04T22:35:59.1494750+02:00
lead-gen-retainer,engineering_architecture,PASS,,3,b092be69-6ecb-4bda-960b-8ddc34b8cc37,,10,2026-10-04T22:39:02.1901507+02:00
lead-gen-retainer,engineering_science,PASS,,3,da268828-4f98-432f-8f47-21c75d9bb8a8,,6,2026-10-04T22:41:59.4994119+02:00
lead-gen-retainer,entertainment,PASS,,3,0cd3dc09-cf2f-444d-9d95-7813dfbc920a,,11,2026-10-04T22:45:03.1361435+02:00
lead-gen-retainer,finance,PASS,,3,b1472b4b-fea0-40f4-be2d-f70ebc9c8858,,8,2026-10-04T22:48:11.5022424+02:00
lead-gen-retainer,finance_accounting,PASS,,3,7b9666d9-5abe-4910-987c-3cdf27379a95,,15,2026-10-04T22:51:40.8600080+02:00
lead-gen-retainer,fitness,PASS,,3,22c85c09-6f89-4552-825f-557260f3d733,,9,2026-10-04T22:54:46.1196349+02:00
lead-gen-retainer,government,PASS,,3,a8293942-a2bb-49d1-b05f-7e73c2c59a4f,,9,2026-10-04T22:57:52.6626235+02:00
lead-gen-retainer,healthcare,PASS,,3,a957579f-e7c0-4fb0-88e4-e04ebf660f5c,,9,2026-10-04T23:00:52.8165960+02:00
lead-gen-retainer,home_services,PASS,,3,e1ca1aef-c6b4-437e-a841-80788b24cd3f,,5,2026-10-04T23:03:48.9347654+02:00
lead-gen-retainer,hospitality,PASS,,3,e73ff9ca-6247-4991-8f74-9459cc845b27,,9,2026-10-04T23:06:50.3836240+02:00
lead-gen-retainer,hr_recruiting,PASS,,3,32f40be8-287c-4eb4-9ce0-2e0228d8e062,,16,2026-10-04T23:10:06.7890747+02:00
lead-gen-retainer,industrial,PASS,,3,0c46d4e6-343c-464e-b67a-d284f8dabeec,,25,2026-10-04T23:17:14.4476617+02:00
lead-gen-retainer,legal,PASS,,3,13ed5b70-4a1d-4fcf-a475-17652b80d355,,8,2026-10-04T23:20:42.7743471+02:00
lead-gen-retainer,legal_services,PASS,,3,24bb5886-27dd-47c3-89ec-7c67aa981206,,12,2026-10-04T23:24:03.1824075+02:00
lead-gen-retainer,localization,PASS,,3,338fe61c-c841-4423-9da7-7e649d5e25fa,,15,2026-10-04T23:27:12.7892881+02:00
lead-gen-retainer,logistics,PASS,,3,e28165f0-fcce-4fbb-9092-bc58fb0b4e4e,,5,2026-10-04T23:30:14.7765963+02:00
lead-gen-retainer,manufacturing,PASS,,3,9c6cd0dc-790b-47ac-9b9c-8093f93d8abd,,9,2026-10-04T23:33:22.1170857+02:00
lead-gen-retainer,marketing,PASS,,3,5ba46353-ad53-4632-8ace-dd98257a9c00,,13,2026-10-04T23:36:27.6277646+02:00
lead-gen-retainer,media,PASS,,3,e5298dcf-adb3-471e-afc8-fb7b4fcc72fa,,5,2026-10-04T23:39:37.2072610+02:00
lead-gen-retainer,nonprofit,PASS,,3,7ead5506-9c88-46a4-b300-09eff91f35be,,17,2026-10-04T23:42:46.8492754+02:00
lead-gen-retainer,pets,PASS,,3,eca9c904-5f4c-4fd7-a1cb-5dd549e70746,,5,2026-10-04T23:45:52.3505893+02:00
lead-gen-retainer,photography,PASS,,3,cf877e71-17e3-4e41-ac5f-7a8642b66362,,7,2026-10-04T23:48:58.6415121+02:00
lead-gen-retainer,product_project_management,PASS,,3,20796188-f9b1-49c8-9ecf-79875188c6c0,,6,2026-10-04T23:52:04.4515682+02:00
lead-gen-retainer,professional,PASS,,3,ef253343-e4e8-4ef2-a46d-17ede36eb3fa,,12,2026-10-04T23:55:10.0813941+02:00
lead-gen-retainer,real_estate_services,PASS,,3,bf94f4b7-24ef-40de-b696-8fa98e69c195,,15,2026-10-05T00:01:59.0769312+02:00
lead-gen-retainer,real-estate,PASS,,3,6aaef66b-ed45-4f28-a58e-94684a387745,,11,2026-10-04T23:58:25.8254387+02:00
lead-gen-retainer,retail,PASS,,3,cde4273e-b1ca-473b-b6c4-ffa4396245e4,,6,2026-10-05T00:05:14.7529807+02:00
lead-gen-retainer,sales,PASS,,3,220b67dc-15a4-4b90-818c-4a768b830067,,5,2026-10-05T00:08:14.4684130+02:00
lead-gen-retainer,technology,PASS,,3,2177a6b1-dc9b-45a2-92a1-380c2cbab0f7,,5,2026-10-05T00:11:16.1098114+02:00
lead-gen-retainer,travel,PASS,,3,9af20282-755a-4ccc-af9e-590fc2270a63,,7,2026-10-05T00:14:25.1103243+02:00
lead-gen-retainer,video_animation,PASS,,3,41b00610-6a1d-4ae0-9a81-4e55f7170b74,,7,2026-10-05T00:17:23.6993072+02:00
lead-gen-retainer,web3,PASS,,3,13859f52-1325-4fee-93f9-3c31071882bf,,6,2026-10-05T00:20:30.1977186+02:00
lead-gen-retainer,writing_translation,PASS,,3,e421804a-3cbb-4c50-bd3f-3cc3c13c720a,,13,2026-10-05T00:23:48.9427002+02:00
sales-enablement,admin_support,PASS,,2,fa11dd77-7a8b-4103-8777-7e471927cc63,,479,2026-10-04T20:55:39.6599017+02:00
sales-enablement,agriculture,PASS,,2,21aee430-f3ac-4ed2-b86e-f3079aa8f03a,,6,2026-10-04T21:23:57.6767804+02:00
sales-enablement,ai_data,PASS,,2,ff8e232f-4b86-4105-bfd5-f5349eadde68,,145,2026-10-04T21:36:10.9491631+02:00
sales-enablement,audio_music,PASS,,2,446cc6a3-b68a-49f2-b5b6-333a0ec37e5b,,83,2026-10-04T21:42:42.5932127+02:00
sales-enablement,automotive,PASS,,2,34b19e54-848e-4879-8568-942c8f48ae71,,10,2026-10-04T21:49:01.1939764+02:00
sales-enablement,beauty,FAIL,,0,97d855d6-2879-4a7e-97e7-1122d37b67ec,The remote server returned an error: (500) Internal Server Error.,1,2026-10-04T21:53:54.2544966+02:00
sales-enablement,business_consulting,PASS,,2,ec5440b5-7964-4020-a201-24a6bb8a8150,,10,2026-10-04T21:57:31.9320358+02:00
sales-enablement,community_moderation,PASS,,2,dab140b3-c995-496b-b5b9-d08205f08484,,5,2026-10-04T22:00:34.0230078+02:00
sales-enablement,construction,PASS,,2,6dafc206-b237-41d7-9341-6c836a182377,,5,2026-10-04T22:03:31.6888382+02:00
sales-enablement,creator_services,PASS,,2,16ce6d8a-4840-4302-8028-1335427844eb,,8,2026-10-04T22:06:49.2948172+02:00
sales-enablement,customer_service,PASS,,2,5daf745e-988c-413a-8136-14303a476e91,,5,2026-10-04T22:15:41.3944266+02:00
sales-enablement,design_creative,PASS,,2,f14fa072-70ec-4026-8960-502a54090dbc,,6,2026-10-04T22:19:12.2488223+02:00
sales-enablement,development_it,PASS,,2,3c21549f-03ce-4afe-8098-1e2a7f79257d,,8,2026-10-04T22:22:17.6149100+02:00
sales-enablement,ecommerce,PASS,,2,e2263eff-2530-4439-ac6c-d9a77db266bc,,8,2026-10-04T22:25:36.4373773+02:00
sales-enablement,education,PASS,,2,679961e9-2894-4f86-b198-0b4f791a421f,,5,2026-10-04T22:28:42.9656156+02:00
sales-enablement,education_training,PASS,,2,db5daba5-64f5-4b99-9c3f-fe7a4b0ac796,,5,2026-10-04T22:31:45.6581038+02:00
sales-enablement,energy,PASS,,2,7ac32a74-2082-4e75-a128-010154dc57b7,,5,2026-10-04T22:34:44.8710809+02:00
sales-enablement,engineering_architecture,PASS,,2,df5194a8-36db-4206-bb44-8d87c9b2b8e3,,5,2026-10-04T22:37:47.3127423+02:00
sales-enablement,engineering_science,PASS,,2,346eec1d-e081-4b16-8d85-b47e51cc4a50,,5,2026-10-04T22:40:48.3193335+02:00
sales-enablement,entertainment,PASS,,2,36eeeed4-9b77-4cdb-897d-637a396fca9f,,6,2026-10-04T22:43:46.1615751+02:00
sales-enablement,finance,PASS,,2,b813381c-7e09-4c03-9aaf-0a92c7fab099,,7,2026-10-04T22:46:56.5611808+02:00
sales-enablement,finance_accounting,PASS,,2,6fa27942-e017-44f4-a95e-b21aaa72fd73,,16,2026-10-04T22:50:17.1942472+02:00
sales-enablement,fitness,PASS,,2,302fe127-42c3-44f7-bed7-da515ce32a6c,,5,2026-10-04T22:53:31.8703628+02:00
sales-enablement,government,PASS,,2,e99f4587-d623-433f-9183-0635b1601597,,5,2026-10-04T22:56:34.1225939+02:00
sales-enablement,healthcare,PASS,,2,f65e1300-3a30-4162-9091-b16d5dd5ee73,,5,2026-10-04T22:59:38.2332727+02:00
sales-enablement,home_services,PASS,,2,553cf787-e331-4ba4-91e5-250616000811,,5,2026-10-04T23:02:39.3679427+02:00
sales-enablement,hospitality,PASS,,2,003f3e42-dddc-467a-9921-c0449ac5a785,,6,2026-10-04T23:05:36.3045826+02:00
sales-enablement,hr_recruiting,PASS,,2,51ac333f-d5c1-49e3-b617-2ebe8b731e84,,5,2026-10-04T23:08:44.0733353+02:00
sales-enablement,industrial,FAIL,,0,cc801282-f2ca-4698-bf48-0a0f717cd7e7,The remote server returned an error: (500) Internal Server Error.,90,2026-10-04T23:13:42.9032887+02:00
sales-enablement,legal,PASS,,2,8ed059f3-8f6c-46a6-9371-1a7e7f0646d6,,13,2026-10-04T23:19:23.6028554+02:00
sales-enablement,legal_services,PASS,,2,f6f47e45-914c-46e5-8032-e271aa1e58fa,,12,2026-10-04T23:22:42.3924774+02:00
sales-enablement,localization,PASS,,2,271c6e86-ce4c-4c78-925a-d2332a6125d0,,5,2026-10-04T23:25:50.1916413+02:00
sales-enablement,logistics,PASS,,2,0d1cb794-5b17-4da7-80a1-a68febe942c1,,7,2026-10-04T23:29:02.1149065+02:00
sales-enablement,manufacturing,PASS,,2,7a5f659d-010f-4805-b83b-b952b0bf0ac2,,8,2026-10-04T23:32:07.9404375+02:00
sales-enablement,marketing,PASS,,2,2957d32e-644f-4688-953c-b642523c178c,,6,2026-10-04T23:35:08.1227613+02:00
sales-enablement,media,FAIL,,0,58bd8498-5fcd-4a7b-8cdb-aaaf9d3a14a8,The remote server returned an error: (500) Internal Server Error.,1,2026-10-04T23:38:24.7612766+02:00
sales-enablement,nonprofit,PASS,,2,1d0e5a50-2757-464e-aaf5-52f740f35376,,5,2026-10-04T23:41:24.6935839+02:00
sales-enablement,pets,PASS,,2,5791e704-703b-499c-a589-7a2ed0b96e9e,,5,2026-10-04T23:44:41.2177243+02:00
sales-enablement,photography,PASS,,2,acc9f1c4-3554-4690-8c83-4cdea884bd97,,11,2026-10-04T23:47:44.5938312+02:00
sales-enablement,product_project_management,PASS,,2,2ad74ad5-af1c-466c-9a29-6e71eb366c19,,5,2026-10-04T23:50:52.5210617+02:00
sales-enablement,professional,PASS,,2,e0db8e28-3d42-4551-8641-cfd2220a0f35,,5,2026-10-04T23:53:50.9437331+02:00
sales-enablement,real_estate_services,PASS,,2,5dee805d-d72a-4346-96a3-4b6707fd6ab1,,29,2026-10-05T00:00:36.8087123+02:00
sales-enablement,real-estate,PASS,,2,7740efe0-66d6-4e01-b4b1-63c037b8718b,,5,2026-10-04T23:56:59.4051243+02:00
sales-enablement,retail,PASS,,2,784aa28c-aca5-4afa-827f-345db1499d58,,11,2026-10-05T00:04:01.0806324+02:00
sales-enablement,sales,PASS,,2,148af17d-7fde-40a3-b206-a2a5fe7b4224,,5,2026-10-05T00:07:00.2278167+02:00
sales-enablement,technology,PASS,,2,63ff20b0-d605-4021-a3f3-99c4fef626b5,,7,2026-10-05T00:10:05.7650977+02:00
sales-enablement,travel,PASS,,2,820955c0-c513-4efd-bd00-1c7225cb3bcb,,6,2026-10-05T00:13:04.9773649+02:00
sales-enablement,video_animation,PASS,,2,0d906000-0868-4964-8910-12cec3e4bb77,,6,2026-10-05T00:16:11.4525707+02:00
sales-enablement,web3,PASS,,2,04429d5e-d210-4e73-9048-0c425c1635e5,,10,2026-10-05T00:19:16.7871128+02:00
sales-enablement,writing_translation,PASS,,2,30d526e3-df13-48ff-ac1f-30dc0802da35,,13,2026-10-05T00:22:26.9477143+02:00
setup-custom,admin_support,PASS,,3,081a6285-ebd4-4582-b968-e2e32c603b0c,,604,2026-10-04T21:11:34.3229256+02:00
setup-custom,agriculture,PASS,,3,24e968c9-4f99-425e-ae71-d22c5320d977,,326,2026-10-04T21:30:00.4886844+02:00
setup-custom,ai_data,PASS,,3,62b46379-b8c0-4abc-84c9-9cbb99a44998,,33,2026-10-04T21:37:16.1031084+02:00
setup-custom,audio_music,PASS,,3,61701539-39b6-450b-a528-28dbe7ac35cb,,178,2026-10-04T21:46:11.0702507+02:00
setup-custom,automotive,PASS,,3,5039c6f1-1db7-4c1d-95e0-f47f1e423efd,,10,2026-10-04T21:51:42.4518455+02:00
setup-custom,beauty,PASS,,3,be8c28ec-651c-473a-829e-645e26a4564d,,10,2026-10-04T21:55:13.8561017+02:00
setup-custom,business_consulting,PASS,,3,86dd53ac-270c-4747-9b04-a37fbc33ca27,,5,2026-10-04T21:58:34.0856997+02:00
setup-custom,community_moderation,PASS,,3,799baff4-edac-4c87-ad68-018a544c074a,,5,2026-10-04T22:01:30.2394343+02:00
setup-custom,construction,PASS,,3,56e9a021-9c37-43a4-87ea-89eca1b719fd,,5,2026-10-04T22:04:29.7359234+02:00
setup-custom,creator_services,PASS,,3,1180e251-b9f1-4b59-9032-03b9043dc55d,,95,2026-10-04T22:09:05.6369098+02:00
setup-custom,customer_service,PASS,,3,68bf66f3-6872-416b-a9c4-4c4898bbe6e3,,5,2026-10-04T22:16:59.1408262+02:00
setup-custom,design_creative,PASS,,3,991caac0-e3b1-452f-9792-c4c2203a8029,,8,2026-10-04T22:20:00.8738070+02:00
setup-custom,development_it,PASS,,3,1c0030fb-29c9-458f-a8cd-f7e2e4cd6cf9,,7,2026-10-04T22:27:10.3844077+02:00
setup-custom,ecommerce,PASS,,3,1551570f-eff5-4341-a63d-38e4a4e5735f,,5,2026-10-04T22:30:18.4843388+02:00
setup-custom,education,PASS,,3,aa86799c-957b-4579-99dd-fcaa9cb81e70,,8,2026-10-04T23:36:44.8183948+02:00
setup-custom,education_training,PASS,,3,a9f265e5-b036-4ec5-b348-aa6004224c3c,,5,2026-10-04T22:33:18.8271728+02:00
setup-custom,energy,PASS,,3,b1d8cfcf-1503-4e6d-98f5-b8831483d9ab,,12,2026-10-05T00:08:46.1175717+02:00
setup-custom,engineering_architecture,PASS,,3,cef45593-6a0c-48b4-8ac8-f4b202f7f3cc,,6,2026-10-04T22:36:19.6390302+02:00
setup-custom,engineering_science,PASS,,3,b69150d5-8ce6-46cf-894c-f7b1cc5dc5e3,,5,2026-10-04T22:39:23.6813859+02:00
setup-custom,entertainment,PASS,,3,d40a2c36-5117-4240-90ec-aef119b53b95,,6,2026-10-05T00:18:10.5981113+02:00
setup-custom,finance,PASS,,3,d23b1e34-524f-43e5-aaef-7e99ca61412f,,8,2026-10-04T23:40:20.5996950+02:00
setup-custom,finance_accounting,PASS,,3,1dd4a757-3958-4a0e-8d99-523e84d60163,,10,2026-10-04T22:42:29.6165917+02:00
setup-custom,fitness,PASS,,3,2442c9bb-0647-41bd-a9fa-9a92c349afca,,6,2026-10-04T23:46:41.2825434+02:00
setup-custom,government,PASS,,3,21b4dacc-94e6-4179-a33f-80bdb4dc20ea,,5,2026-10-05T00:05:33.8595643+02:00
setup-custom,healthcare,PASS,,3,6e29d7c2-64f1-4661-a5c3-35b2a1bbf6e2,,9,2026-10-04T23:24:18.5454007+02:00
setup-custom,home_services,PASS,,3,77f39665-a212-430a-9cb8-98f488405a01,,6,2026-10-05T00:21:17.5224246+02:00
setup-custom,hospitality,PASS,,3,a3773329-305b-4ee8-ad6a-e5fedb8b0ca7,,5,2026-10-04T23:33:37.8418786+02:00
setup-custom,hr_recruiting,PASS,,3,4bf1417d-75ca-46c1-97cd-bcb6378788ca,,8,2026-10-04T22:45:33.1885227+02:00
setup-custom,industrial,PASS,,3,d5dceb57-321f-4273-bd26-8ec28c20bc40,,6,2026-10-05T00:27:30.8570882+02:00
setup-custom,legal,PASS,,3,5801a089-e50c-45bc-9645-f238abd4f0cc,,7,2026-10-04T23:27:24.7032611+02:00
setup-custom,legal_services,PASS,,3,a630b7be-e845-4357-9382-9acf9b0775f2,,5,2026-10-04T22:48:37.6893382+02:00
setup-custom,localization,PASS,,3,5c1d4bdf-922c-44ac-9608-7e288327714d,,9,2026-10-04T22:51:52.9320047+02:00
setup-custom,logistics,PASS,,3,fe943da9-da38-4e18-8b2a-6e0923f0a71d,,6,2026-10-04T23:43:42.2842814+02:00
setup-custom,manufacturing,PASS,,3,8a7c06e3-a9da-46d1-be7a-1ae58897a319,,7,2026-10-04T23:52:57.5406323+02:00
setup-custom,marketing,PASS,,3,41c228af-6b85-4d36-85ca-ce86cf37f15c,,5,2026-10-04T22:54:56.7938909+02:00
setup-custom,media,PASS,,3,c8ec2f8b-9f94-453e-a405-d62f19f3aab6,,5,2026-10-04T23:59:01.5246423+02:00
setup-custom,nonprofit,PASS,,3,6a55a109-0d66-4f32-b70f-c9b7972ae5c7,,15,2026-10-05T00:02:26.4168864+02:00
setup-custom,pets,PASS,,3,f490da3e-5428-477e-9b83-8f38fc64d147,,6,2026-10-05T00:24:31.1783007+02:00
setup-custom,photography,PASS,,3,71f03f93-375d-4711-8b85-e23f97c84920,,12,2026-10-04T22:58:04.6597765+02:00
setup-custom,product_project_management,PASS,,3,99b9e7e3-f382-439e-90d9-bf2503d6941e,,5,2026-10-04T23:01:04.7144459+02:00
setup-custom,professional,PASS,,3,0c614f9a-a7ab-4abe-932e-f60e91098ae1,,11,2026-10-05T00:15:00.4478841+02:00
setup-custom,real_estate_services,PASS,,3,6558ed8f-c680-4ee1-9367-08b9bdf57c16,,5,2026-10-04T23:04:06.3685412+02:00
setup-custom,real-estate,PASS,,3,181b86cd-3f69-44a4-ae84-137b818dea88,,10,2026-10-04T23:49:51.0301663+02:00
setup-custom,retail,PASS,,3,39a55f1a-c9da-4dc7-80eb-0597c80219db,,5,2026-10-04T23:30:31.4969184+02:00
setup-custom,sales,PASS,,3,e0725e6f-3595-4345-8b38-6cc8c9de1158,,5,2026-10-04T23:07:04.2332739+02:00
setup-custom,technology,PASS,,3,18874b29-b7b9-4c72-a39b-facbf0ebd435,,5,2026-10-04T23:56:00.1037965+02:00
setup-custom,travel,PASS,,3,37f190c2-5d56-444e-b538-dd92bf88a3b6,,9,2026-10-05T00:11:50.1896409+02:00
setup-custom,video_animation,PASS,,3,d8b02dcd-c17b-447a-9c80-52455b4464c3,,8,2026-10-04T23:10:02.1015237+02:00
setup-custom,web3,PASS,,3,674f7b9b-0e43-4109-ae2d-3e23d23743cd,,31,2026-10-04T23:17:37.8359942+02:00
setup-custom,writing_translation,PASS,,3,adb5b4b6-46d9-4a82-be4e-1a4e33b2c32a,,9,2026-10-04T23:21:09.1229811+02:00
setup-full,admin_support,PASS,,4,17d781ed-40da-464f-9279-3fb9b80d64b1,,789,2026-10-04T21:00:56.6238267+02:00
setup-full,agriculture,PASS,,4,d3e24769-ca16-4259-9bd4-9341fa13d321,,5,2026-10-04T21:23:56.8921723+02:00
setup-full,ai_data,PASS,,4,c0003d89-8307-4498-aa6b-32b04db64e3b,,132,2026-10-04T21:36:11.8506072+02:00
setup-full,audio_music,PASS,,4,71c34885-c247-4603-b2ab-38ee7dfcd476,,83,2026-10-04T21:42:42.5840098+02:00
setup-full,automotive,PASS,,4,1d85f4d9-78f4-4869-bf56-c43062014e0b,,121,2026-10-04T21:51:02.2986934+02:00
setup-full,beauty,PASS,,4,4d9c89da-6f09-4678-8632-51c365a71a6f,,5,2026-10-04T21:54:33.7613524+02:00
setup-full,business_consulting,PASS,,4,59173675-a52c-4c2e-aa40-1d9ced11a496,,5,2026-10-04T21:57:59.3295342+02:00
setup-full,community_moderation,PASS,,4,2ea23915-e156-4b62-b520-7d6f10596e02,,5,2026-10-04T22:00:55.0385013+02:00
setup-full,construction,PASS,,4,062b41ec-a87d-4fd4-a4d6-19245ee40913,,5,2026-10-04T22:03:54.8782287+02:00
setup-full,creator_services,PASS,,4,c04b859e-dcce-42cc-9c10-6efa48acfdb2,,8,2026-10-04T22:07:00.4912484+02:00
setup-full,customer_service,PASS,,4,2b368386-717d-401a-a77f-9c248ff411ec,,28,2026-10-04T22:16:24.1567837+02:00
setup-full,design_creative,PASS,,4,77f82a1f-66a4-4331-846b-e37bbc36a2fe,,5,2026-10-04T22:19:22.9829231+02:00
setup-full,development_it,PASS,,4,b3bea068-61c9-49bc-9af1-cd3dfd4832b2,,5,2026-10-04T22:26:33.1174240+02:00
setup-full,ecommerce,PASS,,4,ddf3f4f3-b7c7-4232-b247-5cb971e3547c,,9,2026-10-04T22:29:43.1086426+02:00
setup-full,education,PASS,,4,60d46f22-79b4-4452-b6c2-15ee48ed4a78,,8,2026-10-04T23:36:06.1955962+02:00
setup-full,education_training,PASS,,4,3e2d746c-6d00-4dc4-8a5a-cb04cedb5480,,6,2026-10-04T22:32:43.8464515+02:00
setup-full,energy,PASS,,4,4480b63a-2a89-48f2-b0ce-ff1e75ee8db2,,6,2026-10-05T00:08:04.3559798+02:00
setup-full,engineering_architecture,PASS,,4,f2791a6d-8345-40a9-8ff9-5dc47befd74a,,5,2026-10-04T22:35:43.1610063+02:00
setup-full,engineering_science,PASS,,4,02e6df3e-c309-42cc-a538-691502e178e8,,7,2026-10-04T22:38:48.6498849+02:00
setup-full,entertainment,PASS,,4,54aa6c39-3ac1-4621-941c-55c491301711,,8,2026-10-05T00:17:33.7127579+02:00
setup-full,finance,PASS,,4,41a93112-9b20-4754-b39b-02917c42f29b,,9,2026-10-04T23:39:42.2845388+02:00
setup-full,finance_accounting,PASS,,4,e62435f1-cdf8-478f-b1f5-c0181526be41,,7,2026-10-04T22:41:47.7361249+02:00
setup-full,fitness,FAIL,,0,c3413517-68f7-4775-8b79-4900d7f08e97,The remote server returned an error: (500) Internal Server Error.,2,2026-10-04T23:46:04.7675982+02:00
setup-full,government,PASS,,4,7cf4fd2a-6e1a-44dd-857c-292e4b15aff6,,9,2026-10-05T00:04:58.6159549+02:00
setup-full,healthcare,PASS,,4,589cef02-e59b-421c-8928-b93be16aff2c,,5,2026-10-04T23:23:39.0314786+02:00
setup-full,home_services,PASS,,4,a3858141-7281-40c3-bd51-31037d5f719b,,6,2026-10-05T00:20:41.3621068+02:00
setup-full,hospitality,PASS,,4,2c67b21a-0f32-4f02-833f-edb6c8a04614,,13,2026-10-04T23:33:02.5418377+02:00
setup-full,hr_recruiting,PASS,,4,fdc706cc-03a1-40a6-80ce-ef757d5ae0ea,,6,2026-10-04T22:44:54.5267255+02:00
setup-full,industrial,PASS,,4,e35735a7-f8e4-456a-a083-5bf10145c910,,5,2026-10-05T00:26:55.1985796+02:00
setup-full,legal,PASS,,4,9316eef9-5d0f-40d5-b4e0-527184918945,,7,2026-10-04T23:26:47.2257934+02:00
setup-full,legal_services,PASS,,4,57b69d43-d6ff-468a-a2f6-b0f5ad56dfd8,,7,2026-10-04T22:48:02.5430576+02:00
setup-full,localization,PASS,,4,3a992f2c-03ff-42a4-84b9-52806a32067d,,5,2026-10-04T22:51:13.9068455+02:00
setup-full,logistics,PASS,,4,993ab665-63a6-4b2f-971a-344eee793f49,,7,2026-10-04T23:43:06.2368960+02:00
setup-full,manufacturing,PASS,,4,4404439d-39ff-45b8-b570-156c2033d369,,6,2026-10-04T23:52:20.7450578+02:00
setup-full,marketing,PASS,,4,d04947c5-2e4f-44b2-87fb-0d4e76ffe8b0,,6,2026-10-04T22:54:20.8321025+02:00
setup-full,media,PASS,,4,0d82ed71-beb4-4a16-90fc-36b77d2ea7f0,,5,2026-10-04T23:58:26.5463851+02:00
setup-full,nonprofit,PASS,,4,ebf32bf0-c92d-4b86-b7f5-af34440cc8f1,,10,2026-10-05T00:01:41.5492190+02:00
setup-full,pets,PASS,,4,65705443-4246-43c4-9844-7454e7ac834b,,9,2026-10-05T00:23:55.4928522+02:00
setup-full,photography,PASS,,4,c4157e04-3720-4f86-9bde-cf42893e6441,,7,2026-10-04T22:57:22.8580831+02:00
setup-full,product_project_management,PASS,,4,de70ff57-0738-452c-a511-4a222f5eac6b,,5,2026-10-04T23:00:28.9219255+02:00
setup-full,professional,FAIL,,0,acb9878f-1cf1-497c-9c59-812d3e6ff506,The remote server returned an error: (500) Internal Server Error.,1,2026-10-05T00:14:19.2875517+02:00
setup-full,real_estate_services,PASS,,4,b8f0fcd8-c716-4047-8d13-c87d41391a49,,5,2026-10-04T23:03:31.0696648+02:00
setup-full,real-estate,PASS,,4,1c88e62d-a06a-4bf9-baa1-cb15acf4abf0,,7,2026-10-04T23:49:11.1420846+02:00
setup-full,retail,PASS,,4,4f3fab32-92cc-476b-b272-8876318af324,,6,2026-10-04T23:29:55.9665638+02:00
setup-full,sales,PASS,,4,be193abf-b558-432c-8f7d-7da49c2b7207,,5,2026-10-04T23:06:28.8652757+02:00
setup-full,technology,PASS,,4,b75ed6e0-8646-4934-a472-26605192232a,,7,2026-10-04T23:55:23.3001012+02:00
setup-full,travel,FAIL,,0,c4ccddf1-557d-40ab-94b4-7567ff0f8423,The remote server returned an error: (500) Internal Server Error.,1,2026-10-05T00:11:11.6631253+02:00
setup-full,video_animation,PASS,,4,9773c15f-02fb-419a-be68-6e189c202beb,,5,2026-10-04T23:09:24.1367051+02:00
setup-full,web3,PASS,,4,81936a98-5be0-447a-aac6-06a0c5b086f1,,41,2026-10-04T23:16:36.8159754+02:00
setup-full,writing_translation,PASS,,4,93b54d80-9785-4b24-aca7-aea388988b81,,5,2026-10-04T23:20:29.6022328+02:00
setup-quick,admin_support,PASS,,2,154b88c7-d0e7-4db7-a60f-727836d84234,,1628,2026-10-04T20:47:12.5054349+02:00
setup-quick,agriculture,PASS,,2,624338e6-f736-4f45-95a5-6d5e9c19597a,,223,2026-10-04T21:23:21.0031393+02:00
setup-quick,ai_data,PASS,,2,3c6c560a-55cd-4167-960a-f37095b5c7e6,,20,2026-10-04T21:33:28.3336752+02:00
setup-quick,audio_music,PASS,,2,d582fe7c-bd7a-4eef-b73d-6726e092d09f,,36,2026-10-04T21:40:42.5294823+02:00
setup-quick,automotive,PASS,,2,0eef02d7-a856-4fd3-a336-016f23094fac,,6,2026-10-04T21:48:31.6777082+02:00
setup-quick,beauty,PASS,,2,eeb04248-e94e-4ca7-96f5-c4d6cccaf3ae,,6,2026-10-04T21:53:58.3145989+02:00
setup-quick,business_consulting,PASS,,2,dedaa756-b5cc-48f2-9d7e-154e1ba53e7d,,7,2026-10-04T21:57:24.6350431+02:00
setup-quick,community_moderation,PASS,,2,8b6dac2f-1d73-4adb-af49-3629d92ea402,,5,2026-10-04T22:00:19.1911868+02:00
setup-quick,construction,PASS,,2,0678a4a7-19ea-48cd-9d81-876145ab0039,,5,2026-10-04T22:03:19.9925498+02:00
setup-quick,creator_services,PASS,,2,2a4b1ff0-2df3-4e06-be87-831b238a50ec,,6,2026-10-04T22:06:20.6211564+02:00
setup-quick,customer_service,PASS,,2,42b54fe8-8de2-4550-9e07-dc119679b431,,8,2026-10-04T22:15:24.8367686+02:00
setup-quick,design_creative,PASS,,2,f80563b3-6b9a-4137-8b42-9386811bf111,,7,2026-10-04T22:18:47.5283536+02:00
setup-quick,development_it,PASS,,2,3ff9335a-32ef-40ac-93f7-d62d84950f1c,,5,2026-10-04T22:25:58.4085229+02:00
setup-quick,ecommerce,PASS,,2,b5bfb7fb-e990-4080-be9f-c35072beb859,,6,2026-10-04T22:29:03.1854191+02:00
setup-quick,education,PASS,,2,328a6e11-59ca-434e-b556-8b8e559e416f,,6,2026-10-04T23:35:27.8615680+02:00
setup-quick,education_training,PASS,,2,fb77ad68-8297-4748-96fb-ee9727d722bf,,9,2026-10-04T22:32:07.8381122+02:00
setup-quick,energy,PASS,,2,61064f9e-6bad-49e6-aca5-5bf501960667,,8,2026-10-05T00:07:28.0416236+02:00
setup-quick,engineering_architecture,PASS,,2,e0d1f03e-4b0b-4c3b-bc62-446a97f8e8e8,,6,2026-10-04T22:35:08.1433676+02:00
setup-quick,engineering_science,PASS,,2,e187ac40-b7ce-4817-9a71-f82e0cd8251e,,8,2026-10-04T22:38:11.4247874+02:00
setup-quick,entertainment,PASS,,2,20e39b2e-a6d4-4af9-b63c-1448c06545c3,,9,2026-10-05T00:16:56.0652690+02:00
setup-quick,finance,PASS,,2,51e17a1a-f844-4bef-b3e6-19eae962598c,,9,2026-10-04T23:39:02.7197269+02:00
setup-quick,finance_accounting,PASS,,2,c67da9c1-372e-4972-b063-4ff947923056,,6,2026-10-04T22:41:10.3700433+02:00
setup-quick,fitness,PASS,,2,4bfb84d9-a551-4f29-913d-afac66cfcae2,,8,2026-10-04T23:45:33.1317574+02:00
setup-quick,government,PASS,,2,23b5dcf3-f78b-45ee-a722-bd98c10e8755,,6,2026-10-05T00:04:17.4499321+02:00
setup-quick,healthcare,PASS,,2,ef827ff3-f864-4a74-b746-2698248f6c19,,7,2026-10-04T23:23:02.9643900+02:00
setup-quick,home_services,PASS,,2,144c7bfa-d4ae-4cf9-a0e6-1f3e7d94c484,,6,2026-10-05T00:20:04.5912264+02:00
setup-quick,hospitality,PASS,,2,74be7bf2-2d6c-47e7-935b-231c769bdb23,,6,2026-10-04T23:32:19.5843438+02:00
setup-quick,hr_recruiting,PASS,,2,fdc46f5b-db48-4df2-a85f-4a5f3633f1f0,,7,2026-10-04T22:44:17.4463206+02:00
setup-quick,industrial,PASS,,2,c77b97c1-1e83-469a-8e12-8692a7684e2b,,5,2026-10-05T00:26:18.9845395+02:00
setup-quick,legal,PASS,,2,19e285b4-8f64-4091-8eb2-625ac25f0630,,7,2026-10-04T23:26:09.5186622+02:00
setup-quick,legal_services,PASS,,2,dfead4ea-c819-496d-9b18-372b2451eded,,7,2026-10-04T22:47:24.2583442+02:00
setup-quick,localization,PASS,,2,e59188d3-7836-4db9-8468-5c02fc389561,,5,2026-10-04T22:50:38.8803647+02:00
setup-quick,logistics,PASS,,2,1694a06a-256d-4aa4-b45d-5a88d1c2726e,,21,2026-10-04T23:42:29.1607723+02:00
setup-quick,manufacturing,PASS,,2,2d127951-94b4-4fdc-8649-96bc7b5b280f,,5,2026-10-04T23:51:44.1157000+02:00
setup-quick,marketing,PASS,,2,eab3b8d7-342a-4423-8248-8d540e324943,,5,2026-10-04T22:53:45.1757286+02:00
setup-quick,media,PASS,,2,591733fd-613d-4ceb-90af-17e8f2aa411d,,8,2026-10-04T23:57:51.3381241+02:00
setup-quick,nonprofit,PASS,,2,a3556eb3-9092-4a70-9879-8397f7a6c546,,5,2026-10-05T00:01:01.6561153+02:00
setup-quick,pets,PASS,,2,5766a5c2-282b-4175-b877-aae5085b1736,,8,2026-10-05T00:23:16.1249959+02:00
setup-quick,photography,PASS,,2,a36ade48-d8ae-481b-9a7e-53a843ac5c2a,,6,2026-10-04T22:56:44.4399378+02:00
setup-quick,product_project_management,PASS,,2,a952a576-9fc5-4fef-8059-7cc8bfa49f6c,,5,2026-10-04T22:59:54.0708503+02:00
setup-quick,professional,PASS,,2,fdcb60e9-6662-4fc8-9808-f8f60d69e071,,13,2026-10-05T00:13:48.4788369+02:00
setup-quick,real_estate_services,PASS,,2,3219a475-47fa-420c-9d01-47b18c4bdbb0,,5,2026-10-04T23:02:56.1173344+02:00
setup-quick,real-estate,PASS,,2,f58a2762-be34-4b98-b61c-25c9b9ca5852,,7,2026-10-04T23:48:34.2394411+02:00
setup-quick,retail,PASS,,2,8d1f240f-3737-409b-80be-62940ea3d30d,,8,2026-10-04T23:29:18.9323798+02:00
setup-quick,sales,PASS,,2,d0e629d4-0297-4c92-a4bf-e45648ca89c3,,5,2026-10-04T23:05:53.7543943+02:00
setup-quick,technology,PASS,,2,1e8955f1-a2cf-4c4d-aa9b-9958f9126ada,,5,2026-10-04T23:54:44.1235775+02:00
setup-quick,travel,PASS,,2,27aaad8a-e567-49a5-84ef-83236a3b494c,,9,2026-10-05T00:10:40.3469910+02:00
setup-quick,video_animation,PASS,,2,ac6a112a-ae8c-43cc-8802-21c3f89cbc9a,,5,2026-10-04T23:08:49.1598105+02:00
setup-quick,web3,PASS,,2,0372a2ab-450e-45a4-a3d2-68403e196779,,194,2026-10-04T23:15:23.6772140+02:00
setup-quick,writing_translation,FAIL,,0,b20ed4be-89ca-476d-a895-08000fb53538,The remote server returned an error: (500) Internal Server Error.,1,2026-10-04T23:19:54.4579490+02:00
support-dedicated,admin_support,PASS,,2,deae1fd6-fe92-4b4b-ad26-4e4a2ddb34ed,,775,2026-10-04T21:10:08.4135532+02:00
support-dedicated,agriculture,PASS,,2,41212eeb-7048-4bbf-8514-19a6f875027c,,327,2026-10-04T21:30:00.6619961+02:00
support-dedicated,ai_data,PASS,,2,47559a52-131e-432b-b992-d3eca7c29d7e,,46,2026-10-04T21:37:29.9971116+02:00
support-dedicated,audio_music,PASS,,2,af6901e8-1dba-4538-a1bc-3928a9246b57,,15,2026-10-04T21:47:18.5433900+02:00
support-dedicated,automotive,PASS,,2,19cf09a3-d720-4f26-8a36-ae0a4accdf4b,,34,2026-10-04T21:52:47.7845257+02:00
support-dedicated,beauty,PASS,,2,cd08bda7-2ffd-4b94-8141-968c3ab3efe8,,21,2026-10-04T21:56:07.8295422+02:00
support-dedicated,business_consulting,PASS,,2,c5bae6c4-d4bc-4acf-ba2c-cae3959e2ff4,,6,2026-10-04T21:59:11.5348238+02:00
support-dedicated,community_moderation,PASS,,2,9a956c63-0296-4690-9436-3962822e5686,,5,2026-10-04T22:02:10.6894811+02:00
support-dedicated,construction,PASS,,2,6d28aeda-06d2-43d0-b3b9-7e92c6976f92,,5,2026-10-04T22:06:35.5413302+02:00
support-dedicated,creator_services,PASS,,2,a63e78fa-c19f-4baa-8e49-5b5cb726f739,,11,2026-10-04T22:15:13.0606871+02:00
support-dedicated,customer_service,PASS,,2,d89aa623-59ad-430c-90b2-e7f128ab7b56,,5,2026-10-04T22:18:27.5602235+02:00
support-dedicated,design_creative,PASS,,2,1146ea1e-149f-4172-ac17-bc240047ebd4,,6,2026-10-04T22:21:24.4777356+02:00
support-dedicated,development_it,PASS,,2,4ac777f3-647b-4fbb-a6bb-112914329ed9,,7,2026-10-04T22:24:54.3267813+02:00
support-dedicated,ecommerce,PASS,,2,cd16bc02-ca16-4be4-a872-92e52dd96414,,5,2026-10-04T22:27:56.3835024+02:00
support-dedicated,education,PASS,,2,ca3f9827-6f8c-4087-805a-98d117c67d5f,,5,2026-10-04T22:30:53.3630756+02:00
support-dedicated,education_training,PASS,,2,5cfa4d81-7e89-4255-85fa-431b95d4c4d6,,5,2026-10-04T22:33:49.0561621+02:00
support-dedicated,energy,PASS,,2,a88d4a89-1422-4ed2-8ba4-c7d2b56998b5,,6,2026-10-04T22:36:50.5498609+02:00
support-dedicated,engineering_architecture,PASS,,2,a9357d50-fb14-430a-9bbd-3c12e274bf2b,,5,2026-10-04T22:39:53.6017485+02:00
support-dedicated,engineering_science,PASS,,2,edd6eb22-a4ce-46e1-bb62-1cef7302fdde,,7,2026-10-04T22:43:00.3614613+02:00
support-dedicated,entertainment,PASS,,2,ca1f3ecd-f32c-410d-bbfd-28ca8466e417,,6,2026-10-04T22:45:59.0615546+02:00
support-dedicated,finance,PASS,,2,a574e4a4-ff52-460d-9503-02b037126576,,5,2026-10-04T22:49:02.5577932+02:00
support-dedicated,finance_accounting,PASS,,2,be075d4b-2a4a-46b7-8fd2-16b233b840b6,,9,2026-10-04T22:52:28.1655258+02:00
support-dedicated,fitness,PASS,,2,7966d16f-0799-4a47-93e3-6e687141a7b0,,5,2026-10-04T22:55:31.9596297+02:00
support-dedicated,government,PASS,,2,e61207ea-f03f-448f-afbf-7ceca25a996a,,8,2026-10-04T22:58:36.8013633+02:00
support-dedicated,healthcare,PASS,,2,b5621900-bb39-4dc5-a8b1-2ad28c0d38d0,,5,2026-10-04T23:01:39.7108720+02:00
support-dedicated,home_services,PASS,,2,bc607a03-c45a-400d-a0cf-16ac061a935f,,9,2026-10-04T23:06:15.6170350+02:00
support-dedicated,hospitality,PASS,,2,97bd4aa5-5ef0-4b8e-ad30-63388b03b782,,5,2026-10-04T23:09:09.0808590+02:00
support-dedicated,hr_recruiting,PASS,,2,3b717374-c03d-408c-969a-3acc0108cb1f,,41,2026-10-04T23:16:36.9810340+02:00
support-dedicated,industrial,PASS,,2,994301da-9669-4757-b662-ac5fbc94105d,,9,2026-10-04T23:20:42.9577858+02:00
support-dedicated,legal,PASS,,2,5ab180be-24a6-48e6-80f5-750d0c50a0bd,,6,2026-10-04T23:23:49.5428597+02:00
support-dedicated,legal_services,PASS,,2,bb6070a6-86e7-4b90-8f68-42548d5ca6cc,,10,2026-10-04T23:26:59.8992492+02:00
support-dedicated,localization,PASS,,2,41c40060-e237-4eab-998b-ca3b6827917e,,10,2026-10-04T23:30:09.2317993+02:00
support-dedicated,logistics,PASS,,2,d0cb7335-3406-4016-87b4-4bf5693168f5,,5,2026-10-04T23:33:07.2109299+02:00
support-dedicated,manufacturing,PASS,,2,2711f162-e31d-4fa1-8e8e-21c35f0d81d3,,7,2026-10-04T23:36:17.1168073+02:00
support-dedicated,marketing,PASS,,2,863b37b0-9da6-4c07-8af6-46226fd65426,,9,2026-10-04T23:39:47.0122231+02:00
support-dedicated,media,PASS,,2,e7eb3293-6fbf-40ec-a3ea-5ab2daddf23b,,8,2026-10-04T23:43:06.2363464+02:00
support-dedicated,nonprofit,PASS,,2,2e33798c-fbc2-4e46-abae-432830a1673e,,7,2026-10-04T23:46:10.0300084+02:00
support-dedicated,pets,PASS,,2,da341a51-b776-4e31-baa9-4e37a0e0a119,,8,2026-10-04T23:49:23.7816242+02:00
support-dedicated,photography,PASS,,2,2be116cd-280c-46b4-ac3f-93b32bb41158,,6,2026-10-04T23:52:25.8458938+02:00
support-dedicated,product_project_management,PASS,,2,bceb5bfd-22d1-4d6d-aa95-7c9806acca93,,8,2026-10-04T23:55:33.5787968+02:00
support-dedicated,professional,PASS,,2,00a32048-10a3-4e4b-b790-40c2305cb94d,,6,2026-10-04T23:58:37.8907927+02:00
support-dedicated,real_estate_services,PASS,,2,ef0eaa4e-267f-4983-ab46-fef6d679bc06,,5,2026-10-05T00:05:04.2140125+02:00
support-dedicated,real-estate,PASS,,2,a275014b-f33b-46ec-8773-9b7256a0d67d,,5,2026-10-05T00:01:53.1175348+02:00
support-dedicated,retail,FAIL,,0,ba19c73e-c776-482f-8029-f178d2428c32,The remote server returned an error: (500) Internal Server Error.,1,2026-10-05T00:07:58.8129542+02:00
support-dedicated,sales,PASS,,2,2908f493-1337-4942-95c0-1495e0fa7cf5,,5,2026-10-05T00:11:04.1615936+02:00
support-dedicated,technology,PASS,,2,766a45e2-63ea-4280-89e9-18b36ff200e4,,5,2026-10-05T00:14:08.8068360+02:00
support-dedicated,travel,PASS,,2,f49fd313-d58e-496c-99d1-191276b7cec4,,7,2026-10-05T00:17:17.3678235+02:00
support-dedicated,video_animation,PASS,,2,01739962-bad8-4d84-a6bf-ceaba15b4905,,7,2026-10-05T00:20:23.8821460+02:00
support-dedicated,web3,PASS,,2,9cfd59f4-e2a9-4c6b-9b0f-b761cea38c82,,5,2026-10-05T00:23:40.7319887+02:00
support-dedicated,writing_translation,PASS,,2,4ba5f315-773a-407e-b52f-d96cce6e40d7,,6,2026-10-05T00:26:42.3177495+02:00
support-priority,admin_support,PASS,,2,93d6c068-1024-4326-8f0d-4d6c0e2acd74,,871,2026-10-04T20:55:43.7596744+02:00
support-priority,agriculture,PASS,,2,bb95bed5-4af4-466a-92e7-4fc70372ff02,,5,2026-10-04T21:23:56.6607968+02:00
support-priority,ai_data,PASS,,2,61c75113-8dc7-495c-9ab0-bb1562f396cd,,147,2026-10-04T21:36:13.1035987+02:00
support-priority,audio_music,PASS,,2,1bda49a1-b65e-417b-9dee-8a0deab3e043,,197,2026-10-04T21:46:30.4281127+02:00
support-priority,automotive,PASS,,2,8ffb3339-bd39-4f5b-84af-44f1dc35d6ae,,10,2026-10-04T21:51:42.6813984+02:00
support-priority,beauty,PASS,,2,03f8805a-5564-43d4-8483-368251ec3fbc,,9,2026-10-04T21:55:13.8785708+02:00
support-priority,business_consulting,PASS,,2,697f26ce-fb04-474a-a184-75cd4b5124f7,,5,2026-10-04T21:58:35.1711282+02:00
support-priority,community_moderation,PASS,,2,053c9cdd-9c2c-4a9d-845c-16ecff8333f8,,5,2026-10-04T22:01:34.4990281+02:00
support-priority,construction,PASS,,2,1a662a6b-8ffc-4e52-ad04-a299b21f949d,,5,2026-10-04T22:06:00.4445750+02:00
support-priority,creator_services,PASS,,2,24a66269-c8dd-41d2-a270-926e54908ca6,,5,2026-10-04T22:14:31.9571073+02:00
support-priority,customer_service,PASS,,2,b0029c3f-8899-4e45-a70b-2db833f01fd2,,5,2026-10-04T22:17:52.4177487+02:00
support-priority,design_creative,PASS,,2,a55843bc-6c97-4fa4-8d84-6d59376ef9fe,,5,2026-10-04T22:20:48.2282609+02:00
support-priority,development_it,PASS,,2,f73ba0d1-b551-4469-8a9e-22758c4c803a,,28,2026-10-04T22:24:16.4329181+02:00
support-priority,ecommerce,PASS,,2,0947d116-ad2f-482e-9e90-845b41e6daa4,,6,2026-10-04T22:27:20.9894645+02:00
support-priority,education,PASS,,2,c0333299-8822-4e13-863d-17422de068a7,,5,2026-10-04T22:30:18.4852247+02:00
support-priority,education_training,PASS,,2,3ebecbab-98c4-4ac9-a7aa-2f4af0626574,,5,2026-10-04T22:33:14.0284532+02:00
support-priority,energy,PASS,,2,ee8a4791-c353-4263-9089-624567617c2a,,5,2026-10-04T22:36:13.7992056+02:00
support-priority,engineering_architecture,PASS,,2,0132e5a8-e531-4561-9213-6b693d43f613,,5,2026-10-04T22:39:18.8055690+02:00
support-priority,engineering_science,PASS,,2,be9a2589-d5a3-4e94-a9bf-06c1ae9b1271,,10,2026-10-04T22:42:22.7309473+02:00
support-priority,entertainment,PASS,,2,c4cb6084-b33f-4074-8805-56d10805d0fa,,6,2026-10-04T22:45:23.1049967+02:00
support-priority,finance,PASS,,2,46ff435a-76b1-40ca-a80e-8b7a930b5fc0,,5,2026-10-04T22:48:27.5225508+02:00
support-priority,finance_accounting,PASS,,2,df5ceb1f-a097-4167-a196-f86fd6e011d8,,5,2026-10-04T22:51:49.1189037+02:00
support-priority,fitness,PASS,,2,ec6225de-799f-4ae7-b28e-59bb21eb0c98,,6,2026-10-04T22:54:56.9923974+02:00
support-priority,government,PASS,,2,14be7fd6-8ba1-49ba-86d7-4b6f6da5fee2,,6,2026-10-04T22:57:58.3807660+02:00
support-priority,healthcare,PASS,,2,ac34b573-18e8-4ad1-a4f2-63722468164a,,10,2026-10-04T23:01:04.8955594+02:00
support-priority,home_services,PASS,,2,6ecf6c53-bc52-4aa7-968d-f0334854d6fb,,95,2026-10-04T23:05:36.4959644+02:00
support-priority,hospitality,PASS,,2,1da3a052-0e9d-4d26-87c7-503fde9a12be,,8,2026-10-04T23:08:34.0684795+02:00
support-priority,hr_recruiting,PASS,,2,582d87ab-0366-40ee-a558-b9184f77d8fa,,216,2026-10-04T23:15:22.9219387+02:00
support-priority,industrial,PASS,,2,97d155a1-9369-40d8-a3b8-07f938f9e64a,,9,2026-10-04T23:20:02.7504149+02:00
support-priority,legal,PASS,,2,8106dff7-317d-4a18-b9c4-72b01503f39a,,9,2026-10-04T23:23:12.4353981+02:00
support-priority,legal_services,PASS,,2,ad0dcc9e-95aa-4749-90e6-d6d78c94e378,,8,2026-10-04T23:26:19.4980243+02:00
support-priority,localization,PASS,,2,f1382cb2-d08f-4f35-933d-32e51afc9e6a,,6,2026-10-04T23:29:28.6155639+02:00
support-priority,logistics,PASS,,2,ef899b7e-9b52-4e04-a203-e3fa5e6679d7,,6,2026-10-04T23:32:31.2488614+02:00
support-priority,manufacturing,PASS,,2,f912461e-342b-4a88-8c1d-5d9b0e4fda8d,,12,2026-10-04T23:35:40.0160348+02:00
support-priority,marketing,PASS,,2,8c07f79e-7ebf-4680-bc74-f19b27d4751d,,8,2026-10-04T23:39:07.8769084+02:00
support-priority,media,PASS,,2,08c402c0-5180-4a4d-83a6-9b9d1f60950f,,20,2026-10-04T23:42:28.4070061+02:00
support-priority,nonprofit,PASS,,2,55b53615-8ec5-4728-bf2a-a4057a7ec163,,7,2026-10-04T23:45:33.3625230+02:00
support-priority,pets,PASS,,2,bb8402a8-ef15-4992-80e3-8609ffdcd2b7,,7,2026-10-04T23:48:45.0571174+02:00
support-priority,photography,PASS,,2,db012f8a-ab46-406b-9c9e-cf44322f5c9c,,5,2026-10-04T23:51:49.4095289+02:00
support-priority,product_project_management,PASS,,2,4eabb66d-9279-42d9-a956-bd97c429dfbb,,8,2026-10-04T23:54:54.7645163+02:00
support-priority,professional,PASS,,2,8dad7540-d8af-45d9-83d2-c1c783148d0a,,8,2026-10-04T23:58:01.7106478+02:00
support-priority,real_estate_services,PASS,,2,aed77db1-9772-451a-b879-bd5e8fbbfc01,,6,2026-10-05T00:04:28.9425778+02:00
support-priority,real-estate,PASS,,2,12e449c8-df20-400a-8ad6-615d5100fc10,,5,2026-10-05T00:01:18.2496689+02:00
support-priority,retail,PASS,,2,ecdc18a4-2845-450f-979a-e1202a2fc136,,8,2026-10-05T00:07:28.2282143+02:00
support-priority,sales,PASS,,2,6d618ec5-ffbd-490c-aa39-0aa9b60aefad,,8,2026-10-05T00:10:29.1135518+02:00
support-priority,technology,PASS,,2,efc948d6-1bec-46d5-ac64-66fd9201d159,,5,2026-10-05T00:13:34.0078157+02:00
support-priority,travel,PASS,,2,9ba407b2-0fd9-4c92-80aa-5e19efff0963,,5,2026-10-05T00:16:36.2153603+02:00
support-priority,video_animation,PASS,,2,aba16f61-c1ca-46c8-94c2-c21039414fc1,,6,2026-10-05T00:19:43.2026101+02:00
support-priority,web3,PASS,,2,58f0939f-5337-4f2b-89d1-34bcf43c10ce,,8,2026-10-05T00:23:05.5046945+02:00
support-priority,writing_translation,PASS,,2,e10f5fc3-ac32-4a78-b252-ea9abba6d058,,5,2026-10-05T00:26:06.7083712+02:00
vertical-package,admin_support,PASS,,2,f49bd2e5-f1c1-4ba8-9cc2-743a97c342fe,,696,2026-10-04T21:08:45.1001808+02:00
vertical-package,agriculture,FAIL,,0,93e528b5-36dd-4fcc-8a4b-2f4af3f79166,The remote server returned an error: (500) Internal Server Error.,172,2026-10-04T21:27:29.1117357+02:00
vertical-package,ai_data,PASS,,2,df5b0b8c-86f9-475a-a624-33985fe63f41,,34,2026-10-04T21:37:16.1398872+02:00
vertical-package,audio_music,PASS,,2,eaecf5a9-df42-4a10-9593-392531c73298,,197,2026-10-04T21:46:30.3892866+02:00
vertical-package,automotive,FAIL,,0,87162d85-f65c-49a4-9ec2-19331c092baa,The remote server returned an error: (500) Internal Server Error.,83,2026-10-04T21:50:55.9276136+02:00
vertical-package,beauty,PASS,,2,25f1be61-595d-452f-93a1-cf2aabe14160,,5,2026-10-04T21:54:29.1923432+02:00
vertical-package,business_consulting,PASS,,2,d3392513-88eb-45cb-a37e-8ce7dca9d377,,6,2026-10-04T21:58:09.2572200+02:00
vertical-package,community_moderation,PASS,,2,55dd363b-4386-48ea-af4e-d05141d62214,,6,2026-10-04T22:01:09.6343598+02:00
vertical-package,construction,PASS,,2,0493efb3-48e1-4c77-ac57-3f9f74b15fdc,,5,2026-10-04T22:04:07.5870195+02:00
vertical-package,creator_services,PASS,,2,2162e45f-2372-4f4e-869a-1f007b935738,,44,2026-10-04T22:08:04.2620242+02:00
vertical-package,customer_service,PASS,,2,72c4eadf-fc8b-464f-8ad0-af4ed42c9aa3,,24,2026-10-04T22:16:36.5630087+02:00
vertical-package,design_creative,PASS,,2,38afbc7b-07f1-41ca-a3d0-1dd3e54c6f28,,5,2026-10-04T22:19:47.0266175+02:00
vertical-package,development_it,PASS,,2,c296038b-8a42-4b14-82ad-db86d8cbfa7c,,11,2026-10-04T22:22:58.5575049+02:00
vertical-package,ecommerce,PASS,,2,8af630f2-e901-4935-b252-797617164aec,,6,2026-10-04T22:26:12.5867308+02:00
vertical-package,education,PASS,,2,214a1ca8-24a8-4264-ae3c-af0a604db9c6,,5,2026-10-04T22:29:17.7670337+02:00
vertical-package,education_training,PASS,,2,e0fa2830-e690-4f0d-8938-c7d2bccc319f,,5,2026-10-04T22:32:20.6668176+02:00
vertical-package,energy,PASS,,2,d2c881df-6833-41be-974d-5b0475b3c76b,,5,2026-10-04T22:35:19.8723416+02:00
vertical-package,engineering_architecture,PASS,,2,ce6dc280-e3e5-49e5-9ba6-814472c175fa,,5,2026-10-04T22:38:22.1360635+02:00
vertical-package,engineering_science,PASS,,2,43ce1649-aceb-4319-95f8-5bababdec6b1,,5,2026-10-04T22:41:23.3348749+02:00
vertical-package,entertainment,PASS,,2,09a32fd9-ea9e-42fd-a777-31f0a53cf710,,6,2026-10-04T22:44:22.2217314+02:00
vertical-package,finance,PASS,,2,9f61a75f-8132-413c-989e-54942c034c4c,,6,2026-10-04T22:47:33.2764893+02:00
vertical-package,finance_accounting,PASS,,2,43b6c022-e2b3-482b-a9aa-a7d959d36c0e,,9,2026-10-04T22:50:56.1604582+02:00
vertical-package,fitness,PASS,,2,3ec60f08-d2ef-46d6-9afb-9942f97ea292,,5,2026-10-04T22:54:06.8235267+02:00
vertical-package,government,PASS,,2,44480b07-063b-4dee-a386-464c5a4bb591,,5,2026-10-04T22:57:13.2357033+02:00
vertical-package,healthcare,PASS,,2,7a29de3d-3780-4ec7-b4f8-4ba995351876,,5,2026-10-04T23:00:13.7146846+02:00
vertical-package,home_services,PASS,,2,3d97adec-b997-4ed0-a344-6791d6579a00,,5,2026-10-04T23:03:14.1160915+02:00
vertical-package,hospitality,PASS,,2,192564b7-66c0-4917-abc3-e550d308a190,,5,2026-10-04T23:06:11.2990087+02:00
vertical-package,hr_recruiting,PASS,,2,6e407908-d15c-42b9-a85a-59e8100bf75b,,5,2026-10-04T23:09:19.1784378+02:00
vertical-package,industrial,PASS,,2,3beb3ad3-7aa8-4df1-aeac-8a962a8da3cf,,115,2026-10-04T23:16:18.6323872+02:00
vertical-package,legal,PASS,,2,280fcccd-3b1e-41e3-b814-1ea187e7a604,,9,2026-10-04T23:20:02.7861482+02:00
vertical-package,legal_services,PASS,,2,712d9ad1-52a0-4672-b038-0e3d4da97686,,8,2026-10-04T23:23:20.8084528+02:00
vertical-package,localization,PASS,,2,e3d33c3e-d58f-4c01-b56e-48b2f3585022,,8,2026-10-04T23:26:28.1566578+02:00
vertical-package,logistics,PASS,,2,97e8355c-e688-4682-9c5e-7537785af34d,,6,2026-10-04T23:29:39.8029690+02:00
vertical-package,manufacturing,PASS,,2,87b27934-121e-4eae-bb65-0b1f91e3896a,,5,2026-10-04T23:32:42.8570801+02:00
vertical-package,marketing,PASS,,2,9e7cb3d7-0879-469f-be76-5254327e71f3,,7,2026-10-04T23:35:44.8023729+02:00
vertical-package,media,PASS,,2,72559394-d1c7-4a93-ba7b-28775ab17fae,,5,2026-10-04T23:39:02.2862297+02:00
vertical-package,nonprofit,PASS,,2,21b41249-10ab-4c27-901b-3a0380372f95,,5,2026-10-04T23:41:59.8915321+02:00
vertical-package,pets,PASS,,2,64460148-5a01-4da9-baff-77e7c0e35e73,,6,2026-10-04T23:45:17.2382259+02:00
vertical-package,photography,PASS,,2,d4e058ed-799b-445a-b1f0-27bcbaf896bc,,7,2026-10-04T23:48:21.8374190+02:00
vertical-package,product_project_management,PASS,,2,aa7f96b2-c82c-4eb0-ada5-03f84fc7df67,,6,2026-10-04T23:51:28.2081652+02:00
vertical-package,professional,PASS,,2,d9fe7add-6d12-459a-8e5a-79e37aff6243,,6,2026-10-04T23:54:27.3138073+02:00
vertical-package,real_estate_services,PASS,,2,c15acc46-19dc-41a9-b639-04c79972d16f,,5,2026-10-05T00:01:13.1288996+02:00
vertical-package,real-estate,PASS,,2,f1fb0d77-d5ae-4577-a194-f9d7725fbc17,,15,2026-10-04T23:57:44.4288298+02:00
vertical-package,retail,PASS,,2,c5f55978-f646-45d6-8aa8-fbf6bb43cd0e,,7,2026-10-05T00:04:38.3886382+02:00
vertical-package,sales,PASS,,2,dbd35eaa-ced9-481b-99b5-636195c9ceca,,9,2026-10-05T00:07:39.5655843+02:00
vertical-package,technology,PASS,,2,acd106a7-1ffd-4545-ab4e-9c8ad162aafd,,5,2026-10-05T00:10:40.9456644+02:00
vertical-package,travel,PASS,,2,86e17bce-9901-4dc1-ad0a-31abfe519956,,13,2026-10-05T00:13:48.4788369+02:00
vertical-package,video_animation,PASS,,2,0acf5dce-9063-46f4-84f9-d57eacfe2f9c,,5,2026-10-05T00:16:46.5074070+02:00
vertical-package,web3,PASS,,2,63269bf7-1f79-4241-9778-46f640608e5c,,7,2026-10-05T00:19:53.8345561+02:00
vertical-package,writing_translation,PASS,,2,122b1783-ad1a-4cf1-aae8-d3657bdc5743,,8,2026-10-05T00:23:05.4578855+02:00
website-business,admin_support,PASS,,0,99e23302-dd15-46a6-ae09-7115ac5fce84,,308,2026-10-04T21:19:00.5180223+02:00
website-business,agriculture,PASS,,0,b0e40d0a-7af1-456c-8ff6-c3ecef0bebbf,,91,2026-10-04T21:32:37.6022235+02:00
website-business,ai_data,PASS,,0,4df5ba98-4967-462d-9e42-a2c2ce14872e,,17,2026-10-04T21:40:47.2887100+02:00
website-business,audio_music,PASS,,0,0938605a-4e1b-408e-b15f-1c5599306e3c,,17,2026-10-04T21:48:49.3197952+02:00
website-business,automotive,PASS,,0,569e80eb-1979-47fa-a457-98fd10f9fee6,,6,2026-10-04T21:53:58.8943993+02:00
website-business,beauty,PASS,,0,6289326b-122e-4bd1-976a-911db5dfffd1,,7,2026-10-04T21:57:24.8433886+02:00
website-business,business_consulting,PASS,,0,c887b5c6-ccf7-45dd-93fa-344c3ec6675c,,6,2026-10-04T22:00:23.0843385+02:00
website-business,community_moderation,PASS,,0,50c2060b-4156-4e12-967f-76bf9758e68b,,95,2026-10-04T22:04:50.8031734+02:00
website-business,construction,PASS,,0,067c7aec-8c35-406a-8cc3-ae900ad19f8f,,75,2026-10-04T22:09:06.4626893+02:00
website-business,creator_services,PASS,,0,31fc2ba4-654f-42ff-afac-016b453b601e,,14,2026-10-04T22:16:36.3449523+02:00
website-business,customer_service,PASS,,0,0645796b-4638-4a80-b847-b618b31fc34b,,5,2026-10-04T22:19:37.0478059+02:00
website-business,design_creative,PASS,,0,e797fd0f-1e4e-40e6-b483-30eb13140bc3,,5,2026-10-04T22:22:34.1164499+02:00
website-business,development_it,PASS,,0,28d91fc9-ab8d-4bd7-afb4-77b5122ba614,,5,2026-10-04T22:26:07.9327858+02:00
website-business,ecommerce,PASS,,0,c8f4fc09-9ef2-488c-95c1-5a9515b91a0e,,6,2026-10-04T22:29:07.4647980+02:00
website-business,education,PASS,,0,0f44a4e7-a98d-436b-81f8-40024b733dba,,10,2026-10-04T22:32:07.8371068+02:00
website-business,education_training,PASS,,0,1299563b-9de3-441d-9d0a-f66e03f4c680,,5,2026-10-04T22:35:02.5264292+02:00
website-business,energy,PASS,,0,d10471c1-a156-4249-97dd-142e069cf28c,,7,2026-10-04T22:38:06.0511260+02:00
website-business,engineering_architecture,PASS,,0,dae9e81f-7764-4f59-b55b-b19caeb7e23e,,6,2026-10-04T22:41:06.4267579+02:00
website-business,engineering_science,PASS,,0,18d79ba3-748a-4937-9248-cba32332c506,,5,2026-10-04T22:44:11.1881855+02:00
website-business,entertainment,PASS,,0,0f0d564b-3b46-4c34-91af-a0f559867ff4,,8,2026-10-04T22:47:15.7144331+02:00
website-business,finance,PASS,,0,ebb30ca9-e14a-4e0c-95e5-a37ede03a20d,,5,2026-10-04T22:50:38.6874721+02:00
website-business,finance_accounting,PASS,,0,bc662b93-2023-411c-9c35-a35e2472a39d,,5,2026-10-04T22:53:45.1757286+02:00
website-business,fitness,PASS,,0,c2d1f7a4-6aaa-4e52-9234-61bed9949a32,,5,2026-10-04T22:56:44.0603052+02:00
website-business,government,PASS,,0,65334699-fb1e-42db-bcdf-e67676b15bd9,,5,2026-10-04T22:59:48.6696670+02:00
website-business,healthcare,PASS,,0,721b8a4e-cad3-4bbc-b19f-37fdbe5fc69e,,5,2026-10-04T23:02:56.0755920+02:00
website-business,home_services,FAIL,,0,580f365f-9e2e-41a0-bd26-7281258e3621,The remote server returned an error: (500) Internal Server Error.,1,2026-10-04T23:07:21.0477496+02:00
website-business,hospitality,PASS,,0,8109449f-4306-48c3-8309-fb573a728560,,14,2026-10-04T23:10:31.3885465+02:00
website-business,hr_recruiting,PASS,,0,561a1aa8-a6b7-4064-8e97-9458dfbbcf89,,23,2026-10-04T23:18:37.8678992+02:00
website-business,industrial,PASS,,0,dde7cc98-9ace-41d5-af2f-e35ed295025d,,6,2026-10-04T23:21:57.0981191+02:00
website-business,legal,PASS,,0,b52f6467-ed17-4a67-8c63-370e999d3a94,,6,2026-10-04T23:25:05.2408364+02:00
website-business,legal_services,PASS,,0,fa78a46c-82e7-400d-b530-4ac6784453c0,,8,2026-10-04T23:28:13.8567392+02:00
website-business,localization,PASS,,0,6110ab7d-59be-4971-ba29-c3199f05763a,,5,2026-10-04T23:31:19.5513116+02:00
website-business,logistics,PASS,,0,3f9e73c8-1d31-4c44-a3a0-527205173488,,6,2026-10-04T23:34:20.7692134+02:00
website-business,manufacturing,PASS,,0,0af21ac4-c72d-4590-8ed2-68b37b07ab36,,27,2026-10-04T23:37:53.2748736+02:00
website-business,marketing,PASS,,0,99cd419a-705c-40c5-91f1-1d6a7a034550,,6,2026-10-04T23:41:03.1163851+02:00
website-business,media,PASS,,0,878501d4-8330-487c-884f-b8850c7b4ca3,,5,2026-10-04T23:44:17.7146825+02:00
website-business,nonprofit,PASS,,0,fad11425-4302-4ec5-bd9a-f5f5f7c9e61b,,11,2026-10-04T23:47:29.7781280+02:00
website-business,pets,PASS,,0,56fbfa6a-fb52-4a74-abe4-8da63bc2c7cc,,6,2026-10-04T23:50:38.6699440+02:00
website-business,photography,PASS,,0,9735ab1c-dddc-43de-8956-3fd52b3ad24d,,6,2026-10-04T23:53:38.2321393+02:00
website-business,product_project_management,PASS,,0,4ef99fb0-4dba-4e3d-b98c-f7f6cf954088,,7,2026-10-04T23:56:46.4703808+02:00
website-business,professional,PASS,,0,7972a4b2-3a45-4f14-a702-4d71374eaaef,,7,2026-10-04T23:59:51.1199428+02:00
website-business,real_estate_services,PASS,,0,be91e503-cd51-465c-ad87-62e0612a0895,,5,2026-10-05T00:06:13.9968908+02:00
website-business,real-estate,PASS,,0,af868a5f-5840-477c-b483-bce78b33a770,,9,2026-10-05T00:03:15.1569336+02:00
website-business,retail,PASS,,0,f3d93fee-a33b-43a3-9a1f-064c46ea4990,,5,2026-10-05T00:09:13.6208285+02:00
website-business,sales,PASS,,0,566c6a07-0286-4509-97c8-11e1d078b461,,12,2026-10-05T00:12:23.3311734+02:00
website-business,technology,PASS,,0,440d0db3-7c14-418f-a284-2aa4d2d81d58,,5,2026-10-05T00:15:21.9309800+02:00
website-business,travel,PASS,,0,0d86830e-9897-4cbe-9825-6689250d1cb4,,6,2026-10-05T00:18:29.3313295+02:00
website-business,video_animation,PASS,,0,18cf61da-e330-47f5-9790-2651e97fa84c,,6,2026-10-05T00:21:37.8976664+02:00
website-business,web3,PASS,,0,7a90758d-dfb6-47ff-9a90-3592e37dc49c,,7,2026-10-05T00:24:56.5993172+02:00
website-business,writing_translation,PASS,,0,9a3b49fe-62c1-4554-b638-08de22d910b6,,6,2026-10-05T00:27:53.4278154+02:00
website-ecommerce,admin_support,PASS,,0,d297a82f-cdcc-4046-bf60-7983a3b25364,,1192,2026-10-04T20:38:45.7678633+02:00
website-ecommerce,agriculture,PASS,,0,e80fe4bd-d456-4af4-95fc-656a2d552aca,,309,2026-10-04T21:19:00.5362251+02:00
website-ecommerce,ai_data,PASS,,0,b9a82e7f-56ef-476c-bad5-10f81bc26aa2,,103,2026-10-04T21:32:37.9465514+02:00
website-ecommerce,audio_music,PASS,,0,8da3701a-bc7c-437b-b116-88c8a72b0a6e,,35,2026-10-04T21:39:55.2813237+02:00
website-ecommerce,automotive,FAIL,,0,58047041-5a08-4f21-954f-7e41cacb7053,The remote server returned an error: (500) Internal Server Error.,1,2026-10-04T21:47:45.8902391+02:00
website-ecommerce,beauty,PASS,,0,d44ac97e-6efe-4e36-ba1f-efe8fbe78233,,34,2026-10-04T21:52:47.7990377+02:00
website-ecommerce,business_consulting,PASS,,0,8d622456-b3a3-48b8-8074-bc7e76015626,,26,2026-10-04T21:56:12.7949462+02:00
website-ecommerce,community_moderation,PASS,,0,5e1bbcd3-5387-49ce-8bde-1795b4fa53a2,,5,2026-10-04T21:59:19.8517546+02:00
website-ecommerce,construction,PASS,,0,a0457760-f682-4750-b093-3c8ee0c790b8,,5,2026-10-04T22:02:20.5955301+02:00
website-ecommerce,creator_services,PASS,,0,271e63aa-603a-44fa-b650-a5a6cd85c7c0,,9,2026-10-04T22:05:35.3459151+02:00
website-ecommerce,customer_service,PASS,,0,5dcf21ac-ec4e-4d79-a2cd-e865ae6bc4b0,,5,2026-10-04T22:14:30.9338084+02:00
website-ecommerce,design_creative,PASS,,0,c20db014-3168-4706-8436-340c01dd7ef8,,5,2026-10-04T22:17:57.4068162+02:00
website-ecommerce,development_it,PASS,,0,86cefb1c-31a9-489e-87af-6eb80832f517,,5,2026-10-04T22:20:57.1368250+02:00
website-ecommerce,ecommerce,PASS,,0,27745b64-9097-4a2e-b3ba-0a4ea2f543b8,,11,2026-10-04T22:24:22.4836327+02:00
website-ecommerce,education,PASS,,0,ad4e32d8-edb1-4c91-9dcd-2afe3ec1f05d,,9,2026-10-04T22:27:32.9298086+02:00
website-ecommerce,education_training,PASS,,0,5a751065-04af-4908-a7e4-3287559e8fab,,5,2026-10-04T22:30:31.9057863+02:00
website-ecommerce,energy,PASS,,0,0ad4541d-7e13-4617-8a31-943076f65f89,,5,2026-10-04T22:33:34.8174413+02:00
website-ecommerce,engineering_architecture,PASS,,0,30ac990d-f1c1-4dde-a964-a944eb449c04,,5,2026-10-04T22:36:33.7602033+02:00
website-ecommerce,engineering_science,PASS,,0,1f226663-8de9-47b3-b213-3c9cca055b0a,,5,2026-10-04T22:39:36.8338594+02:00
website-ecommerce,entertainment,PASS,,0,266116e8-64d1-402b-88fe-ab085726b2c6,,6,2026-10-04T22:42:35.1776025+02:00
website-ecommerce,finance,PASS,,0,3a6e7117-5551-45b7-a489-c31bad7de5c6,,6,2026-10-04T22:45:39.3070362+02:00
website-ecommerce,finance_accounting,PASS,,0,6287eb16-0c94-4fda-87ff-2633fcc45421,,6,2026-10-04T22:48:48.6803813+02:00
website-ecommerce,fitness,PASS,,0,8fba053b-ec1a-496c-be79-5e88a1abeedf,,7,2026-10-04T22:52:18.2330134+02:00
website-ecommerce,government,PASS,,0,8ccdfaec-11c4-4826-a97c-768df68c6527,,5,2026-10-04T22:55:21.5351947+02:00
website-ecommerce,healthcare,PASS,,0,49f68a7d-b2dd-41a0-9a7d-3cdf1a29b697,,5,2026-10-04T22:58:27.6341268+02:00
website-ecommerce,home_services,PASS,,0,285a60af-28bb-4399-8a0b-844b5260f3e0,,5,2026-10-04T23:01:27.6711682+02:00
website-ecommerce,hospitality,PASS,,0,93af439a-241f-47e1-b487-30c04d9fd937,,5,2026-10-04T23:04:23.8047908+02:00
website-ecommerce,hr_recruiting,PASS,,0,687d6d1e-1739-4f80-84bc-4dc941ad0df2,,6,2026-10-04T23:07:26.6609316+02:00
website-ecommerce,industrial,PASS,,0,fb3afc62-c3d5-43b1-a048-5a40f5e23942,,20,2026-10-04T23:11:01.2906597+02:00
website-ecommerce,legal,PASS,,0,76d602a7-1195-404d-97b2-278a5a5f0eda,,6,2026-10-04T23:17:50.2300971+02:00
website-ecommerce,legal_services,PASS,,0,25ea97e6-2db2-4967-9edb-002ee5c1d723,,7,2026-10-04T23:21:20.9191289+02:00
website-ecommerce,localization,PASS,,0,7ed5563d-555c-490b-9849-8eabe9cd81da,,5,2026-10-04T23:24:38.8636215+02:00
website-ecommerce,logistics,PASS,,0,fb320687-4a89-4c80-b8b1-7c30f4dc6570,,6,2026-10-04T23:27:48.4870116+02:00
website-ecommerce,manufacturing,PASS,,0,4ef1693d-32a2-4f1e-99b1-d395aca0c544,,9,2026-10-04T23:30:53.3847524+02:00
website-ecommerce,marketing,PASS,,0,d0945b2a-b456-4ff7-bafb-330a77dde6c0,,5,2026-10-04T23:33:57.3319028+02:00
website-ecommerce,media,PASS,,0,0bf327f7-5686-430d-96d7-9b4709189571,,8,2026-10-04T23:37:06.6899296+02:00
website-ecommerce,nonprofit,PASS,,0,5a43ecb5-cf89-4870-83a1-b2c29db2b75a,,7,2026-10-04T23:40:13.9853431+02:00
website-ecommerce,pets,PASS,,0,4ae50ff3-1f8b-4e67-aae0-2c883626103d,,14,2026-10-04T23:43:31.0204633+02:00
website-ecommerce,photography,PASS,,0,4c76f481-add8-4b2f-bdf4-496caf1bda22,,5,2026-10-04T23:46:27.5628800+02:00
website-ecommerce,product_project_management,PASS,,0,2a35ac1b-0198-4320-9f0e-8c15e2345753,,12,2026-10-04T23:49:40.6223723+02:00
website-ecommerce,professional,PASS,,0,6aedc842-ea2a-4a17-9ef1-b41ae741ecc7,,5,2026-10-04T23:52:39.6344060+02:00
website-ecommerce,real_estate_services,PASS,,0,7ba5324d-3485-4721-aafe-6c56b8fe0b2b,,5,2026-10-04T23:59:00.7698935+02:00
website-ecommerce,real-estate,PASS,,0,2536689b-ed9a-4c17-b9e4-4609466230bb,,5,2026-10-04T23:55:45.0810234+02:00
website-ecommerce,retail,PASS,,0,c8da44d6-872a-497d-be08-1e84486c8d5c,,12,2026-10-05T00:02:41.4394838+02:00
website-ecommerce,sales,PASS,,0,6d45fdb2-88c9-44a8-babc-ea7f7a6ec43d,,5,2026-10-05T00:05:49.9197455+02:00
website-ecommerce,technology,PASS,,0,bc28c60b-e714-4f46-b860-8bede11b69b6,,6,2026-10-05T00:08:51.7525889+02:00
website-ecommerce,travel,PASS,,0,a5ccf563-3d0b-4ddb-ba22-721cfa34c15f,,5,2026-10-05T00:11:51.3708700+02:00
website-ecommerce,video_animation,PASS,,0,25def2de-97c7-47a2-9eda-225d077c4a12,,5,2026-10-05T00:15:00.8409174+02:00
website-ecommerce,web3,PASS,,0,b89b6445-3cea-4a71-9ae8-ea880fe55550,,6,2026-10-05T00:17:59.3153299+02:00
website-ecommerce,writing_translation,PASS,,0,aed669f1-a427-48f8-86b2-789300f00fd2,,6,2026-10-05T00:21:06.6531237+02:00
white-label-setup,admin_support,PASS,,2,729e0ba7-89f9-47d9-a113-e08287d098dc,,458,2026-10-04T20:47:06.9022811+02:00
white-label-setup,agriculture,PASS,,2,2d949ff8-c931-4489-9133-8e1152fe147c,,224,2026-10-04T21:23:21.2842291+02:00
white-label-setup,ai_data,PASS,,2,da0a6fc9-d470-40f9-afb6-4e4a74a1de8e,,7,2026-10-04T21:33:14.8982688+02:00
white-label-setup,audio_music,FAIL,,0,82812f48-148d-4f93-9415-b7a6a801e3d0,The remote server returned an error: (500) Internal Server Error.,15,2026-10-04T21:40:43.7526819+02:00
white-label-setup,automotive,PASS,,2,db7f3b60-3601-44f7-bfde-98abadc503f2,,5,2026-10-04T21:48:21.0243100+02:00
white-label-setup,beauty,PASS,,2,fab3b17b-6fbd-43d3-8ce3-adbb0aee464a,,5,2026-10-04T21:53:23.0588592+02:00
white-label-setup,business_consulting,PASS,,2,653c420c-5577-48e3-b703-0785fe19151e,,9,2026-10-04T21:56:51.6572109+02:00
white-label-setup,community_moderation,PASS,,2,a581d28a-a026-4577-8b2e-5a50dc880fe1,,9,2026-10-04T21:59:58.6105048+02:00
white-label-setup,construction,PASS,,2,36ac0a47-8538-456e-a6a3-adc41fe688af,,6,2026-10-04T22:02:56.7534198+02:00
white-label-setup,creator_services,PASS,,2,51234c28-68aa-41b3-b8a7-3e195c95c6d5,,6,2026-10-04T22:06:11.1687889+02:00
white-label-setup,customer_service,PASS,,2,90d131ce-a03c-43d2-b2df-4ab64610c312,,6,2026-10-04T22:15:06.4659228+02:00
white-label-setup,design_creative,PASS,,2,e4a35997-6fb7-4f2f-90a3-bceaa0e0ba75,,8,2026-10-04T22:18:35.8624212+02:00
white-label-setup,development_it,PASS,,2,4125e4aa-17ab-4c19-ad23-508d623f1658,,8,2026-10-04T22:21:37.1059530+02:00
white-label-setup,ecommerce,PASS,,2,b79d44f7-c29a-4924-ad1f-2fad9cafdfcf,,6,2026-10-04T22:24:58.7241526+02:00
white-label-setup,education,PASS,,2,8e3c595c-f660-42fb-8333-bc0e59ef7e1f,,5,2026-10-04T22:28:08.1256414+02:00
white-label-setup,education_training,PASS,,2,aec1e024-d00c-4584-9f86-14237bb10474,,5,2026-10-04T22:31:07.0495443+02:00
white-label-setup,energy,PASS,,2,7805f644-b794-40cc-a8b2-182fc2091d21,,5,2026-10-04T22:34:09.7658710+02:00
white-label-setup,engineering_architecture,PASS,,2,084d45c9-1993-45cc-8b45-df62cf43487a,,6,2026-10-04T22:37:12.5770849+02:00
white-label-setup,engineering_science,PASS,,2,1cc5c995-b6cc-45bb-8a28-5bf87c83841d,,5,2026-10-04T22:40:11.8956283+02:00
white-label-setup,entertainment,PASS,,2,4537be11-631b-405b-be5d-60dd9388fd8c,,5,2026-10-04T22:43:10.2751434+02:00
white-label-setup,finance,PASS,,2,43fd0e4f-28ec-4dbf-8a6d-f5c8db726a14,,9,2026-10-04T22:46:18.6746561+02:00
white-label-setup,finance_accounting,PASS,,2,9d2fbca6-f222-4d68-8ce9-b325980acba2,,9,2026-10-04T22:49:27.8508219+02:00
white-label-setup,fitness,PASS,,2,dd0ecade-bab5-401b-a1bc-ef2ebb89f195,,8,2026-10-04T22:52:56.8867970+02:00
white-label-setup,government,PASS,,2,38991c27-12f4-4eb3-8998-d6c04fa64395,,6,2026-10-04T22:55:59.1996295+02:00
white-label-setup,healthcare,PASS,,2,52c8d7cb-8eb0-4668-863e-b9cfdec75c5f,,5,2026-10-04T22:59:03.4188330+02:00
white-label-setup,home_services,PASS,,2,f1c1d812-0563-4617-a263-f9c652e29965,,7,2026-10-04T23:02:04.5483439+02:00
white-label-setup,hospitality,PASS,,2,55541b46-b19c-408b-ba30-1010b2ec3920,,6,2026-10-04T23:04:59.7859287+02:00
white-label-setup,hr_recruiting,PASS,,2,87a7b279-2f2a-4ef3-acdf-b5d31883f720,,11,2026-10-04T23:08:09.0717204+02:00
white-label-setup,industrial,PASS,,2,76b27596-8860-4fb4-82ba-e7a0d9f983c8,,5,2026-10-04T23:11:36.0912387+02:00
white-label-setup,legal,PASS,,2,c2ff3017-2744-421b-a6c7-a917660c9c3e,,17,2026-10-04T23:18:37.8478230+02:00
white-label-setup,legal_services,PASS,,2,179e211e-ddf7-4191-8922-b186a311b125,,6,2026-10-04T23:21:57.0878439+02:00
white-label-setup,localization,PASS,,2,2081329c-d88c-418f-b6bf-6e6ecaffd3de,,5,2026-10-04T23:25:14.9623212+02:00
white-label-setup,logistics,PASS,,2,4211358f-8103-46a5-b83c-e7ad4aa5a9c0,,6,2026-10-04T23:28:24.4228510+02:00
white-label-setup,manufacturing,PASS,,2,696697f4-153a-4219-bf48-defd48c55cbf,,6,2026-10-04T23:31:29.4665641+02:00
white-label-setup,marketing,PASS,,2,17f0d3ec-c343-4c44-b94a-4dfcb9f06c6d,,5,2026-10-04T23:34:32.3536920+02:00
white-label-setup,media,PASS,,2,61f6bba4-ab88-490c-9a14-4084be98a4f8,,16,2026-10-04T23:37:53.2722525+02:00
white-label-setup,nonprofit,PASS,,2,a8739e81-3d2f-44de-8de7-0e40846288ea,,5,2026-10-04T23:40:49.2495811+02:00
white-label-setup,pets,PASS,,2,8a1d3821-7404-4fe9-8b54-8760c729c3f6,,5,2026-10-04T23:44:05.9566438+02:00
white-label-setup,photography,PASS,,2,7733acd0-2a1c-46e1-b1c3-a574edf4f4bf,,5,2026-10-04T23:47:02.5735785+02:00
white-label-setup,product_project_management,PASS,,2,8d02db67-8ad3-4f1b-9d6a-a8ce80df6582,,7,2026-10-04T23:50:17.5473562+02:00
white-label-setup,professional,PASS,,2,4b7f485e-30a1-4ba3-b6c7-2807d9b568bf,,5,2026-10-04T23:53:16.1130090+02:00
white-label-setup,real_estate_services,PASS,,2,8a422e5e-a696-4cb5-b642-dcc10bdf7242,,6,2026-10-04T23:59:36.3666369+02:00
white-label-setup,real-estate,PASS,,2,34729264-ce7c-48be-bd07-59aaf3677958,,9,2026-10-04T23:56:23.9790718+02:00
white-label-setup,retail,PASS,,2,cb38bbde-0f60-499f-a2cb-e4d8b8d3c416,,9,2026-10-05T00:03:20.2876050+02:00
white-label-setup,sales,PASS,,2,119b39de-ae79-4251-b4ed-e3069aa007f2,,5,2026-10-05T00:06:24.6903079+02:00
white-label-setup,technology,PASS,,2,7d65134f-0147-412f-bbe0-01fa3266543c,,7,2026-10-05T00:09:28.7156327+02:00
white-label-setup,travel,PASS,,2,950221fa-4926-45be-86d9-4a7b900b4e67,,6,2026-10-05T00:12:28.8572996+02:00
white-label-setup,video_animation,PASS,,2,a81c0b1e-82e9-434d-83ab-f77c223d1d5a,,5,2026-10-05T00:15:35.8613092+02:00
white-label-setup,web3,PASS,,2,e3951396-5b7a-46af-b154-d793e35b6dc7,,8,2026-10-05T00:18:36.9857258+02:00
white-label-setup,writing_translation,PASS,,2,9e5a6930-d512-46cf-b681-5b62b46ff294,,7,2026-10-05T00:21:43.5855056+02:00
workflow-design,admin_support,PASS,,2,8889d614-558b-4414-b672-75a491ddb09d,,1219,2026-10-04T20:40:24.8551906+02:00
workflow-design,agriculture,PASS,,2,91641efe-0ea3-451b-965d-19e011e1122d,,223,2026-10-04T21:23:19.9786596+02:00
workflow-design,ai_data,PASS,,2,b513b909-c100-42f2-8804-dd09f510ab1d,,8,2026-10-04T21:33:15.9626913+02:00
workflow-design,audio_music,PASS,,2,4e846b37-0d63-445d-82b1-e62b1ee42758,,81,2026-10-04T21:42:42.6143333+02:00
workflow-design,automotive,PASS,,2,083d3c6a-80a5-4f4d-997e-b281d3df3fac,,101,2026-10-04T21:51:02.3046818+02:00
workflow-design,beauty,PASS,,2,227f936c-4923-42e3-b6bc-5769927b8781,,5,2026-10-04T21:54:34.4359693+02:00
workflow-design,business_consulting,PASS,,2,0ff62bb3-15ee-41c6-a1d7-b267f52b1ac9,,5,2026-10-04T21:57:59.9480601+02:00
workflow-design,community_moderation,PASS,,2,8462a95a-ca75-4934-86d0-7f79011dec5f,,5,2026-10-04T22:00:59.1874785+02:00
workflow-design,construction,PASS,,2,1f9061fe-b5a3-4a30-8cb3-d2324d6e59e6,,5,2026-10-04T22:05:25.6204351+02:00
workflow-design,creator_services,PASS,,2,6668b8b1-4f09-4e34-b9f6-368ea854a201,,251,2026-10-04T22:13:56.7427792+02:00
workflow-design,customer_service,PASS,,2,11e934fd-80d4-4267-abc1-3acad8c863a6,,9,2026-10-04T22:17:17.5712390+02:00
workflow-design,design_creative,PASS,,2,43bf8394-feb7-43a5-b7cc-d1291003d668,,6,2026-10-04T22:20:12.6097850+02:00
workflow-design,development_it,PASS,,2,e2c464cb-efa1-4462-9935-a27d5007d2d1,,9,2026-10-04T22:23:13.0037894+02:00
workflow-design,ecommerce,PASS,,2,ee7f2b65-ba40-4e5d-ab80-07bade869c4c,,5,2026-10-04T22:26:43.9314174+02:00
workflow-design,education,PASS,,2,a8bd18d5-1c27-416f-93d5-98c9aba56db3,,5,2026-10-04T22:29:43.2636860+02:00
workflow-design,education_training,FAIL,,0,2fa10b35-bd8f-4414-96d9-9bcfdb3191a2,The remote server returned an error: (500) Internal Server Error.,1,2026-10-04T22:32:38.5181940+02:00
workflow-design,energy,PASS,,2,46724a06-92fe-4528-b11f-1210396ff880,,5,2026-10-04T22:35:38.2958087+02:00
workflow-design,engineering_architecture,PASS,,2,df7fba81-e741-4bf5-a8c4-b047ff66a053,,6,2026-10-04T22:38:44.0557644+02:00
workflow-design,engineering_science,PASS,,2,89edf528-2041-4fb4-a509-363e533fbca4,,6,2026-10-04T22:41:42.4086941+02:00
workflow-design,entertainment,PASS,,2,8dba3ed9-bdec-4dd6-b543-e213db51a2ce,,5,2026-10-04T22:44:46.0331731+02:00
workflow-design,finance,PASS,,2,51e5735c-a053-4c29-accb-618d3b2b05d9,,6,2026-10-04T22:47:52.8529624+02:00
workflow-design,finance_accounting,PASS,,2,48404bb7-5116-4d0d-97f4-03f5e37186f0,,5,2026-10-04T22:51:13.7166606+02:00
workflow-design,fitness,PASS,,2,cffef4a9-4307-4bc4-9ed6-2ed6dbbf5cac,,5,2026-10-04T22:54:20.4392860+02:00
workflow-design,government,PASS,,2,851b094b-e61c-4a67-be75-9724b8fa21d6,,9,2026-10-04T22:57:22.8600834+02:00
workflow-design,healthcare,PASS,,2,a3eeea22-72c5-49e9-8aa3-702ccd539256,,5,2026-10-04T23:00:24.7187890+02:00
workflow-design,home_services,PASS,,2,f33caf23-d1b0-4465-9b76-a9a30e32cd25,,5,2026-10-04T23:03:31.0696648+02:00
workflow-design,hospitality,PASS,,2,dfe8029d-1798-4842-829a-1e5983141406,,5,2026-10-04T23:07:56.2527461+02:00
workflow-design,hr_recruiting,PASS,,2,49fbbe05-a8d6-45df-9239-3923e5be38b3,,10,2026-10-04T23:11:11.6545487+02:00
workflow-design,industrial,PASS,,2,cb486a32-3a79-40de-bc6d-8fb33ae35cc8,,13,2026-10-04T23:19:23.6445006+02:00
workflow-design,legal,FAIL,,0,c2816da0-1838-4ba5-b08f-81f6dbc05c54,The remote server returned an error: (500) Internal Server Error.,3,2026-10-04T23:22:33.7970032+02:00
workflow-design,legal_services,PASS,,2,eff71a80-450e-49c6-b987-ad1cc257e6d7,,6,2026-10-04T23:25:41.1319751+02:00
workflow-design,localization,PASS,,2,63dd1ff0-7bff-436b-b8df-e8a08586aa31,,6,2026-10-04T23:28:51.2845780+02:00
workflow-design,logistics,PASS,,2,3e6314b4-55be-47c7-8d04-6dc80439c14a,,5,2026-10-04T23:31:54.8860963+02:00
workflow-design,manufacturing,PASS,,2,665078ce-3c14-446f-a0ef-28195b54f640,,7,2026-10-04T23:34:58.1713772+02:00
workflow-design,marketing,PASS,,2,c018b5b5-d73c-416f-86a7-4b69c504bb29,,7,2026-10-04T23:38:30.1028059+02:00
workflow-design,media,PASS,,2,751b994f-3713-402a-b292-1c63371c8e57,,5,2026-10-04T23:41:38.2476390+02:00
workflow-design,nonprofit,PASS,,2,2dc0d6d8-d06d-46b4-8b53-13bacde8d66c,,8,2026-10-04T23:44:55.5828169+02:00
workflow-design,pets,PASS,,2,666866c5-34b0-4074-bc8e-ba4972cb813e,,7,2026-10-04T23:48:07.8994895+02:00
workflow-design,photography,PASS,,2,b1569f71-97f4-41fd-b7ac-7205a4f165bc,,6,2026-10-04T23:51:14.3164930+02:00
workflow-design,product_project_management,PASS,,2,138fc451-dbf3-4afb-abd4-5a6eee08587c,,8,2026-10-04T23:54:16.0171956+02:00
workflow-design,professional,PASS,,2,4c48f0b4-c874-44f1-85ee-0df269023c1e,,7,2026-10-04T23:57:23.8494718+02:00
workflow-design,real_estate_services,PASS,,2,6e326544-aeed-4210-990e-3b6739725f29,,7,2026-10-05T00:03:52.5315264+02:00
workflow-design,real-estate,PASS,,2,45b14903-d221-4f9a-aab4-044e2f628a7b,,22,2026-10-05T00:00:43.2401575+02:00
workflow-design,retail,PASS,,2,07310c69-3684-402d-a77b-64ce3a5528fd,,5,2026-10-05T00:06:49.7299730+02:00
workflow-design,sales,PASS,,2,f33d6d0b-99e2-470c-9d4b-79140922ab7b,,6,2026-10-05T00:09:50.2862253+02:00
workflow-design,technology,PASS,,2,4b7a547b-0bf8-4c06-8821-579633fa243c,,6,2026-10-05T00:12:59.3234080+02:00
workflow-design,travel,PASS,,2,f7654fd4-9491-4a88-ad3b-423c71b6bee9,,6,2026-10-05T00:16:00.9002716+02:00
workflow-design,video_animation,PASS,,2,bbbd47f0-22d5-4271-b142-6c4296255a03,,7,2026-10-05T00:19:07.0195430+02:00
workflow-design,web3,PASS,,2,b634f6a7-fe08-4549-a090-b2f2bbebbe68,,13,2026-10-05T00:22:21.6823808+02:00
workflow-design,writing_translation,PASS,,2,1e057310-a577-4bed-80c5-740c83390428,,5,2026-10-05T00:25:31.3685033+02:00
