deliverableId,industryCategory,status,score,artifacts,paymentId,error,elapsedSec,checkedAt
setup-quick,admin_support,PASS,,2,dc532230-ef7c-4153-9926-ca5a5982c17e,"",5,2026-09-22T08:25:15.6598369+02:00
setup-full,admin_support,PASS,,4,1aea6c35-7c43-4c73-a2e4-270c7fd8bcb8,"",7,2026-09-22T08:25:30.4322224+02:00
setup-custom,admin_support,PASS,,3,95a3c7eb-9b52-4498-afb4-bee94a33de0a,"",5,2026-09-22T08:25:42.9880058+02:00
audit,admin_support,PASS,,2,f0a46bb2-c0e4-4e5e-b0d9-7c0c95ee4661,"",5,2026-09-22T08:25:55.8034399+02:00
integration,admin_support,PASS,,3,cd395802-475c-4764-bbd1-bf2e6a979733,"",5,2026-09-22T08:26:08.4959999+02:00
workflow-design,admin_support,PASS,,2,8cd7791e-0aec-4a3e-9983-7e15b969e8fe,"",5,2026-09-22T08:26:21.0265844+02:00
support-priority,admin_support,PASS,,2,1ec85613-f1f9-496e-9f1c-e5a0da32622a,"",5,2026-09-22T08:26:33.6009783+02:00
support-dedicated,admin_support,PASS,,2,7f8a9a36-2add-4723-bb51-4adb51a62367,"",5,2026-09-22T08:26:46.5959447+02:00
landing,admin_support,PASS,,0,ee03a0f7-fd23-4e28-aae4-b48f5eee241c,"",5,2026-09-22T08:26:59.1644675+02:00
website-business,admin_support,PASS,,0,2b3b99f1-7e53-424c-b74f-7a8560ec5b0d,"",365,2026-09-22T08:33:12.4695478+02:00
website-ecommerce,admin_support,PASS,,0,8820ac48-640b-47d8-adbd-62c6719fae4b,"",5,2026-09-22T08:33:25.0454641+02:00
white-label-setup,admin_support,PASS,,2,3a1c927f-e6a1-40f3-9944-a3c79b15fb22,"",5,2026-09-22T08:33:37.6625327+02:00
sales-enablement,admin_support,PASS,,2,2eac2d1c-035c-496f-8b07-1a3e16dd18b8,"",5,2026-09-22T08:33:50.2451538+02:00
vertical-package,admin_support,PASS,,2,c49774cb-e260-49ad-a642-1072b38e7202,"",5,2026-09-22T08:34:02.8759299+02:00
lead-gen-retainer,admin_support,PASS,,3,3fa3b709-6cc4-419d-a879-2f1752d30730,"",5,2026-09-22T08:34:15.4037973+02:00
ai-support-retainer,admin_support,PASS,,3,96149e08-4eff-4e53-a691-ada58976a7b9,"",5,2026-09-22T08:34:27.9975208+02:00
custom-software,admin_support,PASS,,2,bb19dccb-be52-4c00-a151-5b1d7f90c63a,"",5,2026-09-22T08:34:40.6252901+02:00
bundle-portal-presence,admin_support,PASS,,2,0113e884-5799-4184-93a3-deef7b2acd82,"",5,2026-09-22T08:34:53.2786829+02:00
bundle-sales-launch,admin_support,PASS,,2,8321e32d-d736-4569-89f0-156ee84ae9d6,"",5,2026-09-22T08:35:05.9796691+02:00
bundle-ops-clarity,admin_support,PASS,,4,8e999ec8-322a-43ed-aa80-3542d4f9df80,"",545,2026-09-22T08:44:19.2227494+02:00
setup-quick,ai_data,PASS,,2,1eedad6f-603b-4949-a8ae-4f71d0288fc3,"",5,2026-09-22T08:44:31.7727267+02:00
setup-full,ai_data,PASS,,4,6e49a7e0-b28c-4a4f-80fc-807fd6232668,"",5,2026-09-22T08:44:44.3932883+02:00
setup-custom,ai_data,PASS,,3,f3a3a102-7e75-4407-bb1c-f25c30429f30,"",5,2026-09-22T08:44:56.9235458+02:00
audit,ai_data,PASS,,2,be437fb1-5125-4e52-ad31-9e3d176779fb,"",5,2026-09-22T08:45:09.6323193+02:00
integration,ai_data,PASS,,3,31116b50-3909-4fc2-9f3f-f5c0dc68748e,"",4,2026-09-22T08:45:22.0900640+02:00
workflow-design,ai_data,PASS,,2,f8c2b291-87a6-4468-a7e6-ad9d7576708e,"",4,2026-09-22T08:45:34.5562748+02:00
support-priority,ai_data,PASS,,2,4cb3bfe0-0b92-4ea0-aae4-328ae54f49e6,"",4,2026-09-22T08:45:47.0748499+02:00
support-dedicated,ai_data,PASS,,2,4f929e34-ebad-4a91-92ed-6c5495f78911,"",5,2026-09-22T08:45:59.7359266+02:00
landing,ai_data,PASS,,0,be81030a-f0e7-45f1-b30b-0aefd8d2e45f,"",4,2026-09-22T08:46:12.2182268+02:00
website-business,ai_data,PASS,,0,1378abfb-9d09-4666-a53f-5909e2c74500,"",546,2026-09-22T08:55:25.8903946+02:00
website-ecommerce,ai_data,PASS,,0,8383642b-39b4-4d52-854c-8b8493adc4b6,"",5,2026-09-22T08:55:38.4018784+02:00
white-label-setup,ai_data,PASS,,2,ad2bcae8-a96a-4e61-a33c-7e38700c7bee,"",5,2026-09-22T08:55:51.0410288+02:00
sales-enablement,ai_data,PASS,,2,aea756d6-02f3-436a-b1a2-2d8e53f53542,"",4,2026-09-22T08:56:03.5125494+02:00
vertical-package,ai_data,PASS,,2,a62237f7-7e94-4c9e-a6b8-d204b7f6a837,"",5,2026-09-22T08:56:16.0980789+02:00
lead-gen-retainer,ai_data,PASS,,3,a02c7988-580d-446d-94e6-dd7e850169ef,"",9,2026-09-22T08:56:32.7115512+02:00
ai-support-retainer,ai_data,PASS,,3,7c23244b-6568-4531-968d-e9ef8e340d6e,"",4,2026-09-22T08:56:45.2144517+02:00
custom-software,ai_data,PASS,,2,6cc9a89d-7a64-4834-9270-94aee79e0fd5,"",5,2026-09-22T08:56:57.8418540+02:00
bundle-portal-presence,ai_data,PASS,,2,c4e13b16-ccc6-4698-9cf6-f36f824e2a65,"",5,2026-09-22T08:57:10.3811785+02:00
bundle-sales-launch,ai_data,PASS,,2,9282d43e-7680-4eb2-9b7d-b068e15afaa9,"",5,2026-09-22T08:57:22.9085677+02:00
bundle-ops-clarity,ai_data,PASS,,4,61257e86-c809-4ecd-b3fb-8e60cc88287e,"",546,2026-09-22T09:06:36.4925153+02:00
setup-quick,audio_music,PASS,,2,e058c67c-7f51-4b0c-8c03-2eb60f3bcb93,"",4,2026-09-22T09:06:48.9786263+02:00
setup-full,audio_music,PASS,,4,db273eaa-384a-4cf9-afb1-b6a959f7b288,"",5,2026-09-22T09:07:01.5467982+02:00
setup-custom,audio_music,PASS,,3,44435fb8-3c02-4621-96d4-c602ac08ce1b,"",5,2026-09-22T09:07:14.0705288+02:00
audit,audio_music,PASS,,2,5c06986b-1e78-4942-8bb8-676da4fa7776,"",5,2026-09-22T09:07:26.6785777+02:00
integration,audio_music,PASS,,3,a77bea5d-16cf-4244-b567-8b675971131e,"",5,2026-09-22T09:07:39.2261240+02:00
workflow-design,audio_music,PASS,,2,51afb08e-e17c-46ff-93f5-2c7d50b06496,"",5,2026-09-22T09:07:51.9627988+02:00
support-priority,audio_music,PASS,,2,0f109136-63b4-4675-887c-18c7b318e7a1,"",5,2026-09-22T09:08:04.5020379+02:00
support-dedicated,audio_music,PASS,,2,da4c43bc-7471-4a75-967e-b0daee5e7fdb,"",4,2026-09-22T09:08:17.0226692+02:00
landing,audio_music,PASS,,0,611d7e3e-fb60-4713-a11f-e161a3e56779,"",5,2026-09-22T09:08:29.7052503+02:00
website-business,audio_music,PASS,,0,12c58b86-c62b-4978-91da-7e5d367d9250,"",545,2026-09-22T09:17:42.8159934+02:00
website-ecommerce,audio_music,PASS,,0,5f4f8ef8-e165-49d0-b1ee-16fb6561754d,"",5,2026-09-22T09:17:55.3537212+02:00
white-label-setup,audio_music,PASS,,2,91c56bb6-5d74-49f9-b9f4-f84afa969e53,"",5,2026-09-22T09:18:08.2719781+02:00
sales-enablement,audio_music,PASS,,2,f99e88b3-6ce5-43ff-ac01-6f10cf7bc310,"",5,2026-09-22T09:18:21.0247779+02:00
vertical-package,audio_music,PASS,,2,d2598f46-a4b0-4124-b0ef-1edb79e10cf6,"",5,2026-09-22T09:18:33.5555495+02:00
lead-gen-retainer,audio_music,PASS,,3,e4646214-f2ed-4245-a303-c2a7c35d9087,"",13,2026-09-22T09:18:54.4231594+02:00
ai-support-retainer,audio_music,PASS,,3,7692f98a-a15d-4867-a395-4a6d4eee0a06,"",5,2026-09-22T09:19:07.0147481+02:00
custom-software,audio_music,PASS,,2,c0c7c4a1-14b9-4aed-8731-d96f6cb15320,"",5,2026-09-22T09:19:19.6263121+02:00
bundle-portal-presence,audio_music,PASS,,2,45587c4f-a75c-40f3-b901-64eda80f5ef2,"",5,2026-09-22T09:19:32.2769575+02:00
bundle-sales-launch,audio_music,PASS,,2,335cbf13-1af4-4e4e-b292-6ed47c3ca189,"",5,2026-09-22T09:19:44.9711431+02:00
bundle-ops-clarity,audio_music,PASS,,4,0c27319e-4cee-493b-8460-f0652846d62a,"",549,2026-09-22T09:29:02.3603557+02:00
setup-quick,business_consulting,PASS,,2,8f75258f-ce86-4b66-98ad-e962b016dcb2,"",5,2026-09-22T09:29:14.9032156+02:00
setup-full,business_consulting,PASS,,4,61da0662-9d2a-4eeb-8af0-ac72e27feecc,"",5,2026-09-22T09:29:27.4387611+02:00
setup-custom,business_consulting,PASS,,3,71c28b57-0694-4622-a38a-16ec092f764e,"",5,2026-09-22T09:29:40.0689125+02:00
audit,business_consulting,PASS,,2,39ffe6a1-1198-4980-b096-d12c9c720d5e,"",5,2026-09-22T09:29:52.6374267+02:00
integration,business_consulting,PASS,,3,c64a8a9f-0923-4e41-b36b-30bc020b8955,"",5,2026-09-22T09:30:05.5229314+02:00
workflow-design,business_consulting,PASS,,2,c06da7f4-d9e2-4fbf-b79a-617950f815dd,"",5,2026-09-22T09:30:18.2957858+02:00
support-priority,business_consulting,PASS,,2,444d209f-67dd-49d5-a025-2c5db4b933e4,"",5,2026-09-22T09:30:31.0272872+02:00
support-dedicated,business_consulting,PASS,,2,bd375514-c2d0-4c8f-87b8-33436ed229e1,"",4,2026-09-22T09:30:43.5325766+02:00
landing,business_consulting,PASS,,0,29ebba16-beed-470c-9371-e85913fa6908,"",5,2026-09-22T09:30:56.1565814+02:00
website-business,business_consulting,PASS,,0,e2efbcca-68a2-4ba6-886e-4f065ffa9505,"",96,2026-09-22T09:32:39.8477525+02:00
website-ecommerce,business_consulting,PASS,,0,4606208c-c834-4f1f-ad15-358af2c22784,"",5,2026-09-22T09:32:52.6935001+02:00
white-label-setup,business_consulting,PASS,,2,de9e1aea-e0aa-47f6-a55f-cc71f98c3dd6,"",5,2026-09-22T09:33:05.9422104+02:00
sales-enablement,business_consulting,PASS,,2,f93bce66-f026-4496-953b-c7ff0110a77e,"",5,2026-09-22T09:33:19.1978532+02:00
vertical-package,business_consulting,PASS,,2,305a1420-4034-4e76-b937-291053cadfce,"",5,2026-09-22T09:33:31.9855856+02:00
lead-gen-retainer,business_consulting,PASS,,3,93f15020-6dba-44c8-9d6e-0b9d1641e96f,"",11,2026-09-22T09:33:51.4758744+02:00
ai-support-retainer,business_consulting,PASS,,3,f2c75e8f-12b2-4876-b3f6-f01514272994,"",5,2026-09-22T09:34:04.1627414+02:00
custom-software,business_consulting,PASS,,2,3f1c2bc6-82ef-4ab6-b8bc-3e8f731a709c,"",4,2026-09-22T09:34:16.6490417+02:00
bundle-portal-presence,business_consulting,PASS,,2,959621aa-bfae-4aaa-b6dc-8395d36e5b30,"",5,2026-09-22T09:34:29.2490671+02:00
bundle-sales-launch,business_consulting,PASS,,2,3b433c99-c534-4bcb-9aae-987e64565656,"",5,2026-09-22T09:34:41.8279303+02:00
bundle-ops-clarity,business_consulting,PASS,,4,7e2913b6-050a-44d6-8384-b1614bc46fa0,"",545,2026-09-22T09:43:55.2002289+02:00
setup-quick,community_moderation,PASS,,2,7a62391e-b9f7-45d4-84f6-f388b768aba4,"",5,2026-09-22T09:44:07.8166241+02:00
setup-full,community_moderation,PASS,,4,d12488d8-1c2f-4c19-a580-cc262f301404,"",5,2026-09-22T09:44:20.4552509+02:00
setup-custom,community_moderation,PASS,,3,fb71702d-0319-4431-8d37-3b4129937a6d,"",5,2026-09-22T09:44:33.0550517+02:00
audit,community_moderation,PASS,,2,1d821ee4-c75a-4d88-9823-4ba5835e231f,"",5,2026-09-22T09:44:45.5969521+02:00
integration,community_moderation,PASS,,3,ad6db9b7-7432-496a-a81d-a9035a985e6c,"",5,2026-09-22T09:44:58.1455503+02:00
workflow-design,community_moderation,PASS,,2,f5a53d2b-477e-40e2-8130-0fad4976d4a0,"",5,2026-09-22T09:45:10.7666660+02:00
support-priority,community_moderation,PASS,,2,d59176d3-8857-461d-aef8-a0d9a9124407,"",5,2026-09-22T09:45:23.4271004+02:00
support-dedicated,community_moderation,PASS,,2,690c23d0-7ac1-4f92-aa1c-d6c7cb99630c,"",5,2026-09-22T09:45:36.1028717+02:00
landing,community_moderation,PASS,,0,df6954f2-521b-4872-9081-e53259b34ff8,"",5,2026-09-22T09:45:48.7636075+02:00
website-business,community_moderation,PASS,,0,107d1f93-d815-41bd-ba83-2d5f797a9a07,"",545,2026-09-22T09:55:02.0416841+02:00
website-ecommerce,community_moderation,PASS,,0,5574853a-90e3-4935-a300-f5a25cd928f8,"",5,2026-09-22T09:55:14.5608526+02:00
white-label-setup,community_moderation,PASS,,2,b7c3bfc6-8a22-419e-b158-96b0dad77dba,"",4,2026-09-22T09:55:27.0480076+02:00
sales-enablement,community_moderation,PASS,,2,51925dad-814c-45b1-bacd-7ab2e540d6df,"",4,2026-09-22T09:55:39.4933066+02:00
vertical-package,community_moderation,PASS,,2,dda62cbf-0cc0-492e-a223-3678199ee15c,"",5,2026-09-22T09:55:52.0229321+02:00
lead-gen-retainer,community_moderation,PASS,,3,08c558b8-01e1-4e8b-ba25-7d98a032835b,"",5,2026-09-22T09:56:04.6036380+02:00
ai-support-retainer,community_moderation,PASS,,3,5d9cd97e-e67a-4f32-97eb-e817d2996fc0,"",4,2026-09-22T09:56:17.0929492+02:00
custom-software,community_moderation,PASS,,2,99efda97-f265-4041-a3dd-c040de627b3a,"",5,2026-09-22T09:56:29.6184090+02:00
bundle-portal-presence,community_moderation,PASS,,2,f2bdb5dd-ef47-4131-8378-468c1edcc465,"",4,2026-09-22T09:56:42.0468128+02:00
bundle-sales-launch,community_moderation,PASS,,2,a34e96e6-f688-4a14-8d7a-a39016bc633f,"",5,2026-09-22T09:56:54.8073688+02:00
bundle-ops-clarity,community_moderation,PASS,,4,8d2936ef-ab8f-4811-af98-bbc862211519,"",546,2026-09-22T10:06:08.3370391+02:00
setup-quick,creator_services,PASS,,2,a0060ffa-374f-4f4d-826a-8cb25002d0a0,"",5,2026-09-22T10:06:21.0755348+02:00
setup-full,creator_services,PASS,,4,03c41361-62ee-49a0-815d-96b94d35db92,"",5,2026-09-22T10:06:33.6063178+02:00
setup-custom,creator_services,PASS,,3,6ab91ba3-c824-451d-b388-c14da6b92698,"",5,2026-09-22T10:06:46.2468279+02:00
audit,creator_services,PASS,,2,87266054-4fa9-44ca-88b5-7867e9407bf7,"",5,2026-09-22T10:06:58.7615913+02:00
integration,creator_services,PASS,,3,2297eb74-1929-4e5e-8242-a63c26ab6aa4,"",4,2026-09-22T10:07:11.2413744+02:00
workflow-design,creator_services,PASS,,2,40248cee-3343-4758-b0b3-1996fef5163c,"",4,2026-09-22T10:07:23.7343451+02:00
support-priority,creator_services,PASS,,2,d0f50d3d-6a8f-4edf-b1c1-36c3b055c37d,"",5,2026-09-22T10:07:36.3058781+02:00
support-dedicated,creator_services,PASS,,2,1c092ec1-b3af-4d01-abbd-17dbcb004534,"",5,2026-09-22T10:07:48.8686235+02:00
landing,creator_services,PASS,,0,b0af8278-17a4-4ef1-82f9-4b905483cc25,"",5,2026-09-22T10:08:01.5088687+02:00
website-business,creator_services,PASS,,0,3be0a7c7-165e-40ad-b55e-eb6955fb0f72,"",546,2026-09-22T10:17:15.1593461+02:00
website-ecommerce,creator_services,PASS,,0,12115b71-9397-4793-be9b-26c7a15e346c,"",4,2026-09-22T10:17:27.6508541+02:00
white-label-setup,creator_services,PASS,,2,1a5bcdfc-94fe-4d5e-a3a1-464de3b734d1,"",5,2026-09-22T10:17:40.2113882+02:00
sales-enablement,creator_services,PASS,,2,f2ecc991-02a7-495c-becc-59e44103debc,"",4,2026-09-22T10:17:52.6933954+02:00
vertical-package,creator_services,PASS,,2,0c5d205e-98b6-48ab-af03-1c532700d05c,"",5,2026-09-22T10:18:05.8335841+02:00
lead-gen-retainer,creator_services,PASS,,3,1c613f6d-23c9-44ff-9195-c66f45d1b617,"",9,2026-09-22T10:18:22.6771527+02:00
ai-support-retainer,creator_services,PASS,,3,efe7593c-df87-4e84-bebc-1098c73b0969,"",4,2026-09-22T10:18:35.1341035+02:00
custom-software,creator_services,PASS,,2,108f6927-b198-4bdf-89a3-5b6cc5bbd239,"",5,2026-09-22T10:18:47.6939703+02:00
bundle-portal-presence,creator_services,PASS,,2,110277cd-cc78-4511-b8f1-0c9e7f3b4144,"",4,2026-09-22T10:19:00.1944576+02:00
bundle-sales-launch,creator_services,PASS,,2,e6d42881-9e37-4718-89f1-869048680a7a,"",4,2026-09-22T10:19:12.6526106+02:00
bundle-ops-clarity,creator_services,PASS,,4,743ca433-e8d2-4cb4-9443-5611b968fa8c,"",545,2026-09-22T10:28:25.9907286+02:00
setup-quick,customer_service,PASS,,2,dd82a52a-95b5-404e-8b14-f7fb82f73a48,"",5,2026-09-22T10:28:38.5112232+02:00
setup-full,customer_service,PASS,,4,9b44d029-3218-4476-9e73-715a1be815cd,"",5,2026-09-22T10:28:51.0486926+02:00
setup-custom,customer_service,PASS,,3,c0a095da-43f8-4f3d-9058-0d1c5287579e,"",5,2026-09-22T10:29:03.6959169+02:00
audit,customer_service,PASS,,2,66fc898e-4912-475e-a178-b309e7a36c29,"",4,2026-09-22T10:29:16.1459911+02:00
integration,customer_service,PASS,,3,ff24e1c4-b202-4c49-a15d-61ae5d4ea7ee,"",5,2026-09-22T10:29:28.6643897+02:00
workflow-design,customer_service,PASS,,2,6d06d88e-b3cf-4b1d-b89f-339eac0a051a,"",4,2026-09-22T10:29:41.1618250+02:00
support-priority,customer_service,PASS,,2,bde2d335-5c91-4fc1-9c49-f7b5fbe4c1b5,"",5,2026-09-22T10:29:53.7213839+02:00
support-dedicated,customer_service,PASS,,2,63a114c4-7c0f-44d4-a063-93ccbb857113,"",5,2026-09-22T10:30:06.6640828+02:00
landing,customer_service,PASS,,0,5ab4d2ba-10a3-4294-834f-6791eaf77f57,"",5,2026-09-22T10:30:19.1857553+02:00
website-business,customer_service,PASS,,0,9dd7b9bd-9f70-44aa-800f-56527626f4ff,"",545,2026-09-22T10:39:32.4032635+02:00
website-ecommerce,customer_service,PASS,,0,9d5a3e4c-96ca-4310-86d8-46eaedaf8c42,"",4,2026-09-22T10:39:44.8638879+02:00
white-label-setup,customer_service,PASS,,2,00f8e2e8-1ee5-4429-8433-fb67aba5e7e3,"",5,2026-09-22T10:39:57.4107447+02:00
sales-enablement,customer_service,PASS,,2,1863171b-1db5-4e3a-9a09-7433d6da491f,"",5,2026-09-22T10:40:09.9837244+02:00
vertical-package,customer_service,PASS,,2,3597c7ae-9801-42c8-9941-24a9c93923c2,"",5,2026-09-22T10:40:22.7530846+02:00
lead-gen-retainer,customer_service,PASS,,3,cba993c5-4105-4d9c-9790-bd97eb27e6c0,"",5,2026-09-22T10:40:35.2659576+02:00
ai-support-retainer,customer_service,PASS,,3,64e86737-8b6f-4de3-9690-42f05e220c94,"",5,2026-09-22T10:40:47.9318903+02:00
custom-software,customer_service,PASS,,2,4f35c336-f1d1-43ed-85a5-c7a9fbd1604c,"",5,2026-09-22T10:41:00.5404132+02:00
bundle-portal-presence,customer_service,PASS,,2,e0c90a9b-58ab-483e-ad2d-08f9c3ae8af4,"",5,2026-09-22T10:41:13.0963932+02:00
bundle-sales-launch,customer_service,PASS,,2,253ebb55-de91-4046-a534-be44ed049bf4,"",5,2026-09-22T10:41:25.6752985+02:00
bundle-ops-clarity,customer_service,PASS,,4,69948ae4-987b-4abf-8eef-42ae26e15d8d,"",545,2026-09-22T10:50:38.8929561+02:00
setup-quick,design_creative,PASS,,2,af1f3cbf-e0da-45e4-8f2e-1b56229e5188,"",5,2026-09-22T10:50:51.5121791+02:00
setup-full,design_creative,PASS,,4,7b9e819a-265e-40f0-bc36-dd0ce78a2bb8,"",5,2026-09-22T10:51:04.0752767+02:00
setup-custom,design_creative,PASS,,3,99fe81ba-a92f-4382-9b2f-9e276d21b460,"",5,2026-09-22T10:51:16.6252885+02:00
audit,design_creative,PASS,,2,b2e023e6-0976-45e7-9864-a0ad4c963c40,"",4,2026-09-22T10:51:29.1225063+02:00
integration,design_creative,PASS,,3,a141a180-045f-4e24-ad69-006eb161f2ea,"",5,2026-09-22T10:51:41.6511242+02:00
workflow-design,design_creative,PASS,,2,c9a5f7cf-3860-458b-96c1-0e80e74f377d,"",5,2026-09-22T10:51:54.2384266+02:00
support-priority,design_creative,PASS,,2,99a45580-7a60-4620-9b51-e9b6fd4eac42,"",5,2026-09-22T10:52:06.8605855+02:00
support-dedicated,design_creative,PASS,,2,9e78344c-ce6f-4713-a3fe-0acbf6e0176e,"",5,2026-09-22T10:52:19.4428526+02:00
landing,design_creative,PASS,,0,de197dd0-928a-4a18-b2d9-dc69df0b2078,"",5,2026-09-22T10:52:32.0374728+02:00
website-business,design_creative,PASS,,0,5b0f1cc4-c294-4f13-bb8a-9eed87c01cc4,"",545,2026-09-22T11:01:45.3591041+02:00
website-ecommerce,design_creative,PASS,,0,13c94c25-d360-469d-9b73-bfdf2017a66e,"",5,2026-09-22T11:01:57.8726997+02:00
white-label-setup,design_creative,PASS,,2,5d2bfca4-d46c-49d4-9fea-e10b813393d2,"",5,2026-09-22T11:02:10.4210609+02:00
sales-enablement,design_creative,PASS,,2,bec802c1-b999-467b-a29f-d824473d4e72,"",5,2026-09-22T11:02:23.0442613+02:00
vertical-package,design_creative,PASS,,2,0c5939f4-65a6-4e84-9543-3c991bf47d4a,"",5,2026-09-22T11:02:35.6160164+02:00
lead-gen-retainer,design_creative,PASS,,3,cfd93c8c-bcfe-403a-8e21-ef8e4a3e0d51,"",9,2026-09-22T11:02:52.2195247+02:00
ai-support-retainer,design_creative,PASS,,3,20d6bd47-38a2-4247-a90e-05e55a947842,"",5,2026-09-22T11:03:04.8435575+02:00
custom-software,design_creative,PASS,,2,132e9caf-99b7-4a57-8c9d-260b7ac1392b,"",5,2026-09-22T11:03:17.4004609+02:00
bundle-portal-presence,design_creative,PASS,,2,f61bb8b5-1542-4cb9-9de1-ab602b63dfba,"",5,2026-09-22T11:03:30.0445922+02:00
bundle-sales-launch,design_creative,PASS,,2,c06fba91-f77a-43e9-b386-fef17f0911fa,"",4,2026-09-22T11:03:42.5595071+02:00
bundle-ops-clarity,design_creative,PASS,,4,654d827c-ade3-4c83-a151-78d925c709e5,"",545,2026-09-22T11:12:55.8896199+02:00
setup-quick,development_it,PASS,,2,2250ed17-7db1-41bc-b302-b0d891dd39c3,"",5,2026-09-22T11:13:08.4687824+02:00
setup-full,development_it,PASS,,4,30c735c5-69b4-458d-9a82-d31e54904eb3,"",5,2026-09-22T11:13:21.0127953+02:00
setup-custom,development_it,PASS,,3,46adc60b-8486-404d-b6db-39d99ff31810,"",5,2026-09-22T11:13:33.6155448+02:00
audit,development_it,PASS,,2,5794f45d-ba22-45b7-a21d-273c123a7d00,"",5,2026-09-22T11:13:46.2200146+02:00
integration,development_it,PASS,,3,efef67e1-3ab2-4f91-94b4-f31187e0e7bb,"",4,2026-09-22T11:13:58.7166278+02:00
workflow-design,development_it,PASS,,2,e96cc4e2-bd62-4618-ab80-d9380bee043d,"",5,2026-09-22T11:14:11.2872373+02:00
support-priority,development_it,PASS,,2,6eb52a51-33a7-4c84-ba07-7d12de0a2d27,"",5,2026-09-22T11:14:23.8255562+02:00
support-dedicated,development_it,PASS,,2,bdce0577-cdbb-4e97-bc22-4bd7e7bf52b6,"",5,2026-09-22T11:14:36.4597897+02:00
landing,development_it,PASS,,0,d88a5915-93ee-4d1d-b83e-f658f6aae350,"",5,2026-09-22T11:14:49.0248753+02:00
website-business,development_it,PASS,,0,0f44b9fd-9611-49b0-b40a-7c5b36adbb20,"",545,2026-09-22T11:24:02.1931687+02:00
website-ecommerce,development_it,PASS,,0,92c66a47-81bd-4c44-8f1d-5ba00b1b2563,"",4,2026-09-22T11:24:14.6572042+02:00
white-label-setup,development_it,PASS,,2,0715796f-ab12-4b34-8bf0-8ea3193efa57,"",5,2026-09-22T11:24:27.2314665+02:00
sales-enablement,development_it,PASS,,2,99758fcb-2ef1-49a9-a630-3b2dc3c916d4,"",4,2026-09-22T11:24:39.7078535+02:00
vertical-package,development_it,PASS,,2,d2880f38-5f0f-48a6-8c2c-5dad2ba3aab2,"",5,2026-09-22T11:24:52.2625768+02:00
lead-gen-retainer,development_it,PASS,,3,ffa34464-bb9e-4e40-91ea-ab4f8e3e70c6,"",9,2026-09-22T11:25:08.8836441+02:00
ai-support-retainer,development_it,PASS,,3,6b64c97c-19f4-490d-ad05-eed92e2271e4,"",5,2026-09-22T11:25:21.6993519+02:00
custom-software,development_it,PASS,,2,36196500-c9bf-49d4-bf18-c607f0871551,"",5,2026-09-22T11:25:34.2332900+02:00
bundle-portal-presence,development_it,PASS,,2,6b5e5a7d-5dc3-45ad-a39a-9f4dd1d55194,"",5,2026-09-22T11:25:46.8428483+02:00
bundle-sales-launch,development_it,PASS,,2,26da0295-5880-46eb-a5e7-3f3cd0ec71b7,"",5,2026-09-22T11:25:59.3733499+02:00
bundle-ops-clarity,development_it,PASS,,4,f1a744d4-ebda-465e-af5c-99caa24b5bff,"",545,2026-09-22T11:35:12.8803368+02:00
setup-quick,ecommerce,PASS,,2,998c76f1-c3de-44b9-96cc-e8997efe7cd1,"",4,2026-09-22T11:35:25.3791872+02:00
setup-full,ecommerce,PASS,,4,e0a9e37f-b880-4a0c-b95b-1098ee2b457c,"",5,2026-09-22T11:35:37.9980189+02:00
setup-custom,ecommerce,PASS,,3,462df58c-ec3e-47f2-a48a-7692cb310aff,"",4,2026-09-22T11:35:50.4977810+02:00
audit,ecommerce,PASS,,2,4315ce77-30b2-44ac-82c7-2463e7ba5cb1,"",5,2026-09-22T11:36:03.1739729+02:00
integration,ecommerce,PASS,,3,e66d48a3-c374-43c3-958d-36b2ec01edbe,"",5,2026-09-22T11:36:15.7024691+02:00
workflow-design,ecommerce,PASS,,2,ca61ef0a-b314-4059-84e3-e6e504778f59,"",4,2026-09-22T11:36:28.1905993+02:00
support-priority,ecommerce,PASS,,2,3fce68be-68ad-4fa8-a153-ba75cecdf06f,"",5,2026-09-22T11:36:40.7998974+02:00
support-dedicated,ecommerce,PASS,,2,cce41ae1-c712-4d15-94dc-b7c54cd58202,"",5,2026-09-22T11:36:53.6166318+02:00
landing,ecommerce,PASS,,0,b0e69128-f769-4cd8-8031-5d06a6baa107,"",5,2026-09-22T11:37:06.2407924+02:00
website-business,ecommerce,PASS,,0,7f508ee2-f86b-4b85-ab6a-d83aabb9df87,"",545,2026-09-22T11:46:19.7403847+02:00
website-ecommerce,ecommerce,PASS,,0,87076c4f-8076-4256-b0db-5ae7fe0bc4c8,"",4,2026-09-22T11:46:32.2380033+02:00
white-label-setup,ecommerce,PASS,,2,dcfb59e3-4107-4a53-924d-fa76324a9a66,"",5,2026-09-22T11:46:44.8009187+02:00
sales-enablement,ecommerce,PASS,,2,0811a801-a7b0-496f-852d-110971122640,"",5,2026-09-22T11:46:57.4246739+02:00
vertical-package,ecommerce,PASS,,2,fee33b6f-ff2a-41b0-ba15-277c62cb2878,"",4,2026-09-22T11:47:09.9243256+02:00
lead-gen-retainer,ecommerce,PASS,,3,77209ad2-6300-42be-a25e-02adda60dffc,"",9,2026-09-22T11:47:26.6670401+02:00
ai-support-retainer,ecommerce,PASS,,3,a06497c6-ddc0-4cd7-985b-838705d8b35c,"",5,2026-09-22T11:47:39.2414140+02:00
custom-software,ecommerce,PASS,,2,f09e0b0d-8247-4818-ad76-c6e494424c3d,"",5,2026-09-22T11:47:51.8305716+02:00
bundle-portal-presence,ecommerce,PASS,,2,baa115bf-4cb8-4a76-bc7c-c5e766567892,"",5,2026-09-22T11:48:04.3711278+02:00
bundle-sales-launch,ecommerce,PASS,,2,7bb434f2-e085-4c32-94bc-ded87275f0d9,"",5,2026-09-22T11:48:16.9368689+02:00
bundle-ops-clarity,ecommerce,PASS,,4,73a7436f-f582-4842-9e5a-93a4fa4bb74b,"",545,2026-09-22T11:57:30.0503645+02:00
setup-quick,education_training,PASS,,2,1cea5b0a-966f-4ebf-a9af-7a2d82c87fe1,"",5,2026-09-22T11:57:42.6082124+02:00
setup-full,education_training,PASS,,4,a17182d4-4662-4c64-b352-fb6453809888,"",5,2026-09-22T11:57:55.2023229+02:00
setup-custom,education_training,PASS,,3,c02df682-73eb-45ff-9777-790f576800ac,"",5,2026-09-22T11:58:07.7605994+02:00
audit,education_training,PASS,,2,0b702172-af86-4224-8223-2f7b56cebd3b,"",5,2026-09-22T11:58:20.2799639+02:00
integration,education_training,PASS,,3,30cb90d6-5912-46cd-97ec-82ddeb698f90,"",5,2026-09-22T11:58:32.8245425+02:00
workflow-design,education_training,PASS,,2,291d151b-fe6f-40d6-9071-98e59a66b9eb,"",5,2026-09-22T11:58:45.4448024+02:00
support-priority,education_training,PASS,,2,b48a1fa5-f44d-4510-95c2-843ce520beb3,"",5,2026-09-22T11:58:57.9970567+02:00
support-dedicated,education_training,PASS,,2,05b1976b-2145-465a-8bdf-d5e78b575f8c,"",5,2026-09-22T11:59:10.6345074+02:00
landing,education_training,PASS,,0,28942a1a-d32e-4d9d-9f11-2f1b92ea72d8,"",5,2026-09-22T11:59:23.1730011+02:00
website-business,education_training,PASS,,0,d82b30f0-cdd3-4025-b772-4258f49ac962,"",545,2026-09-22T12:08:36.4007900+02:00
website-ecommerce,education_training,PASS,,0,5594e8a6-1a9c-4bd3-9ed8-e9d87485fd2e,"",4,2026-09-22T12:08:48.9093998+02:00
white-label-setup,education_training,PASS,,2,b569693b-25d7-4ce8-bb8f-02af141fee99,"",5,2026-09-22T12:09:01.4859444+02:00
sales-enablement,education_training,PASS,,2,90691f93-6fcf-4c85-a8d6-76cf5fc30ebf,"",5,2026-09-22T12:09:14.0306218+02:00
vertical-package,education_training,PASS,,2,0bc63bbc-dd1c-4560-ae8b-e100a7907ecd,"",5,2026-09-22T12:09:26.6539034+02:00
lead-gen-retainer,education_training,PASS,,3,806727b3-520f-455e-bef9-71dd1d110572,"",9,2026-09-22T12:09:43.2404327+02:00
ai-support-retainer,education_training,PASS,,3,80faa5ca-fa92-4a34-a366-50ca05351f25,"",5,2026-09-22T12:09:55.7987501+02:00
custom-software,education_training,PASS,,2,ab0d5ad6-44a9-4c9b-9b88-40a2f0e42606,"",5,2026-09-22T12:10:08.9732602+02:00
bundle-portal-presence,education_training,PASS,,2,83700b80-5061-4753-88ff-eae73e7d240e,"",4,2026-09-22T12:10:21.4502014+02:00
bundle-sales-launch,education_training,PASS,,2,a0575bff-3aae-470b-973f-04cb2b5328f1,"",4,2026-09-22T12:10:33.9528457+02:00
bundle-ops-clarity,education_training,PASS,,4,af5c737f-770e-4ea6-b9bf-9abd91b00286,"",546,2026-09-22T12:19:47.4702000+02:00
setup-quick,engineering_architecture,PASS,,2,3143a779-1271-4de6-97b4-c5ae04f78bfc,"",4,2026-09-22T12:20:00.3139330+02:00
setup-full,engineering_architecture,PASS,,4,5791204d-cc9d-4676-88ac-f33e2f4cd9c2,"",5,2026-09-22T12:20:13.1860131+02:00
setup-custom,engineering_architecture,PASS,,3,532f3f88-12a1-4196-be9b-cbbb3da1b58c,"",5,2026-09-22T12:20:25.7826670+02:00
audit,engineering_architecture,PASS,,2,903d1546-c579-477b-a5d8-67f127000307,"",5,2026-09-22T12:20:38.3200021+02:00
integration,engineering_architecture,PASS,,3,2c2371aa-0fc4-4db2-8998-78a593037d0b,"",5,2026-09-22T12:20:50.9611021+02:00
workflow-design,engineering_architecture,PASS,,2,6beb3956-afea-4d39-bc48-07e29c44b847,"",5,2026-09-22T12:21:03.5036052+02:00
support-priority,engineering_architecture,PASS,,2,41b1c65d-ae98-49e9-8b65-ec3a36aa5f1b,"",5,2026-09-22T12:21:16.1121266+02:00
support-dedicated,engineering_architecture,PASS,,2,3845906f-f016-4756-b3b0-b62a7e7f2fc7,"",4,2026-09-22T12:21:28.6033258+02:00
landing,engineering_architecture,PASS,,0,00de25d4-f104-4521-932d-82c2d7503c3b,"",4,2026-09-22T12:21:41.0856450+02:00
website-business,engineering_architecture,PASS,,0,c359f749-3c47-43f8-bfd3-3e6a39e9e877,"",370,2026-09-22T12:27:58.9887838+02:00
website-ecommerce,engineering_architecture,PASS,,0,ebe09b1c-88b5-4130-b05b-097ba323f99a,"",5,2026-09-22T12:28:12.4691735+02:00
white-label-setup,engineering_architecture,PASS,,2,2fe795f0-cc85-4b57-8829-988e1ca11057,"",5,2026-09-22T12:28:25.3518751+02:00
sales-enablement,engineering_architecture,PASS,,2,93eee68c-95a9-4c61-8c6e-5da63a5d19e6,"",7,2026-09-22T12:28:40.3582046+02:00
vertical-package,engineering_architecture,PASS,,2,c09f76d3-2462-409f-ba80-e9224e6d5dc7,"",5,2026-09-22T12:28:53.7444602+02:00
lead-gen-retainer,engineering_architecture,PASS,,3,4a7295e8-b305-44a6-80f6-3f47eedcff27,"",10,2026-09-22T12:29:11.6516344+02:00
ai-support-retainer,engineering_architecture,PASS,,3,3e2f8d60-7979-48ae-b48c-ea2d74c4909b,"",6,2026-09-22T12:29:25.4796787+02:00
custom-software,engineering_architecture,PASS,,2,d527e55e-2db7-4174-a0ef-4491a4046958,"",6,2026-09-22T12:29:39.5775991+02:00
bundle-portal-presence,engineering_architecture,PASS,,2,f79dc26c-6c83-48e6-b3dc-bf1f30de690c,"",5,2026-09-22T12:29:52.1323012+02:00
bundle-sales-launch,engineering_architecture,PASS,,2,7e1f558a-eb67-4a0a-8020-0bdbdaeb8983,"",5,2026-09-22T12:30:05.1123009+02:00
bundle-ops-clarity,engineering_architecture,PASS,,4,f86f42a6-4959-48bf-b1c3-2b5bca72474f,"",215,2026-09-22T12:33:48.1543136+02:00
setup-quick,engineering_science,PASS,,2,9ea191db-5a96-409a-9b04-26591fb967d5,"",5,2026-09-22T12:34:00.7533784+02:00
setup-full,engineering_science,PASS,,4,dbdc8e06-ee92-4640-aac1-44d1db6bd2b5,"",5,2026-09-22T12:34:14.1598276+02:00
setup-custom,engineering_science,PASS,,3,c45f049e-d2e0-4a18-83c0-ddbec25d7ac8,"",5,2026-09-22T12:34:26.7241713+02:00
audit,engineering_science,PASS,,2,7919f373-416b-4c20-ba44-d1f97aeeaf4e,"",5,2026-09-22T12:34:40.3644369+02:00
integration,engineering_science,PASS,,3,f5a5c5a8-eb3f-484a-abaf-0ea06e5a7d25,"",5,2026-09-22T12:34:52.9111277+02:00
workflow-design,engineering_science,PASS,,2,2c564751-f894-4118-bb94-7bac241fa0b8,"",5,2026-09-22T12:35:06.2809209+02:00
support-priority,engineering_science,PASS,,2,3caedd01-d922-4f55-b877-406f9d47f1b1,"",9,2026-09-22T12:35:23.8734914+02:00
support-dedicated,engineering_science,PASS,,2,27c57f08-c921-47cb-aeda-714c237fdbd4,"",6,2026-09-22T12:35:37.6063678+02:00
landing,engineering_science,PASS,,0,f62625d1-2171-4fc0-bb72-373058a96ec6,"",7,2026-09-22T12:35:53.1513837+02:00
website-business,engineering_science,PASS,,0,ddc5261a-f8f0-46c9-9fe7-473a75fb8953,"",222,2026-09-22T12:39:43.2962111+02:00
website-ecommerce,engineering_science,PASS,,0,f6f7660c-e4dc-4665-9a59-e3dc6972defc,"",5,2026-09-22T12:39:55.9869182+02:00
white-label-setup,engineering_science,PASS,,2,90bd7354-ec3c-4340-b4c1-8109eb758f21,"",21,2026-09-22T12:40:27.6941695+02:00
sales-enablement,engineering_science,PASS,,2,2fb5ea8b-51e1-41c8-8cb5-2139d5deeb08,"",12,2026-09-22T12:40:47.6385396+02:00
vertical-package,engineering_science,PASS,,2,b72b4290-016a-445f-9f06-637f92cfcf9b,"",5,2026-09-22T12:41:00.2029429+02:00
lead-gen-retainer,engineering_science,PASS,,3,ff43ee57-e460-4f3d-9945-cf58ea3e51e0,"",9,2026-09-22T12:41:16.8972512+02:00
ai-support-retainer,engineering_science,PASS,,3,66fc46e5-cbdd-427a-8ed6-07aa0ab77edd,"",5,2026-09-22T12:41:29.4826014+02:00
custom-software,engineering_science,PASS,,2,00c535c6-da1a-4c16-912d-6f80ae23540c,"",5,2026-09-22T12:41:42.0575858+02:00
bundle-portal-presence,engineering_science,PASS,,2,8078e8ce-c75f-4b21-b30e-c557bae3099b,"",4,2026-09-22T12:41:54.5478553+02:00
bundle-sales-launch,engineering_science,PASS,,2,b110f0f9-e8c7-40d3-b00b-739e2c342b71,"",5,2026-09-22T12:42:07.1076917+02:00
bundle-ops-clarity,engineering_science,PASS,,4,aa9ad4f8-5b47-4ea3-83df-1a16c42c45a1,"",551,2026-09-22T12:51:25.7187590+02:00
setup-quick,finance_accounting,PASS,,2,2798d163-d0c2-4def-84f0-8c2671f9e039,"",5,2026-09-22T12:51:39.3855604+02:00
setup-full,finance_accounting,PASS,,4,23bc107a-5fda-432f-9c3b-320f16617388,"",7,2026-09-22T12:51:54.9272952+02:00
setup-custom,finance_accounting,PASS,,3,3f88b860-b9b6-4cf1-a9e9-ff9ca279bc07,"",5,2026-09-22T12:52:07.5071112+02:00
audit,finance_accounting,PASS,,2,422d47cd-ab7e-4075-89a8-8e77289a8840,"",5,2026-09-22T12:52:20.2243912+02:00
integration,finance_accounting,PASS,,3,a2f28a2c-d1a6-4e64-a980-ad84d5806c36,"",5,2026-09-22T12:52:33.0050467+02:00
workflow-design,finance_accounting,PASS,,2,fd9a1641-ceb3-46bb-aa58-4694c82cc365,"",5,2026-09-22T12:52:45.6625591+02:00
support-priority,finance_accounting,PASS,,2,f4830189-bc55-4da5-af17-4dee9923b209,"",5,2026-09-22T12:52:58.2103861+02:00
support-dedicated,finance_accounting,PASS,,2,6f76ff0e-de71-4588-b6a7-a33e143d8135,"",5,2026-09-22T12:53:10.8211197+02:00
landing,finance_accounting,PASS,,0,9cf0e384-9985-454a-b6e2-5cf9d40cac7d,"",5,2026-09-22T12:53:23.3738388+02:00
website-business,finance_accounting,PASS,,0,1396aa47-22d4-436d-8ce4-3b1112085f84,"",545,2026-09-22T13:02:36.7976120+02:00
website-ecommerce,finance_accounting,PASS,,0,220ac8af-3ada-4b1e-beb1-4ea4c9ac9c49,"",5,2026-09-22T13:02:49.4345270+02:00
white-label-setup,finance_accounting,PASS,,2,75502f45-f268-4613-8541-42bf132ef7f5,"",5,2026-09-22T13:03:02.1375747+02:00
sales-enablement,finance_accounting,PASS,,2,fe228e94-fbfb-49a7-aa55-abb22bb45924,"",8,2026-09-22T13:03:17.6583165+02:00
vertical-package,finance_accounting,PASS,,2,e62118c3-e97e-41fd-819e-55c6e7392fcf,"",21,2026-09-22T13:03:46.8765014+02:00
lead-gen-retainer,finance_accounting,PASS,,3,c7426e8d-58bb-4b05-b5b9-3eb4e41d9ed0,"",26,2026-09-22T13:04:21.4727091+02:00
ai-support-retainer,finance_accounting,PASS,,3,4ccef2f1-12fa-40dc-a5f3-20658f063352,"",5,2026-09-22T13:04:34.5804725+02:00
custom-software,finance_accounting,PASS,,2,7070df78-981a-44ca-b576-74beae522a10,"",5,2026-09-22T13:04:47.1912807+02:00
bundle-portal-presence,finance_accounting,PASS,,2,19df0e18-70d9-4587-a8d0-84d33d3bd913,"",5,2026-09-22T13:04:59.8583327+02:00
bundle-sales-launch,finance_accounting,PASS,,2,2171ce5b-d78e-4c05-ae27-cb14e99488df,"",5,2026-09-22T13:05:12.6056646+02:00
bundle-ops-clarity,finance_accounting,PASS,,4,6dee6562-1697-4c3a-b0b9-c88ef3c45218,"",365,2026-09-22T13:11:25.9692872+02:00
setup-quick,hr_recruiting,PASS,,2,2ffa5f40-b58c-45dc-b8bc-6cc3423169ac,"",5,2026-09-22T13:11:38.8398683+02:00
setup-full,hr_recruiting,PASS,,4,b3d71272-9bd5-4945-838d-aa64f50d5e3b,"",5,2026-09-22T13:11:51.5533048+02:00
setup-custom,hr_recruiting,PASS,,3,78e10fd8-0610-405e-a3ac-eb977af1e73b,"",5,2026-09-22T13:12:04.3099640+02:00
audit,hr_recruiting,PASS,,2,196acf4c-5ca0-4e79-9e32-d718f13edb14,"",5,2026-09-22T13:12:16.9971830+02:00
integration,hr_recruiting,PASS,,3,8a614b57-1c6b-4e14-9050-5fa4d6f746e8,"",5,2026-09-22T13:12:29.5920617+02:00
workflow-design,hr_recruiting,PASS,,2,1984dc82-a152-4bad-bd7a-34e9b6bce017,"",5,2026-09-22T13:12:42.4545456+02:00
support-priority,hr_recruiting,PASS,,2,a1b978d1-a862-48a9-9bb4-ce8b14050ae8,"",5,2026-09-22T13:12:55.0336171+02:00
support-dedicated,hr_recruiting,PASS,,2,f16b8228-a466-4419-9b27-ed9394881e7e,"",5,2026-09-22T13:13:07.6824668+02:00
landing,hr_recruiting,PASS,,0,9a5495eb-aaf5-41e8-819b-3c2a5c0e9f59,"",5,2026-09-22T13:13:20.3665823+02:00
website-business,hr_recruiting,PASS,,0,8fde0e6a-40d0-469e-9393-881ed68e4409,"",547,2026-09-22T13:22:34.9233535+02:00
website-ecommerce,hr_recruiting,PASS,,0,c8e29fbb-dfb3-4439-8477-44eedf7795d9,"",5,2026-09-22T13:22:47.4473548+02:00
white-label-setup,hr_recruiting,PASS,,2,1ff41e8e-9489-44da-9563-d2635c8bf13b,"",5,2026-09-22T13:22:59.9891603+02:00
sales-enablement,hr_recruiting,PASS,,2,6f19ef74-739b-4cbf-b245-404914de97dd,"",6,2026-09-22T13:23:13.5437338+02:00
vertical-package,hr_recruiting,PASS,,2,3b30095a-e019-41f6-876a-d823d61d5bb2,"",5,2026-09-22T13:23:26.1674994+02:00
lead-gen-retainer,hr_recruiting,PASS,,3,6367aaf0-b0e9-4a38-ab4e-61ed46241377,"",9,2026-09-22T13:23:42.9601279+02:00
ai-support-retainer,hr_recruiting,PASS,,3,424a4096-65f7-4cbb-a1b1-333ab475e465,"",5,2026-09-22T13:23:55.5957867+02:00
custom-software,hr_recruiting,PASS,,2,1a4c6176-0966-4f74-b8e1-da4f2c36b1a2,"",5,2026-09-22T13:24:08.1070317+02:00
bundle-portal-presence,hr_recruiting,PASS,,2,ce607021-8b0a-4aec-98a8-3625f55028b0,"",5,2026-09-22T13:24:20.6385344+02:00
bundle-sales-launch,hr_recruiting,PASS,,2,afa3195e-6e41-43f1-ac91-70c330e93a89,"",5,2026-09-22T13:24:33.2352893+02:00
bundle-ops-clarity,hr_recruiting,PASS,,4,2afb34e2-7bae-4e2f-84c5-9d252a3dbe87,"",545,2026-09-22T13:33:46.6633126+02:00
setup-quick,legal_services,PASS,,2,e21f960c-db84-47f4-a5d1-bc2430066a66,"",5,2026-09-22T13:33:59.3263075+02:00
setup-full,legal_services,PASS,,4,50a21eb7-9a01-4a44-9112-7280e3876fcc,"",7,2026-09-22T13:34:14.3961313+02:00
setup-custom,legal_services,PASS,,3,ec6d0e93-efef-4252-9def-1d0cb3b60909,"",5,2026-09-22T13:34:27.0765661+02:00
audit,legal_services,PASS,,2,147be85d-ada9-435c-80e4-5fa9d18f7333,"",7,2026-09-22T13:34:42.2843674+02:00
integration,legal_services,PASS,,3,ad8a8511-344d-4f03-ae87-f7e37c80a84b,"",5,2026-09-22T13:34:55.7307735+02:00
workflow-design,legal_services,PASS,,2,ba726aff-e703-4e04-bd47-d9423b6bbf70,"",5,2026-09-22T13:35:09.1700636+02:00
support-priority,legal_services,PASS,,2,dbbdbbf6-e38b-47dd-bc05-4ce9d34716d1,"",5,2026-09-22T13:35:22.5948751+02:00
support-dedicated,legal_services,PASS,,2,9cafefbf-0b4e-4a7a-b386-83c77c0f2229,"",5,2026-09-22T13:35:35.8745711+02:00
landing,legal_services,PASS,,0,1e34f285-0908-4c78-a62c-96d8c1c80c7f,"",6,2026-09-22T13:35:49.8254025+02:00
website-business,legal_services,PASS,,0,a10df62d-c8f6-46fb-94c8-288e1bbdc81e,"",545,2026-09-22T13:45:03.3017505+02:00
website-ecommerce,legal_services,PASS,,0,9adb6cee-47ab-4599-86e0-db7db0b7a2c1,"",5,2026-09-22T13:45:15.9674389+02:00
white-label-setup,legal_services,PASS,,2,f6caebb0-b5fe-4a7d-9407-67f1d48373e5,"",5,2026-09-22T13:45:28.5279052+02:00
sales-enablement,legal_services,PASS,,2,e1fdba52-52eb-4db6-abd4-97449312b061,"",5,2026-09-22T13:45:41.0763431+02:00
vertical-package,legal_services,PASS,,2,9a275ab8-f862-4aea-af21-ab97c67ae848,"",4,2026-09-22T13:45:53.5759035+02:00
lead-gen-retainer,legal_services,PASS,,3,1e4ebb8c-0f7f-4c30-af6f-5bd485f04c7d,"",13,2026-09-22T13:46:14.4357328+02:00
ai-support-retainer,legal_services,PASS,,3,d4143907-d43f-4187-af21-232b062147ae,"",5,2026-09-22T13:46:27.6486266+02:00
custom-software,legal_services,PASS,,2,1ffe5c94-c65f-4bc2-9391-1cfd7197bdeb,"",5,2026-09-22T13:46:40.3065262+02:00
bundle-portal-presence,legal_services,PASS,,2,34fe93f2-e631-4fda-838f-b41356345325,"",5,2026-09-22T13:46:53.0027238+02:00
bundle-sales-launch,legal_services,PASS,,2,b8ba20c1-d5c6-475d-b11b-1f7bd41f9146,"",5,2026-09-22T13:47:05.6663098+02:00
bundle-ops-clarity,legal_services,PASS,,4,c9eb7084-b82d-4838-83cc-62b5e818f06c,"",5,2026-09-22T13:56:03.3354237+02:00
setup-quick,localization,PASS,,2,62b419f4-3a5a-4386-ab26-919ba2d95eef,"",5,2026-09-22T13:56:33.0511614+02:00
setup-full,localization,PASS,,4,61525547-8a3a-4036-b11c-a8fb8d46fbc5,"",5,2026-09-22T13:57:02.9919550+02:00
setup-custom,localization,PASS,,3,57efb4fe-b3e3-4be2-b0f5-37be4e422fc8,"",5,2026-09-22T13:57:32.6031083+02:00
audit,localization,PASS,,2,eb24b66f-ecaf-467c-b585-b75b4769a756,"",5,2026-09-22T13:58:02.3054798+02:00
integration,localization,PASS,,3,7fb72692-a196-450a-94c6-86b02638d8e8,"",5,2026-09-22T13:58:31.9109981+02:00
workflow-design,localization,PASS,,2,18f728d4-37b4-4e93-aff7-a9db749ebf93,"",5,2026-09-22T13:59:01.9198521+02:00
support-priority,localization,PASS,,2,c9386129-a9e8-427b-af00-1aade2646b80,"",5,2026-09-22T13:59:20.7325451+02:00
support-priority,localization,PASS,,2,4c8ce307-61e1-4023-b4bb-f10f36197f15,"",6,2026-09-22T13:59:32.5611979+02:00
support-dedicated,localization,PASS,,2,3c7181e3-4694-4c8f-ad05-70adec743569,"",5,2026-09-22T13:59:50.5706262+02:00
support-dedicated,localization,PASS,,2,55134bb8-5800-4689-8d1f-b7636323f301,"",5,2026-09-22T14:00:02.5995220+02:00
landing,localization,PASS,,0,3f6384ec-ec54-44fc-ae48-f420ff3d7a6d,"",5,2026-09-22T14:00:20.1403205+02:00
website-business,localization,PASS,,0,cad844ef-f7b1-4fb5-95b0-1c194c86e17d,"",5,2026-09-22T14:00:30.4873566+02:00
landing,localization,PASS,,0,40e9fe8d-51a6-4896-b700-08e6b24fe508,"",5,2026-09-22T14:00:32.3905698+02:00
website-business,localization,PASS,,0,fdf816f7-c704-4dd1-a04d-6bd655216317,"",5,2026-09-22T14:00:49.8086791+02:00
website-ecommerce,localization,PASS,,0,ccefcfd2-9979-469e-a3df-bac9212bcb7a,"",5,2026-09-22T14:01:00.0213388+02:00
website-business,localization,PASS,,0,2453b3be-5c89-4e20-a8ab-2603682b8af3,"",5,2026-09-22T14:01:02.1426756+02:00
website-ecommerce,localization,PASS,,0,6a7e393a-8519-456c-ba22-e96417183fc5,"",5,2026-09-22T14:01:19.3512312+02:00
white-label-setup,localization,PASS,,2,929331b9-f07a-4cac-ba79-c6108cb34737,"",4,2026-09-22T14:01:29.5183966+02:00
website-ecommerce,localization,PASS,,0,08208b3d-20b4-4284-b4a4-3ff0e11ecce0,"",7,2026-09-22T14:01:34.6380239+02:00
white-label-setup,localization,PASS,,2,2bf2d2f5-06f5-4ce5-96b1-6de6ed83795d,"",5,2026-09-22T14:01:49.1462820+02:00
sales-enablement,localization,PASS,,2,8f1b5688-003d-4534-8fa2-98e7f28fc93e,"",4,2026-09-22T14:01:59.0054622+02:00
white-label-setup,localization,PASS,,2,fceb5e47-47a8-496e-b179-5ded5c014ec3,"",5,2026-09-22T14:02:04.9346584+02:00
sales-enablement,localization,PASS,,2,fa9bf7a0-a136-4228-8633-777ae272caf6,"",5,2026-09-22T14:02:18.7415995+02:00
vertical-package,localization,PASS,,2,1e25c39c-10dc-4453-a1fd-74bdcc6d969e,"",5,2026-09-22T14:02:28.5441535+02:00
sales-enablement,localization,PASS,,2,68365504-254b-45ba-bcec-cce313d92cbe,"",5,2026-09-22T14:02:34.6015537+02:00
vertical-package,localization,PASS,,2,6c986b51-136a-47e6-b021-bc3bc2b9aa91,"",5,2026-09-22T14:02:48.3085516+02:00
lead-gen-retainer,localization,PASS,,3,9512c5fc-1252-4c89-9b0c-3510a7a935ad,"",4,2026-09-22T14:02:58.0021017+02:00
vertical-package,localization,PASS,,2,6153b133-d8bd-40db-809e-71dce80da124,"",5,2026-09-22T14:03:04.2640006+02:00
lead-gen-retainer,localization,PASS,,3,306b445b-18ff-49f9-bb45-909f9270ee81,"",9,2026-09-22T14:03:22.1509176+02:00
ai-support-retainer,localization,PASS,,3,8915294b-89dc-433e-81bc-ea738a251b2f,"",5,2026-09-22T14:03:27.8194816+02:00
lead-gen-retainer,localization,PASS,,3,d0371638-5abf-459e-9de0-7fd4f15e9f29,"",5,2026-09-22T14:03:33.8814011+02:00
ai-support-retainer,localization,PASS,,3,17fe46fd-05f6-433a-bbf7-868a798f41b4,"",5,2026-09-22T14:03:51.7540654+02:00
custom-software,localization,PASS,,2,88058d52-d0a1-4805-9551-45758ca066de,"",5,2026-09-22T14:03:57.7995848+02:00
ai-support-retainer,localization,PASS,,3,33eef22e-cb7a-4d4b-a504-0627bc69e467,"",5,2026-09-22T14:04:03.9931020+02:00
custom-software,localization,PASS,,2,4e6123b0-0067-4733-a9a7-70b45e57b41a,"",4,2026-09-22T14:04:21.2494398+02:00
bundle-portal-presence,localization,PASS,,2,bf17fec5-7dbf-482f-9419-ce527ca6ded8,"",5,2026-09-22T14:04:27.5444044+02:00
custom-software,localization,PASS,,2,76a418cc-2da7-4a05-9c38-500c31b16d70,"",5,2026-09-22T14:04:34.0322720+02:00
bundle-portal-presence,localization,PASS,,2,575104c6-b9af-4a5c-8860-7f34a85d944e,"",5,2026-09-22T14:04:50.8038411+02:00
bundle-sales-launch,localization,PASS,,2,4888ae9c-b40f-4189-aca8-33fc09a74ac2,"",5,2026-09-22T14:04:57.1680933+02:00
bundle-portal-presence,localization,PASS,,2,3515f10f-9f11-4efe-8619-c89e45807282,"",5,2026-09-22T14:05:03.6080579+02:00
bundle-sales-launch,localization,PASS,,2,1349e832-7b90-4ec6-a6cd-28492dbfb6df,"",5,2026-09-22T14:05:20.3584335+02:00
bundle-ops-clarity,localization,PASS,,4,f1368b7c-a6d3-4e8a-b204-d91ff554c27f,"",4,2026-09-22T14:05:26.6743992+02:00
bundle-sales-launch,localization,PASS,,2,df8c6018-efc8-4b69-bb9f-6fa9e0c2ddf1,"",5,2026-09-22T14:05:33.1578345+02:00
bundle-ops-clarity,localization,PASS,,4,f35cc70d-70ab-40c7-973b-59dbb8d958f7,"",4,2026-09-22T14:05:49.8298610+02:00
setup-quick,marketing,PASS,,2,ca4f3b2b-b848-4717-ad53-4fef4cf37c77,"",47,2026-09-22T14:06:38.9580749+02:00
bundle-ops-clarity,localization,PASS,,4,9b3da745-7106-41b6-80fd-ef17804f5435,"",53,2026-09-22T14:06:50.7369892+02:00
setup-quick,marketing,PASS,,2,a9154b85-06eb-473d-9833-aec26383490c,"",50,2026-09-22T14:07:05.0605727+02:00
setup-full,marketing,PASS,,4,aefc6376-b130-4f65-8180-69f1c9e15dc8,"",4,2026-09-22T14:07:08.4538212+02:00
setup-quick,marketing,PASS,,2,a9e03f93-f2e0-40c1-9fc9-fe1d889c3ca7,"",5,2026-09-22T14:07:20.3034209+02:00
setup-full,marketing,PASS,,4,729b5d98-4f6e-483a-915b-8bd6a7d429cd,"",5,2026-09-22T14:07:34.5997776+02:00
setup-custom,marketing,PASS,,3,5beb1344-0fa0-4b00-9ca0-ba61eb2e7a88,"",5,2026-09-22T14:07:37.9891326+02:00
setup-full,marketing,PASS,,4,1fac6115-1dfc-4c2a-b77e-4b4b3e0ae836,"",5,2026-09-22T14:07:49.9273538+02:00
setup-custom,marketing,PASS,,3,46a40cea-c516-4060-8e3f-1eb1a1035de7,"",4,2026-09-22T14:08:04.0480220+02:00
audit,marketing,PASS,,2,bda21b5d-37b1-4ded-a3a1-07bb93c540aa,"",4,2026-09-22T14:08:07.4720578+02:00
setup-custom,marketing,PASS,,3,e242ecd6-a27d-42a6-8833-bb22c6423f73,"",5,2026-09-22T14:08:19.8473962+02:00
audit,marketing,PASS,,2,10d5e5e8-1562-416a-a51a-3382078d296f,"",5,2026-09-22T14:08:33.6676965+02:00
integration,marketing,PASS,,3,b50c3f65-3c42-4aef-86ad-4cec60ba28fc,"",5,2026-09-22T14:08:36.9837648+02:00
audit,marketing,PASS,,2,f1351ae2-cf9c-4e4b-970e-b96d7152f8b1,"",4,2026-09-22T14:08:49.3668586+02:00
integration,marketing,PASS,,3,05c531fb-91dc-4a0a-9376-d8db326b0bf0,"",5,2026-09-22T14:09:03.4482718+02:00
workflow-design,marketing,PASS,,2,eb0bdf9b-3821-4704-867c-d01af456ee3d,"",5,2026-09-22T14:09:06.5451610+02:00
integration,marketing,PASS,,3,879f7058-9fc8-450b-8e79-23781203d122,"",5,2026-09-22T14:09:18.9244170+02:00
workflow-design,marketing,PASS,,2,1f792034-c1d5-4ab2-9805-11b7a3f84591,"",5,2026-09-22T14:09:33.0962133+02:00
support-priority,marketing,PASS,,2,1a5a7cb8-19f6-4bc2-bbe3-194cea58f91c,"",4,2026-09-22T14:09:36.0095685+02:00
workflow-design,marketing,PASS,,2,714c5803-4825-4c3b-9163-22be5d3c9404,"",5,2026-09-22T14:09:48.5824049+02:00
support-priority,marketing,PASS,,2,2dcdc8a9-a759-482d-a5df-89b8f5f8c24d,"",4,2026-09-22T14:10:02.5711351+02:00
support-dedicated,marketing,PASS,,2,64b18bb3-ac1e-4024-b69d-45ecf2c847b5,"",5,2026-09-22T14:10:05.7518997+02:00
support-priority,marketing,PASS,,2,b101c9c5-f2bd-4ea6-9a01-5e7dc8ad0d41,"",5,2026-09-22T14:10:18.2424155+02:00
support-dedicated,marketing,PASS,,2,71a4a5f2-b2fc-4763-a4c4-dc88e73383d9,"",5,2026-09-22T14:10:32.1408743+02:00
landing,marketing,PASS,,0,fc017f52-4d2c-4c74-aea5-6d20b8217ff7,"",5,2026-09-22T14:10:35.4792049+02:00
support-dedicated,marketing,PASS,,2,0c4e16de-62e4-4a2a-9d29-ae05c1bfb8cf,"",5,2026-09-22T14:10:47.9214418+02:00
landing,marketing,PASS,,0,a07b01c8-c86a-46ce-9432-4cee5f8bd705,"",5,2026-09-22T14:11:01.8073115+02:00
website-business,marketing,PASS,,0,24469e56-5618-453a-ad73-cd5720cc5e6b,"",5,2026-09-22T14:11:05.8869304+02:00
landing,marketing,PASS,,0,be25fea1-3f49-4f3f-a838-d9ce64fd43ca,"",5,2026-09-22T14:11:17.4746516+02:00
website-business,marketing,PASS,,0,edc952e3-1b7e-4f87-9e17-d027ee1d8354,"",5,2026-09-22T14:11:31.3404515+02:00
website-ecommerce,marketing,PASS,,0,d9d11d34-cc55-424a-ac57-1f8f58ce83ad,"",5,2026-09-22T14:11:35.6075477+02:00
website-business,marketing,PASS,,0,855f82c0-2449-4580-8aed-9b6d4fe17f6f,"",5,2026-09-22T14:11:47.1714176+02:00
website-ecommerce,marketing,PASS,,0,10756c49-fb38-4446-825b-7998108414dc,"",5,2026-09-22T14:12:01.2817490+02:00
white-label-setup,marketing,PASS,,2,7dcaa3db-762a-40b1-8ee9-40b171d7a7d3,"",5,2026-09-22T14:12:05.5429497+02:00
website-ecommerce,marketing,PASS,,0,7137b773-0ca0-4eef-aa8a-c165088285fa,"",10,2026-09-22T14:12:22.4153513+02:00
white-label-setup,marketing,PASS,,2,2787fe7f-d1e3-45b2-89af-fb66fde72816,"",5,2026-09-22T14:12:31.5564618+02:00
sales-enablement,marketing,PASS,,2,fde04ee5-5c69-49dc-9f5d-a56abf04431e,"",6,2026-09-22T14:12:36.5058345+02:00
white-label-setup,marketing,PASS,,2,bbdeff0f-b278-4b50-b492-0a51dce5a1b0,"",5,2026-09-22T14:12:52.1884583+02:00
sales-enablement,marketing,PASS,,2,5ffb10bf-b3ef-456f-9ca8-e555decab4cc,"",5,2026-09-22T14:13:01.1179551+02:00
vertical-package,marketing,PASS,,2,b46f2799-362c-4706-8ccc-9ed5c3386a39,"",5,2026-09-22T14:13:06.1435710+02:00
sales-enablement,marketing,PASS,,2,b97c05e7-0157-4f47-8a86-a1f65e25240a,"",5,2026-09-22T14:13:22.1064103+02:00
vertical-package,marketing,PASS,,2,653fbfd4-9e81-46e9-b43f-64e6604cd423,"",4,2026-09-22T14:13:30.8597565+02:00
lead-gen-retainer,marketing,PASS,,3,ddcf7b47-2cf4-49fd-9bb0-728e57991504,"",13,2026-09-22T14:13:44.3642914+02:00
vertical-package,marketing,PASS,,2,0cb64f5b-93ca-47e8-8f40-dcd067268f64,"",5,2026-09-22T14:13:51.7732315+02:00
lead-gen-retainer,marketing,PASS,,3,e6e0f73e-62e1-40ee-8a45-5e1addb6d10c,"",9,2026-09-22T14:14:04.6032842+02:00
ai-support-retainer,marketing,PASS,,3,753230cd-4a9d-4611-94e4-dbf7c3104718,"",5,2026-09-22T14:14:14.1515183+02:00
lead-gen-retainer,marketing,PASS,,3,361cd15b-8328-4390-abfa-97b9fd7a09c4,"",9,2026-09-22T14:14:25.3721518+02:00
ai-support-retainer,marketing,PASS,,3,b423b964-a1b5-46dd-9655-500668b24cc8,"",5,2026-09-22T14:14:34.1291013+02:00
custom-software,marketing,PASS,,2,b27bffe5-eb44-4355-9e47-84a384005d3b,"",4,2026-09-22T14:14:43.6205584+02:00
ai-support-retainer,marketing,PASS,,3,56368fe5-f69a-4eed-b22d-4234d4a61f3e,"",5,2026-09-22T14:14:54.9786854+02:00
custom-software,marketing,PASS,,2,99907861-1582-412e-8c07-8457bd001a0b,"",5,2026-09-22T14:15:03.6771503+02:00
bundle-portal-presence,marketing,PASS,,2,9430b463-ddff-4b4d-8843-bce5bdb2761e,"",4,2026-09-22T14:15:13.1134773+02:00
custom-software,marketing,PASS,,2,a2eb2edd-b4a5-411a-811e-212c9775ad8e,"",5,2026-09-22T14:15:24.5188855+02:00
bundle-portal-presence,marketing,PASS,,2,ef5404cb-3b35-49d6-91ec-b974cdadbcdc,"",4,2026-09-22T14:15:33.1126265+02:00
bundle-sales-launch,marketing,PASS,,2,f388fcdf-172b-4bda-afb4-8c8229deb396,"",4,2026-09-22T14:15:42.5800190+02:00
bundle-portal-presence,marketing,PASS,,2,96489632-dbac-42c8-b980-0db0fbea7775,"",5,2026-09-22T14:15:54.0766030+02:00
bundle-sales-launch,marketing,PASS,,2,daba5186-3cb8-4ccb-965f-fc5cdd0a4fe8,"",5,2026-09-22T14:16:02.6691763+02:00
bundle-ops-clarity,marketing,PASS,,4,f940e2b0-5daf-4f43-8b36-0a3b25b8ab6a,"",5,2026-09-22T14:16:12.2475863+02:00
bundle-sales-launch,marketing,PASS,,2,2d5ff822-012c-4f55-bbb9-89205a78818e,"",5,2026-09-22T14:16:23.7199425+02:00
bundle-ops-clarity,marketing,PASS,,4,25e269a1-a415-4e27-b13d-28a37c967b87,"",5,2026-09-22T14:16:32.3506809+02:00
setup-quick,photography,PASS,,2,a3b75d4d-e500-479d-8131-0dcb9b365fc1,"",4,2026-09-22T14:16:41.7686738+02:00
bundle-ops-clarity,marketing,PASS,,4,ac0f878d-c754-4e78-8ad3-e8b09c3b8894,"",4,2026-09-22T14:16:53.2227762+02:00
setup-quick,photography,PASS,,2,3bfe8220-32a1-4a88-9fb1-695daa479165,"",5,2026-09-22T14:17:02.1183755+02:00
setup-full,photography,PASS,,4,184249ac-c1cf-4ae6-b108-381b449dc1c8,"",6,2026-09-22T14:17:12.4946187+02:00
setup-quick,photography,PASS,,2,b37eaf2c-cd3c-4ed7-9fe2-c51e2c109d8e,"",5,2026-09-22T14:17:22.8889420+02:00
setup-full,photography,PASS,,4,dec092ba-dbe9-4257-b930-9de876a4dbc3,"",4,2026-09-22T14:17:31.6219546+02:00
setup-custom,photography,PASS,,3,29a01d17-22c9-4368-bbc3-0076240ea2ab,"",5,2026-09-22T14:17:42.0488110+02:00
setup-full,photography,PASS,,4,082fd06a-c843-46ed-9941-0ae8d83f0aa1,"",5,2026-09-22T14:17:52.7636730+02:00
setup-custom,photography,PASS,,3,aa574786-f77b-4b2c-a976-d4167963edda,"",5,2026-09-22T14:18:01.2208180+02:00
audit,photography,PASS,,2,ddebd339-7cfe-4fd6-b59d-3dff94847d0d,"",5,2026-09-22T14:18:11.6750011+02:00
setup-custom,photography,PASS,,3,f1c1fbdd-965b-40f9-8120-8f1ddf2fd82e,"",4,2026-09-22T14:18:22.2368606+02:00
audit,photography,PASS,,2,7658e9f8-e2b3-4260-8471-a0b021a05ce6,"",5,2026-09-22T14:18:30.7534491+02:00
integration,photography,PASS,,3,3ac0f740-f1a4-49e3-95df-8aa7b61b017e,"",4,2026-09-22T14:18:41.1144776+02:00
audit,photography,PASS,,2,4756bbd4-eb1c-4f93-89b2-e5c9bfcffad6,"",4,2026-09-22T14:18:51.7428637+02:00
integration,photography,PASS,,3,358efe7a-2653-4b7f-8393-3b36f167e96b,"",5,2026-09-22T14:19:00.2789119+02:00
workflow-design,photography,PASS,,2,e36080d0-fcf8-4d3e-9a1a-e8bda2579d44,"",4,2026-09-22T14:19:10.6037805+02:00
integration,photography,PASS,,3,7c293bd0-276b-418b-b0a2-234d28f35d45,"",5,2026-09-22T14:19:21.3105845+02:00
workflow-design,photography,PASS,,2,9a53f559-9b2c-4ca0-994a-5927f6d4bcc1,"",5,2026-09-22T14:19:29.8113484+02:00
support-priority,photography,PASS,,2,44183258-2115-4c27-b0e8-9bf6e836849b,"",4,2026-09-22T14:19:40.0917509+02:00
workflow-design,photography,PASS,,2,f673569d-8082-4e3b-b22c-f397d9f5d5b8,"",5,2026-09-22T14:19:51.0215440+02:00
support-priority,photography,PASS,,2,1f9d89df-52dc-4b2f-8fc4-bb74229d4d52,"",5,2026-09-22T14:19:59.3713792+02:00
support-dedicated,photography,PASS,,2,2d5a2d8b-99c8-4da9-8259-824eb772a091,"",5,2026-09-22T14:20:09.8765370+02:00
support-priority,photography,PASS,,2,2a55c653-cc01-4824-b258-7539e42809fe,"",5,2026-09-22T14:20:21.1051099+02:00
support-dedicated,photography,PASS,,2,5375abbf-5a69-44e3-9f73-7f7e0a77d15f,"",5,2026-09-22T14:20:28.9040766+02:00
landing,photography,PASS,,0,87af0c50-ec96-4b9c-9c36-05d1cb3cccf3,"",5,2026-09-22T14:20:39.4256934+02:00
support-dedicated,photography,PASS,,2,c494cc91-16b0-44e6-857f-0170bc825506,"",5,2026-09-22T14:20:50.9415498+02:00
landing,photography,PASS,,0,84ca7921-c498-4e5f-a591-f2b0bd55ac57,"",5,2026-09-22T14:20:58.4463061+02:00
website-business,photography,PASS,,0,a5b4e2e1-2c32-4f72-b8bb-86e343483a4b,"",5,2026-09-22T14:21:09.4140468+02:00
landing,photography,PASS,,0,8ad4a831-ea1b-4d36-a792-6ad78fa8f141,"",5,2026-09-22T14:21:20.4732940+02:00
website-business,photography,PASS,,0,2935d8b8-745b-4851-a99e-8e9460995c5d,"",5,2026-09-22T14:21:28.0824273+02:00
website-ecommerce,photography,PASS,,0,846a18cf-2bd7-4f21-b726-0b80f8e13239,"",5,2026-09-22T14:21:38.9283588+02:00
website-business,photography,PASS,,0,64fc8565-5d18-4acb-9a06-77b3afe5db29,"",5,2026-09-22T14:21:50.0830972+02:00
website-ecommerce,photography,PASS,,0,488fdce2-ca3f-4e2f-bfbe-fb15a18c513b,"",4,2026-09-22T14:21:57.5798795+02:00
white-label-setup,photography,PASS,,2,6576e7e0-4950-45d3-b905-f4aa4a8db077,"",5,2026-09-22T14:22:08.4994186+02:00
website-ecommerce,photography,PASS,,0,83ef5420-546f-4c80-8855-a402ae704d5c,"",5,2026-09-22T14:22:19.8040262+02:00
white-label-setup,photography,PASS,,2,0daf1da3-11c1-4b5f-a1a5-e7727ef595a8,"",5,2026-09-22T14:22:27.1825117+02:00
sales-enablement,photography,PASS,,2,be359c58-afd5-49d8-9c3c-7161cfe4ad91,"",5,2026-09-22T14:22:38.1133761+02:00
white-label-setup,photography,PASS,,2,e6b232e0-c661-4072-b149-2a4b74f2b4ee,"",5,2026-09-22T14:22:49.3269984+02:00
sales-enablement,photography,PASS,,2,68ef6fd0-d935-4f92-b6be-eae96c1b276d,"",4,2026-09-22T14:22:56.6583627+02:00
vertical-package,photography,PASS,,2,5eda68f4-3885-4bd4-ae04-f59b372515ce,"",5,2026-09-22T14:23:07.9599280+02:00
sales-enablement,photography,PASS,,2,b085e005-7a35-47a7-83c0-9bb3cad6836c,"",5,2026-09-22T14:23:18.8834756+02:00
vertical-package,photography,PASS,,2,c35f204d-cb60-4edc-ba6c-af04a84cabbc,"",5,2026-09-22T14:23:26.2570489+02:00
lead-gen-retainer,photography,PASS,,3,a963a20c-1ba7-47f8-a4a5-d0dab9c3ab5c,"",9,2026-09-22T14:23:41.6372931+02:00
vertical-package,photography,PASS,,2,58e29115-59a1-4f65-bf65-3c8cef46f665,"",5,2026-09-22T14:23:48.4507225+02:00
lead-gen-retainer,photography,PASS,,3,b2dbed46-0a7a-41f2-8705-30d8c5a114e2,"",5,2026-09-22T14:23:55.9872670+02:00
ai-support-retainer,photography,PASS,,3,d90cd45e-d992-43af-8b70-7a150394a337,"",5,2026-09-22T14:24:11.2811299+02:00
lead-gen-retainer,photography,PASS,,3,a698ff7a-e461-4d87-948e-cbdf37784d3a,"",9,2026-09-22T14:24:22.0190251+02:00
ai-support-retainer,photography,PASS,,3,cb03181b-9557-46b8-973e-94c56d6b9431,"",5,2026-09-22T14:24:25.5077284+02:00
custom-software,photography,PASS,,2,e0ca60d4-4cc8-4c9b-8e57-e3ca9386bd37,"",5,2026-09-22T14:24:40.8243470+02:00
ai-support-retainer,photography,PASS,,3,c52cd5c0-7898-4eb4-940a-2cdc8c9af4b0,"",4,2026-09-22T14:24:51.5070181+02:00
custom-software,photography,PASS,,2,a0669be9-7016-4b49-bd76-e4ca7bde500f,"",4,2026-09-22T14:24:54.9593277+02:00
bundle-portal-presence,photography,PASS,,2,59d80c4f-a10e-4803-a061-59aa6cd624f8,"",5,2026-09-22T14:25:10.7616000+02:00
custom-software,photography,PASS,,2,939e6231-e0f6-4483-91f6-630e709ec805,"",5,2026-09-22T14:25:21.2128916+02:00
bundle-portal-presence,photography,PASS,,2,924f1a24-68b1-4abf-bbad-63f2ffc4eecd,"",4,2026-09-22T14:25:24.4564958+02:00
bundle-sales-launch,photography,PASS,,2,6fdd6a70-1ba3-4bd8-8440-391bd91aed92,"",5,2026-09-22T14:25:40.6420321+02:00
bundle-portal-presence,photography,PASS,,2,410cc560-83e3-425c-9879-01964e370f6b,"",5,2026-09-22T14:25:51.0845817+02:00
bundle-sales-launch,photography,PASS,,2,1146bad5-e464-4a12-a590-f4764489ca0a,"",4,2026-09-22T14:25:53.9537099+02:00
bundle-ops-clarity,photography,PASS,,4,7921484c-2402-4e47-92ee-621d210dbcf5,"",5,2026-09-22T14:26:10.1569733+02:00
bundle-sales-launch,photography,PASS,,2,2fd3f635-e0a6-4472-9315-b4e705f00647,"",5,2026-09-22T14:26:20.8615504+02:00
bundle-ops-clarity,photography,PASS,,4,fbc8ad0a-8ffc-4e18-aa6c-d65fc6035604,"",4,2026-09-22T14:26:23.4687165+02:00
setup-quick,product_project_management,PASS,,2,55fe04b9-5944-429a-8131-a2521f223d77,"",5,2026-09-22T14:26:39.8576199+02:00
bundle-ops-clarity,photography,PASS,,4,5cee7463-d102-49e9-9b28-76748fc56d29,"",5,2026-09-22T14:26:50.4802712+02:00
setup-quick,product_project_management,PASS,,2,da0945c4-b239-4e8a-8fe6-4abdfbc56431,"",5,2026-09-22T14:26:53.0606880+02:00
setup-full,product_project_management,PASS,,4,6d2e90eb-d559-40c2-a326-258276a08ffd,"",5,2026-09-22T14:27:09.3925478+02:00
setup-quick,product_project_management,PASS,,2,1fb00614-deda-4ec4-8e4f-650842d750a6,"",5,2026-09-22T14:27:20.1366646+02:00
setup-full,product_project_management,PASS,,4,b18463ca-6fc5-47c2-a543-e5639df6e6e1,"",5,2026-09-22T14:27:22.8028858+02:00
setup-custom,product_project_management,PASS,,3,beba21f7-4e3c-4188-98c8-85b52669df5e,"",5,2026-09-22T14:27:38.9684701+02:00
setup-full,product_project_management,PASS,,4,15bb8eb6-5652-48b6-ac2f-56462cb9278d,"",4,2026-09-22T14:27:49.6168834+02:00
setup-custom,product_project_management,PASS,,3,417661cb-78b2-453e-88bb-927c726af0cd,"",4,2026-09-22T14:27:52.3091169+02:00
audit,product_project_management,PASS,,2,0016c626-bd05-49d8-b196-4f87ed10effe,"",5,2026-09-22T14:28:08.6424920+02:00
setup-custom,product_project_management,PASS,,3,c856bf6e-dc8e-43d3-9421-c67740d1d2c4,"",5,2026-09-22T14:28:19.2280389+02:00
audit,product_project_management,PASS,,2,2b03ef95-83ad-4529-b9c0-bb70e321626a,"",4,2026-09-22T14:28:21.7697205+02:00
integration,product_project_management,PASS,,3,1d965eb7-f090-42ad-8392-b2a141d3e45f,"",4,2026-09-22T14:28:38.0874121+02:00
audit,product_project_management,PASS,,2,40a68450-84a2-4d13-81b9-87a158efe961,"",5,2026-09-22T14:28:48.7498117+02:00
integration,product_project_management,PASS,,3,9de5ece3-8e8e-46eb-b152-ad3bb10d1218,"",5,2026-09-22T14:28:51.4668685+02:00
workflow-design,product_project_management,PASS,,2,920db14e-afb6-449f-8362-49c0e52bc409,"",5,2026-09-22T14:29:07.8822415+02:00
integration,product_project_management,PASS,,3,7fe2a25a-d56c-47df-98ce-e7de14637070,"",4,2026-09-22T14:29:18.2277194+02:00
workflow-design,product_project_management,PASS,,2,efa00eb5-2d40-4ffb-94be-6d1f1e88ac2e,"",4,2026-09-22T14:29:20.9063651+02:00
support-priority,product_project_management,PASS,,2,7f832d87-8e92-4f95-b05f-a88970db1f38,"",4,2026-09-22T14:29:37.4014138+02:00
workflow-design,product_project_management,PASS,,2,728546cc-c5a1-4e83-99b2-334e10c3a0fe,"",5,2026-09-22T14:29:47.8150190+02:00
support-priority,product_project_management,PASS,,2,f5882d69-4e8b-4905-8831-c995ea47ce61,"",4,2026-09-22T14:29:50.4004523+02:00
support-dedicated,product_project_management,PASS,,2,89f36fa5-055b-4016-badc-4558fb9a221d,"",5,2026-09-22T14:30:07.2182147+02:00
support-priority,product_project_management,PASS,,2,f7cd385f-b135-43b6-9fe4-43d417aec342,"",5,2026-09-22T14:30:17.4579863+02:00
support-dedicated,product_project_management,PASS,,2,3097bab6-e7a6-4056-96ef-0357b95ac347,"",5,2026-09-22T14:30:19.9518754+02:00
landing,product_project_management,PASS,,0,02de941a-244a-4925-9add-ad25b28916e8,"",4,2026-09-22T14:30:36.7083765+02:00
support-dedicated,product_project_management,PASS,,2,2ab0e3db-a02c-4740-80db-7f45acfdd4b0,"",5,2026-09-22T14:30:47.0907963+02:00
landing,product_project_management,PASS,,0,a41dfbcb-1275-4626-9cb6-2d3ca38aa402,"",4,2026-09-22T14:30:49.4109790+02:00
website-business,product_project_management,PASS,,0,45b6ef93-b802-4b3b-ae68-d798770da49a,"",5,2026-09-22T14:31:06.5016454+02:00
landing,product_project_management,PASS,,0,f3efe26c-617e-4b7f-97a3-68291622604c,"",4,2026-09-22T14:31:16.5570605+02:00
website-business,product_project_management,PASS,,0,cfb1261d-0785-4639-9826-ba3520c470f6,"",4,2026-09-22T14:31:18.8398565+02:00
website-ecommerce,product_project_management,PASS,,0,67624bee-b503-47d7-ad0a-11411129762b,"",4,2026-09-22T14:31:35.9933056+02:00
website-business,product_project_management,PASS,,0,eb965adb-f9d4-4244-8709-3b2c82e60588,"",4,2026-09-22T14:31:46.0562256+02:00
website-ecommerce,product_project_management,PASS,,0,271b17d6-bbc1-4bc3-af50-0951361e8d4c,"",4,2026-09-22T14:31:48.2919624+02:00
white-label-setup,product_project_management,PASS,,2,891f6ad3-b425-44b1-a518-2bea56cd4a60,"",5,2026-09-22T14:32:05.5462797+02:00
website-ecommerce,product_project_management,PASS,,0,e0cd94e1-8e0a-4f66-ae78-853219af0a0e,"",4,2026-09-22T14:32:15.5308392+02:00
sales-enablement,product_project_management,PASS,,2,9870926b-4ff9-440c-aba8-1e4c4a205653,"",4,2026-09-22T14:32:34.9892547+02:00
white-label-setup,product_project_management,PASS,,2,b4b8c5dc-2b36-46cf-9a9c-32d12c1d7bb1,"",5,2026-09-22T14:32:45.2187125+02:00
vertical-package,product_project_management,PASS,,2,f8f83ee6-c3d6-49c3-a0f0-a346a8108052,"",4,2026-09-22T14:33:04.5054655+02:00
sales-enablement,product_project_management,PASS,,2,0c5c5d02-eec5-4644-bdf5-a57649f3e1f9,"",4,2026-09-22T14:33:14.7052917+02:00
lead-gen-retainer,product_project_management,PASS,,3,3108edad-572d-49ee-8201-8e95c1bfb2ac,"",9,2026-09-22T14:33:38.1106699+02:00
vertical-package,product_project_management,PASS,,2,06b869bd-1322-4fec-bcba-f0a20680e435,"",5,2026-09-22T14:33:44.3281563+02:00
ai-support-retainer,product_project_management,PASS,,3,5c96694a-1f08-4c08-9478-168a21826f04,"",5,2026-09-22T14:34:07.7947469+02:00
lead-gen-retainer,product_project_management,PASS,,3,1ad0bb7a-a1e1-42b2-af55-056c71d77cfb,"",13,2026-09-22T14:34:22.3574919+02:00
custom-software,product_project_management,PASS,,2,cbe6b0b0-0784-44cd-be63-c93d4313af70,"",5,2026-09-22T14:34:37.3290557+02:00
ai-support-retainer,product_project_management,PASS,,3,56f31c9b-1230-4f96-9975-433fd9a68837,"",5,2026-09-22T14:34:51.8712107+02:00
bundle-portal-presence,product_project_management,PASS,,2,91d3a283-f264-4261-b257-1e87ce1a9064,"",5,2026-09-22T14:35:06.9839335+02:00
custom-software,product_project_management,PASS,,2,6cbe1658-5b18-4c6d-b1ae-0d9611003ea9,"",5,2026-09-22T14:35:21.4246179+02:00
bundle-sales-launch,product_project_management,PASS,,2,9c1ae9c4-d0ed-4e74-ada1-452745a0b16a,"",5,2026-09-22T14:35:36.5906528+02:00
bundle-portal-presence,product_project_management,PASS,,2,d9aa40c2-f94d-4a07-aec9-28da0784141a,"",5,2026-09-22T14:35:50.9658733+02:00
bundle-ops-clarity,product_project_management,PASS,,4,521b4c4d-f768-48e7-9509-9c131f963a72,"",5,2026-09-22T14:36:06.4331013+02:00
bundle-sales-launch,product_project_management,PASS,,2,a60d35e4-c81c-42f0-b4bf-f5bcfebae975,"",5,2026-09-22T14:36:20.4812078+02:00
setup-quick,real_estate_services,PASS,,2,0a4e04a0-8207-43ee-9085-8a9badde7662,"",5,2026-09-22T14:36:36.1127817+02:00
bundle-ops-clarity,product_project_management,PASS,,4,b3060a21-7b22-445c-b85e-e8debafd8575,"",5,2026-09-22T14:36:50.1940642+02:00
setup-full,real_estate_services,PASS,,4,ffb61e64-b160-4df7-9162-145702fcb4d7,"",5,2026-09-22T14:37:05.6798479+02:00
setup-quick,real_estate_services,PASS,,2,9cf05c96-6e83-4100-a182-fa8f81a441e0,"",4,2026-09-22T14:37:19.6874672+02:00
setup-custom,real_estate_services,PASS,,3,77a3b44d-7012-4a98-a81b-1a56bf8f767e,"",5,2026-09-22T14:37:35.2183742+02:00
setup-full,real_estate_services,PASS,,4,ee8c4554-b0aa-43d8-8152-24417e8310ef,"",5,2026-09-22T14:37:49.2186666+02:00
audit,real_estate_services,PASS,,2,b50fd988-263d-4718-b97e-0bd22a3770a5,"",4,2026-09-22T14:38:04.6963275+02:00
setup-custom,real_estate_services,PASS,,3,e201d83e-5d17-46f0-af59-1a6a216b9fb9,"",5,2026-09-22T14:38:18.8996981+02:00
integration,real_estate_services,PASS,,3,c0f0f608-e478-4cb1-97a3-91a21c44ac17,"",5,2026-09-22T14:38:34.2161802+02:00
audit,real_estate_services,PASS,,2,5c71a5da-937c-4cc3-af34-427ad760a1fe,"",4,2026-09-22T14:38:48.3892287+02:00
workflow-design,real_estate_services,PASS,,2,f58c66f1-a0cd-4450-8994-14c706156a76,"",5,2026-09-22T14:39:03.8815439+02:00
integration,real_estate_services,PASS,,3,4079fb74-33a9-4d39-ad32-3bf70cd57fa8,"",5,2026-09-22T14:39:17.9003953+02:00
support-priority,real_estate_services,PASS,,2,69977b4e-fd40-4c25-a872-e6df7b021854,"",5,2026-09-22T14:39:33.4283739+02:00
workflow-design,real_estate_services,PASS,,2,da12d0dd-233b-4231-9e2e-37f988899cf1,"",4,2026-09-22T14:39:47.3676942+02:00
support-dedicated,real_estate_services,PASS,,2,084da59a-77b9-4035-ba44-f8530afb0c2c,"",5,2026-09-22T14:40:03.0838500+02:00
support-priority,real_estate_services,PASS,,2,ac25559e-b6be-4678-9993-57f4a5aa3998,"",5,2026-09-22T14:40:16.9112382+02:00
landing,real_estate_services,PASS,,0,2defb21a-4f65-4ff4-87cb-963d9db99440,"",5,2026-09-22T14:40:32.7579259+02:00
support-dedicated,real_estate_services,PASS,,2,f5b60888-623d-4574-8dd5-ed539aa9db0d,"",5,2026-09-22T14:40:46.7355083+02:00
website-business,real_estate_services,PASS,,0,5161455d-5b7c-4a28-9d13-dbb0d4a80a6c,"",5,2026-09-22T14:41:02.3798816+02:00
landing,real_estate_services,PASS,,0,5bd6e7a0-df7f-4d86-8886-8a0ae94a9648,"",5,2026-09-22T14:41:16.3163005+02:00
website-ecommerce,real_estate_services,PASS,,0,07a968cc-4960-4db9-ae3b-31b2b604dab7,"",4,2026-09-22T14:41:31.8873352+02:00
website-business,real_estate_services,PASS,,0,135f4b09-786a-472b-97f3-1c43c13c3b04,"",5,2026-09-22T14:41:45.9281789+02:00
white-label-setup,real_estate_services,PASS,,2,bd832842-20de-4e81-83bc-8678d773f7a5,"",5,2026-09-22T14:42:01.4478751+02:00
website-ecommerce,real_estate_services,PASS,,0,c730cf48-0331-4f2a-a391-20cc48f18c29,"",5,2026-09-22T14:42:15.5575153+02:00
sales-enablement,real_estate_services,PASS,,2,da00bf9b-7ec3-4ae4-af0b-ce7e44aff03a,"",5,2026-09-22T14:42:31.0583445+02:00
white-label-setup,real_estate_services,PASS,,2,ae432071-00b5-4328-b661-f166a29501c4,"",4,2026-09-22T14:42:45.0162295+02:00
vertical-package,real_estate_services,PASS,,2,a85187e8-7d41-4f80-ab45-cf509c3a08e5,"",5,2026-09-22T14:43:00.6674166+02:00
sales-enablement,real_estate_services,PASS,,2,9233746c-328e-415e-9f5a-351b47248da7,"",5,2026-09-22T14:43:14.7555792+02:00
lead-gen-retainer,real_estate_services,PASS,,3,240bdaf2-61bb-4d92-b385-b1d62c5b2b78,"",9,2026-09-22T14:43:34.5287951+02:00
vertical-package,real_estate_services,PASS,,2,4738d1a0-bd63-4406-9e7d-0010c475cba3,"",5,2026-09-22T14:43:44.3892300+02:00
ai-support-retainer,real_estate_services,PASS,,3,1c62d07e-e45d-45b6-9ac4-1b59b6165735,"",5,2026-09-22T14:44:04.0586376+02:00
lead-gen-retainer,real_estate_services,PASS,,3,99717549-1616-4ceb-befb-a6d8e5440869,"",13,2026-09-22T14:44:22.0839299+02:00
custom-software,real_estate_services,PASS,,2,97ab63c3-8c32-42fd-866d-642d5651d192,"",5,2026-09-22T14:44:33.7024986+02:00
ai-support-retainer,real_estate_services,PASS,,3,6ea7f4da-bed9-4d2e-9c87-79561042539e,"",4,2026-09-22T14:44:51.5870512+02:00
bundle-portal-presence,real_estate_services,PASS,,2,3f3d5056-92f8-4872-80fb-4e115252de69,"",4,2026-09-22T14:45:03.1891728+02:00
custom-software,real_estate_services,PASS,,2,a38f17e4-f17d-4a07-8eea-317f3adb23dc,"",5,2026-09-22T14:45:21.1235632+02:00
bundle-sales-launch,real_estate_services,PASS,,2,9fecd244-dd98-4932-9a92-42f22bed7434,"",5,2026-09-22T14:45:32.9920772+02:00
bundle-portal-presence,real_estate_services,PASS,,2,25f22712-f7c1-48d5-ae14-87cb95326cfa,"",5,2026-09-22T14:45:50.7260195+02:00
bundle-ops-clarity,real_estate_services,PASS,,4,e9eb33f1-3529-466b-946b-92cada874c44,"",5,2026-09-22T14:46:02.5437857+02:00
bundle-sales-launch,real_estate_services,PASS,,2,0c57ec63-4e9a-47ae-9812-64ada6f84808,"",4,2026-09-22T14:46:20.1683867+02:00
setup-quick,sales,PASS,,2,014fcece-66bf-413b-b6e6-33c72a74208f,"",4,2026-09-22T14:46:32.0166780+02:00
bundle-ops-clarity,real_estate_services,PASS,,4,89117c17-c3ca-4d1f-9484-486d1e876c68,"",5,2026-09-22T14:46:49.7574059+02:00
setup-full,sales,PASS,,4,fac65540-bb39-474a-8bbf-2363a26f260b,"",4,2026-09-22T14:47:01.4900472+02:00
setup-quick,sales,PASS,,2,0ad6ec5c-e6d1-49fc-8875-5f8ec16a1525,"",4,2026-09-22T14:47:19.2197802+02:00
setup-custom,sales,PASS,,3,86d65b61-ecf0-4e05-8c26-47928e5e006c,"",5,2026-09-22T14:47:31.0260968+02:00
setup-full,sales,PASS,,4,90138c2b-dfd3-4e4e-be23-cde0e7d12fa3,"",5,2026-09-22T14:47:48.7774847+02:00
audit,sales,PASS,,2,80892e79-52e5-48dc-bfdf-c7fadbf5a168,"",4,2026-09-22T14:48:00.5116619+02:00
setup-custom,sales,PASS,,3,35177647-ca3c-4258-9523-1e207e138703,"",5,2026-09-22T14:48:18.3481728+02:00
integration,sales,PASS,,3,8cd74327-e9e6-4d50-8210-a08f027cccdc,"",4,2026-09-22T14:48:30.0195534+02:00
audit,sales,PASS,,2,11ab8a6d-707d-41d1-a144-39e1b4e7a35b,"",4,2026-09-22T14:48:47.8254274+02:00
workflow-design,sales,PASS,,2,9d321d3f-d9b1-456a-ba89-7cd690368547,"",4,2026-09-22T14:48:59.5129453+02:00
integration,sales,PASS,,3,e7c247d5-4e61-4f9d-9bd5-9ceafdc21c23,"",4,2026-09-22T14:49:17.2984104+02:00
support-priority,sales,PASS,,2,c3af8f30-f9a9-4816-9da1-50c467f8edbe,"",5,2026-09-22T14:49:29.4080483+02:00
workflow-design,sales,PASS,,2,de66544f-0668-4372-853b-c381c4ef7d31,"",4,2026-09-22T14:49:46.7314242+02:00
support-dedicated,sales,PASS,,2,b8efeccc-fcf4-40aa-bd99-cd61c6d7c58c,"",5,2026-09-22T14:49:58.9434326+02:00
support-priority,sales,PASS,,2,4bc1ae01-9fea-45a3-97a4-fe47e8b370a1,"",4,2026-09-22T14:50:16.2019098+02:00
landing,sales,PASS,,0,6dbb4483-357f-4b35-afd4-6399e67775f4,"",5,2026-09-22T14:50:28.4632788+02:00
support-dedicated,sales,PASS,,2,6bc52082-1a62-407a-b921-96d7f29da7ca,"",5,2026-09-22T14:50:45.7227741+02:00
website-business,sales,PASS,,0,9d8d3246-8fe0-4eed-b2e5-12e93d49e7ec,"",5,2026-09-22T14:50:58.0237533+02:00
landing,sales,PASS,,0,09413511-fba7-499f-9286-c01af1c1bff9,"",4,2026-09-22T14:51:15.2305949+02:00
website-ecommerce,sales,PASS,,0,35949658-2443-4995-884e-3f0a703185fd,"",4,2026-09-22T14:51:27.5306696+02:00
website-business,sales,PASS,,0,f0cae74d-abcf-44df-8e15-295485401c9c,"",4,2026-09-22T14:51:44.6898939+02:00
white-label-setup,sales,PASS,,2,49f3f819-05f2-4902-adf8-3f3d53805232,"",4,2026-09-22T14:51:57.0339743+02:00
website-ecommerce,sales,PASS,,0,7ce4aecd-a0aa-4996-9d46-bf6a78cd64a4,"",5,2026-09-22T14:52:14.7168304+02:00
sales-enablement,sales,PASS,,2,49abe931-dbe4-497c-b2cd-96edc242bdcc,"",7,2026-09-22T14:52:29.2540190+02:00
white-label-setup,sales,PASS,,2,6aa44c34-85a9-4d97-930f-1896287ca64d,"",5,2026-09-22T14:52:44.8045905+02:00
vertical-package,sales,PASS,,2,d74f5c45-5fcb-4e82-86fe-89e7dc112ce3,"",4,2026-09-22T14:52:58.6824655+02:00
sales-enablement,sales,PASS,,2,f7d64db5-5ee3-4957-8e25-17df05d0b39a,"",5,2026-09-22T14:53:14.7140341+02:00
lead-gen-retainer,sales,PASS,,3,3a22af81-c3ba-4ec6-b3e1-a2c29d4698ff,"",9,2026-09-22T14:53:32.2661538+02:00
vertical-package,sales,PASS,,2,4afce0f9-8a36-4c44-88c8-da14fe9a2d39,"",5,2026-09-22T14:53:44.3232750+02:00
ai-support-retainer,sales,PASS,,3,a4efb6f3-7156-4002-b762-38c6736c1d26,"",5,2026-09-22T14:54:01.8634195+02:00
lead-gen-retainer,sales,PASS,,3,7e10befe-40d3-47b1-9942-38c4327f7545,"",9,2026-09-22T14:54:17.9599813+02:00
custom-software,sales,PASS,,2,7199e45e-ded9-4f7c-9a8a-0cfa92fc7b9c,"",5,2026-09-22T14:54:31.4463597+02:00
ai-support-retainer,sales,PASS,,3,4a942474-1fdc-4269-88df-8b04191f7ee4,"",5,2026-09-22T14:54:47.5387507+02:00
bundle-portal-presence,sales,PASS,,2,3ef02ff4-659a-4a30-9352-26602922171b,"",5,2026-09-22T14:55:01.0470980+02:00
custom-software,sales,PASS,,2,36389cda-5193-480d-9b07-3fa8a9f96cc1,"",7,2026-09-22T14:55:19.4618792+02:00
bundle-sales-launch,sales,PASS,,2,26fab412-49b8-4bd8-8092-de0bb29b5284,"",5,2026-09-22T14:55:30.6514835+02:00
bundle-portal-presence,sales,PASS,,2,17a27688-5e16-4eae-a22d-61a00a595436,"",5,2026-09-22T14:55:49.0136202+02:00
bundle-ops-clarity,sales,PASS,,4,18326bcc-a6ed-4d36-b659-76ec3b6659f4,"",5,2026-09-22T14:56:00.2895565+02:00
bundle-sales-launch,sales,PASS,,2,3607cd56-a883-4639-bde2-3a87e37f280f,"",5,2026-09-22T14:56:18.6129858+02:00
setup-quick,video_animation,PASS,,2,fdc683c2-fe2e-43bb-977d-65f3f9d8079f,"",5,2026-09-22T14:56:29.8256815+02:00
bundle-ops-clarity,sales,PASS,,4,9dcee95e-06b3-4813-8d8c-b649ec26a0cd,"",4,2026-09-22T14:56:48.0984433+02:00
setup-full,video_animation,PASS,,4,506397ce-a5c7-4165-962d-eabca2fd4df9,"",4,2026-09-22T14:56:59.2995445+02:00
setup-quick,video_animation,PASS,,2,650ee6fe-c46d-4763-9913-696640302359,"",5,2026-09-22T14:57:17.6232705+02:00
setup-custom,video_animation,PASS,,3,044d16c8-28d3-4c64-bce4-de54c2c1718e,"",4,2026-09-22T14:57:28.7688469+02:00
setup-full,video_animation,PASS,,4,e0c96d67-ce7a-468a-8793-85119e438b9f,"",5,2026-09-22T14:57:47.1500327+02:00
audit,video_animation,PASS,,2,44a3b72a-042b-4b8e-8651-b3535f0501f1,"",5,2026-09-22T14:57:58.3085257+02:00
setup-custom,video_animation,PASS,,3,224fb942-643f-4287-93b2-0b58c932f1b9,"",4,2026-09-22T14:58:16.6598600+02:00
integration,video_animation,PASS,,3,191a0a43-f6c0-4176-ba59-363d4468dc71,"",5,2026-09-22T14:58:27.8458240+02:00
audit,video_animation,PASS,,2,2c5a66ab-bb03-4f66-8fb3-557ba0932e5b,"",4,2026-09-22T14:58:46.1310160+02:00
workflow-design,video_animation,PASS,,2,204d4bde-f834-41b9-978b-3fecfc78cdcb,"",5,2026-09-22T14:58:57.3806939+02:00
integration,video_animation,PASS,,3,bf2a5e8b-adb7-4d98-bb93-58a211cdb0b9,"",5,2026-09-22T14:59:15.8929060+02:00
support-priority,video_animation,PASS,,2,f3dc09c9-c564-42ee-89b2-f1fc86fe39b4,"",5,2026-09-22T14:59:26.9152837+02:00
workflow-design,video_animation,PASS,,2,d7c6ede6-ce00-42f2-bce6-f12eed74cc89,"",5,2026-09-22T14:59:45.4113306+02:00
support-dedicated,video_animation,PASS,,2,964a99b6-9757-43c2-8e22-82acda62964c,"",4,2026-09-22T14:59:56.4300261+02:00
support-priority,video_animation,PASS,,2,816083c5-5e34-479b-8046-6b7acf436841,"",5,2026-09-22T15:00:15.0839584+02:00
landing,video_animation,PASS,,0,418a53df-aaf0-4abc-a9d2-2431a92cca1f,"",7,2026-09-22T15:00:28.4420847+02:00
support-dedicated,video_animation,PASS,,2,b3c46302-d8f4-4f4f-be60-0882757827cb,"",5,2026-09-22T15:00:44.6198672+02:00
website-business,video_animation,PASS,,0,f41442b3-630d-42a2-8ff1-f966a270312d,"",5,2026-09-22T15:00:58.1034318+02:00
landing,video_animation,PASS,,0,61cb54cb-4355-4b16-9d00-20202d593c45,"",5,2026-09-22T15:01:14.2586409+02:00
website-ecommerce,video_animation,PASS,,0,eea406b7-5af9-4587-8a22-6160ae3e09f4,"",5,2026-09-22T15:01:27.7685466+02:00
website-business,video_animation,PASS,,0,7a7c0cab-9ce0-48e2-a955-0637fa6fc30f,"",5,2026-09-22T15:01:43.7954220+02:00
white-label-setup,video_animation,PASS,,2,065eaf32-8f52-401d-abae-2556138e9ff0,"",5,2026-09-22T15:01:57.3464170+02:00
website-ecommerce,video_animation,PASS,,0,4cd398cd-66de-4409-b4f4-930d9370e246,"",5,2026-09-22T15:02:13.4760862+02:00
sales-enablement,video_animation,PASS,,2,d1fce4c2-ecca-415b-bbdf-7ba838bb1e86,"",5,2026-09-22T15:02:27.0779798+02:00
white-label-setup,video_animation,PASS,,2,fd6906ea-be05-43e9-ae42-7484dead8a49,"",4,2026-09-22T15:02:42.9769754+02:00
vertical-package,video_animation,PASS,,2,4ad440be-d404-42ca-aebf-36ebd391ef91,"",5,2026-09-22T15:02:56.6005646+02:00
sales-enablement,video_animation,PASS,,2,f8528de7-62ae-4ef8-9ae3-5d3cad4e9e8f,"",4,2026-09-22T15:03:12.4507603+02:00
lead-gen-retainer,video_animation,PASS,,3,a1a17c12-3086-4a2f-b3d3-0054ead0bff7,"",13,2026-09-22T15:03:34.2727686+02:00
vertical-package,video_animation,PASS,,2,2cca85f6-3fc7-4934-a79a-9d6f9a37b3c9,"",4,2026-09-22T15:03:41.9523258+02:00
ai-support-retainer,video_animation,PASS,,3,fdfa7b63-52ae-478b-bad6-729aab536234,"",5,2026-09-22T15:04:03.8649363+02:00
lead-gen-retainer,video_animation,PASS,,3,3db18bdc-ff9b-4e34-a954-8b8884c190fc,"",13,2026-09-22T15:04:20.1421437+02:00
custom-software,video_animation,PASS,,2,ba35312d-5a66-4c3a-a82a-fd6d3082499b,"",5,2026-09-22T15:04:33.3922339+02:00
ai-support-retainer,video_animation,PASS,,3,c75246c7-7b8e-4149-a2b8-1e4ff7237129,"",5,2026-09-22T15:04:49.7054804+02:00
bundle-portal-presence,video_animation,PASS,,2,7a25b9a7-2c74-4f4c-bc6b-60d97158340a,"",5,2026-09-22T15:05:03.0140570+02:00
custom-software,video_animation,PASS,,2,3b76e8f4-731b-441b-ad3d-0322ad1ceb09,"",5,2026-09-22T15:05:19.2368487+02:00
bundle-sales-launch,video_animation,PASS,,2,7b821685-343d-49fd-8341-8f5f68c13694,"",5,2026-09-22T15:05:32.5626383+02:00
bundle-portal-presence,video_animation,PASS,,2,3e555034-d972-4e8a-9994-0a3ed48edbcb,"",4,2026-09-22T15:05:48.6876443+02:00
bundle-ops-clarity,video_animation,PASS,,4,0b7d61c0-495d-4bbb-8599-72833cf959d4,"",5,2026-09-22T15:06:02.0888679+02:00
bundle-sales-launch,video_animation,PASS,,2,33ee6aa4-a1e5-4d43-92bd-dd7752a03d5d,"",5,2026-09-22T15:06:18.3499477+02:00
setup-quick,web3,PASS,,2,e201cf31-d477-4f53-8f82-8b58747db9e5,"",5,2026-09-22T15:06:31.7352975+02:00
bundle-ops-clarity,video_animation,PASS,,4,456b8319-5f23-4dbd-9403-893d0d9e7bee,"",4,2026-09-22T15:06:47.8366359+02:00
setup-full,web3,PASS,,4,a84d4d5f-e27a-4254-8455-bd520db53ca4,"",5,2026-09-22T15:07:01.3775079+02:00
setup-quick,web3,PASS,,2,5e8fd204-da38-46c9-bea8-0deaf7a6f5ac,"",4,2026-09-22T15:07:17.3271132+02:00
setup-custom,web3,PASS,,3,19d8a533-ff77-4e3b-8c3e-4e3c7e117fe4,"",5,2026-09-22T15:07:30.9013932+02:00
setup-full,web3,PASS,,4,7082d1ca-80ab-4326-b975-654a12d098cd,"",5,2026-09-22T15:07:46.8742525+02:00
audit,web3,PASS,,2,f6e42a46-07cc-4411-87ec-d56c5f157bca,"",4,2026-09-22T15:08:00.3460722+02:00
setup-custom,web3,PASS,,3,597ea93a-f931-4d75-b159-9788bb3a1919,"",5,2026-09-22T15:08:16.6356750+02:00
integration,web3,PASS,,3,d18d7886-2d65-4620-8412-361aca477915,"",5,2026-09-22T15:08:29.8843756+02:00
audit,web3,PASS,,2,3587c9ef-6ce5-4ac0-8151-877a76a6fff7,"",4,2026-09-22T15:08:46.1175593+02:00
workflow-design,web3,PASS,,2,330245c2-4f7c-4361-a3fe-76ea378f177e,"",5,2026-09-22T15:08:59.4646605+02:00
integration,web3,PASS,,3,beb94593-862d-4f0a-8dcf-d86f9871e19d,"",5,2026-09-22T15:09:15.6663060+02:00
support-priority,web3,PASS,,2,1d6718c2-77a9-4e03-badc-4e2addbd3700,"",5,2026-09-22T15:09:29.0361523+02:00
workflow-design,web3,PASS,,2,160d4848-60e6-448c-8d6b-6858c48a337b,"",5,2026-09-22T15:09:45.1742753+02:00
support-dedicated,web3,PASS,,2,53c8b9cd-3f26-4095-921a-b7ce455d2646,"",5,2026-09-22T15:09:58.9962340+02:00
support-priority,web3,PASS,,2,b14495c6-b6a9-4cec-9fce-bdf87274bae3,"",5,2026-09-22T15:10:14.8159483+02:00
landing,web3,PASS,,0,66dbcb33-fa14-499d-80d1-a35939504da6,"",4,2026-09-22T15:10:28.4967000+02:00
support-dedicated,web3,PASS,,2,197f06c6-1afa-4c7a-b2b4-15d3db390a84,"",5,2026-09-22T15:10:44.4953397+02:00
website-business,web3,PASS,,0,23d6eac2-3214-4abf-8c5e-41e95ba34a0f,"",5,2026-09-22T15:10:58.1991097+02:00
landing,web3,PASS,,0,fe83efd8-005a-4d81-8de6-74948b24d3d3,"",5,2026-09-22T15:11:14.1439342+02:00
website-ecommerce,web3,PASS,,0,f5a958e1-e1c2-4d4e-8528-e021b58e4fd2,"",4,2026-09-22T15:11:27.6964338+02:00
website-business,web3,PASS,,0,8926ff9e-5e9b-426c-8bda-b231c2aa6242,"",5,2026-09-22T15:11:43.6757351+02:00
white-label-setup,web3,PASS,,2,1af4aa9c-c8e9-42f4-b72b-0c395c1c0f3b,"",4,2026-09-22T15:11:57.1847935+02:00
website-ecommerce,web3,PASS,,0,9cc578e3-ba19-4f67-8372-20d34ecfbb0e,"",5,2026-09-22T15:12:13.2782892+02:00
sales-enablement,web3,PASS,,2,2fc7ad14-0588-4c44-8338-b2329b28df2e,"",5,2026-09-22T15:12:27.4396839+02:00
white-label-setup,web3,PASS,,2,b818476d-386c-44a4-92b3-89d62d8902e8,"",5,2026-09-22T15:12:42.8793457+02:00
vertical-package,web3,PASS,,2,d7758ef6-f224-43a6-9513-0c1b76454b0e,"",5,2026-09-22T15:12:56.9756056+02:00
sales-enablement,web3,PASS,,2,ef61383c-340d-4231-8689-c9bada10077f,"",5,2026-09-22T15:13:12.5111659+02:00
lead-gen-retainer,web3,PASS,,3,f32da580-f207-4911-a8eb-c500d19e14e7,"",9,2026-09-22T15:13:30.5652244+02:00
vertical-package,web3,PASS,,2,c17c64e0-d69a-4c26-912c-ebc76f490f0e,"",4,2026-09-22T15:13:42.0232326+02:00
ai-support-retainer,web3,PASS,,3,aacdcc4c-38fd-44bd-989f-bf28e088661e,"",4,2026-09-22T15:14:00.0395880+02:00
lead-gen-retainer,web3,PASS,,3,d95d433b-4f46-4360-9dc2-c62dcad4ee89,"",8,2026-09-22T15:14:15.5261120+02:00
custom-software,web3,PASS,,2,ca007569-df57-4085-980b-a76f0cd82f56,"",4,2026-09-22T15:14:29.5439550+02:00
ai-support-retainer,web3,PASS,,3,3dc7e480-45c8-4fa3-8082-f592ba4db9b3,"",4,2026-09-22T15:14:45.0456816+02:00
bundle-portal-presence,web3,PASS,,2,dee2d587-723c-41b6-8810-34a1801eb15f,"",4,2026-09-22T15:14:59.0112889+02:00
custom-software,web3,PASS,,2,472dd9b7-f981-41a6-a546-05116b52c749,"",5,2026-09-22T15:15:14.6059027+02:00
bundle-sales-launch,web3,PASS,,2,eac645a6-b11a-4a40-97cc-6b9fcdf2cd33,"",5,2026-09-22T15:15:28.5393301+02:00
bundle-portal-presence,web3,PASS,,2,5166f6f0-50dc-4f4e-bf97-c60dc5795ede,"",5,2026-09-22T15:15:44.1514353+02:00
bundle-ops-clarity,web3,PASS,,4,02acd213-b07e-4599-bb84-0c727153493d,"",5,2026-09-22T15:15:58.1369188+02:00
bundle-sales-launch,web3,PASS,,2,f4e88ae3-a07e-46a1-a97d-fb4bb9aa2539,"",4,2026-09-22T15:16:13.6136176+02:00
setup-quick,writing_translation,PASS,,2,8dde7a9d-389a-449d-aeb8-63f1b79a7748,"",5,2026-09-22T15:16:28.0055390+02:00
bundle-ops-clarity,web3,PASS,,4,7a3e224b-ba61-4b0f-819b-06bf11f6914d,"",4,2026-09-22T15:16:43.1099986+02:00
setup-full,writing_translation,PASS,,4,19fe2322-7549-44a4-b79a-327883ccaa05,"",4,2026-09-22T15:16:57.4958911+02:00
setup-quick,writing_translation,PASS,,2,0761cefe-6e8d-4b5e-b71b-94698f07fcbb,"",5,2026-09-22T15:17:12.8611844+02:00
setup-custom,writing_translation,PASS,,3,be311beb-b181-4b2d-992a-89d31de8ad32,"",5,2026-09-22T15:17:27.1517360+02:00
setup-full,writing_translation,PASS,,4,ba71b8b2-0394-47b6-9fa5-e96a5bc574a9,"",4,2026-09-22T15:17:42.3747536+02:00
audit,writing_translation,PASS,,2,af9787db-6d9a-4f84-935e-db94db4d2fcb,"",5,2026-09-22T15:17:56.8221823+02:00
setup-custom,writing_translation,PASS,,3,78b47969-6bdf-4d31-bf0b-ffbe31ecf901,"",5,2026-09-22T15:18:11.9603762+02:00
integration,writing_translation,PASS,,3,39b3a680-7e38-4fe1-8d79-c6c5b927ba9d,"",4,2026-09-22T15:18:26.2826642+02:00
audit,writing_translation,PASS,,2,98a9e990-6401-4f54-83dd-818c632a4486,"",4,2026-09-22T15:18:41.4328079+02:00
workflow-design,writing_translation,PASS,,2,f126cffc-4cb4-493d-a21c-3ca1dc5f615c,"",5,2026-09-22T15:18:55.8754800+02:00
integration,writing_translation,PASS,,3,9afaf0fb-a9fd-4f64-9102-876c54c55d3b,"",5,2026-09-22T15:19:10.9932545+02:00
support-priority,writing_translation,PASS,,2,551ce134-5a8f-4866-b9a4-53649871a1bf,"",4,2026-09-22T15:19:25.3203252+02:00
workflow-design,writing_translation,PASS,,2,0da42e7e-30bd-4d7c-a200-d140755acd9a,"",4,2026-09-22T15:19:40.4736344+02:00
support-dedicated,writing_translation,PASS,,2,34cc061d-ba9a-48bc-9b4c-46fbf3741482,"",5,2026-09-22T15:19:54.8360136+02:00
support-priority,writing_translation,PASS,,2,3348ad77-77e3-4da1-bb10-e9c6cf2d9483,"",5,2026-09-22T15:20:10.0643007+02:00
landing,writing_translation,PASS,,0,c5bd4d49-31fd-4c13-add2-0298d52f0786,"",4,2026-09-22T15:20:24.4549344+02:00
support-dedicated,writing_translation,PASS,,2,7f8d3288-f381-4145-89c8-27163b73c424,"",4,2026-09-22T15:20:39.5421191+02:00
website-business,writing_translation,PASS,,0,db61a732-cf78-4ec2-b82c-8acf62f10772,"",4,2026-09-22T15:20:53.9155928+02:00
landing,writing_translation,PASS,,0,68e91cdd-ee30-4e6c-ae51-b933f0fd32e4,"",5,2026-09-22T15:21:09.1085286+02:00
website-ecommerce,writing_translation,PASS,,0,cbaf17c4-78ad-4555-9f08-336a008d7438,"",5,2026-09-22T15:21:23.4440890+02:00
website-business,writing_translation,PASS,,0,3d53bc63-dd52-407f-af69-987d23a29270,"",5,2026-09-22T15:21:38.6565738+02:00
white-label-setup,writing_translation,PASS,,2,0a82a31e-cf82-468b-a444-468279c02343,"",4,2026-09-22T15:21:52.9417574+02:00
website-ecommerce,writing_translation,PASS,,0,45c790f6-3e54-4075-8e6c-2348d5028140,"",5,2026-09-22T15:22:08.2216341+02:00
sales-enablement,writing_translation,PASS,,2,8e7b8561-750d-4e08-871b-1581dbe57aa5,"",5,2026-09-22T15:22:22.5162960+02:00
white-label-setup,writing_translation,PASS,,2,3458b453-dde8-422e-aae0-71848df3ef4c,"",5,2026-09-22T15:22:37.7533497+02:00
vertical-package,writing_translation,PASS,,2,7155c331-3b31-45fe-952a-082722e4ae8f,"",5,2026-09-22T15:22:52.0570359+02:00
sales-enablement,writing_translation,PASS,,2,157a3554-462f-4927-8401-3267040265aa,"",5,2026-09-22T15:23:07.3079023+02:00
lead-gen-retainer,writing_translation,PASS,,3,310c8945-b619-4afe-a7f2-48d35370724c,"",9,2026-09-22T15:23:25.6820308+02:00
vertical-package,writing_translation,PASS,,2,e7aa077d-cae6-46b6-b7f5-9dcdd68e6ba1,"",5,2026-09-22T15:23:36.8831304+02:00
ai-support-retainer,writing_translation,PASS,,3,b4164242-ec48-4a2f-910f-05224f547dcb,"",4,2026-09-22T15:23:55.1779254+02:00
lead-gen-retainer,writing_translation,PASS,,3,04f877a5-1748-47cc-a7c0-d04bfb262ae1,"",9,2026-09-22T15:24:10.6886875+02:00
custom-software,writing_translation,PASS,,2,ae97ade5-9078-4f9f-81ed-d2facdc7bb34,"",4,2026-09-22T15:24:24.6324432+02:00
ai-support-retainer,writing_translation,PASS,,3,3d08c9ff-150d-409c-a935-2def0901ec7b,"",4,2026-09-22T15:24:40.1823650+02:00
bundle-portal-presence,writing_translation,PASS,,2,73db4264-5a92-4822-8ab5-29155a14d5f6,"",4,2026-09-22T15:24:54.1082741+02:00
custom-software,writing_translation,PASS,,2,d4b157fa-e98f-4ab0-958b-e3d5629a31f8,"",5,2026-09-22T15:25:09.8453825+02:00
bundle-sales-launch,writing_translation,PASS,,2,d30b8f2f-6d48-4ac8-a195-c0421ad5fa1f,"",5,2026-09-22T15:25:23.6476263+02:00
bundle-portal-presence,writing_translation,PASS,,2,d4905640-7392-4a87-ade6-8b6dc0359a1f,"",5,2026-09-22T15:25:39.3939107+02:00
bundle-ops-clarity,writing_translation,PASS,,4,eb6bc3a9-f60c-4e7c-b321-48017cba2150,"",4,2026-09-22T15:25:53.1192856+02:00
bundle-sales-launch,writing_translation,PASS,,2,124e1154-d88c-44c3-beb2-232b4e8df08a,"",5,2026-09-22T15:26:08.9165752+02:00
setup-quick,healthcare,PASS,,2,c76ceba0-b761-463a-991d-89cb35d0ca75,"",4,2026-09-22T15:26:22.6181995+02:00
bundle-ops-clarity,writing_translation,PASS,,4,64b9ed2d-a57c-4426-8406-169c1c5f4d8a,"",5,2026-09-22T15:26:38.7444243+02:00
setup-full,healthcare,PASS,,4,31a074a7-961b-44d9-b06e-d867b4b417c2,"",5,2026-09-22T15:26:52.2370362+02:00
setup-quick,healthcare,PASS,,2,8458a2fc-5f95-4ae7-b140-759ea5cc6b7f,"",5,2026-09-22T15:27:08.5453767+02:00
setup-custom,healthcare,PASS,,3,8abb4978-09eb-411d-8a7e-050c73cd06c2,"",4,2026-09-22T15:27:21.7524879+02:00
setup-full,healthcare,PASS,,4,67f65281-dc58-46ef-9c10-9fc1da30e515,"",5,2026-09-22T15:27:38.5737006+02:00
audit,healthcare,PASS,,2,1ba133d1-6213-41a4-be2a-e115b465ef96,"",5,2026-09-22T15:27:51.2927697+02:00
setup-custom,healthcare,PASS,,3,a110a880-0e3b-46d0-b5eb-b007ab081f7e,"",5,2026-09-22T15:28:08.1578870+02:00
integration,healthcare,PASS,,3,565e5b16-9911-4be0-af6c-6ebcd42df4ed,"",5,2026-09-22T15:28:20.8576958+02:00
audit,healthcare,PASS,,2,6d911596-1080-4758-8219-4efde2eef2b0,"",4,2026-09-22T15:28:37.6558779+02:00
workflow-design,healthcare,PASS,,2,0fed049d-87f5-44f1-afc5-4b3b27bbde7b,"",5,2026-09-22T15:28:50.4237942+02:00
integration,healthcare,PASS,,3,f5cbb471-0b51-48a5-929e-7663f810d016,"",5,2026-09-22T15:29:07.2665149+02:00
support-priority,healthcare,PASS,,2,c238c065-5dea-437d-b64c-981a44501dab,"",4,2026-09-22T15:29:19.9108635+02:00
workflow-design,healthcare,PASS,,2,982d949f-e016-4a82-affa-71d3241c1335,"",4,2026-09-22T15:29:36.7458541+02:00
support-dedicated,healthcare,PASS,,2,e61f7b6c-b4b0-4a07-937b-3609b1727315,"",4,2026-09-22T15:29:49.3865521+02:00
support-priority,healthcare,PASS,,2,148edad6-de7a-49e6-8fff-d89faada7421,"",6,2026-09-22T15:30:07.2974928+02:00
landing,healthcare,PASS,,0,3925aac8-dfe8-4134-b138-fea42f1124f3,"",5,2026-09-22T15:30:19.3113872+02:00
support-dedicated,healthcare,PASS,,2,feac2394-e919-47a6-9b68-4e94a88c7525,"",5,2026-09-22T15:30:36.8601007+02:00
website-business,healthcare,PASS,,0,a4bb9d87-d531-4fdd-8359-21aa26ca9fa8,"",4,2026-09-22T15:30:48.8066439+02:00
landing,healthcare,PASS,,0,9c2f1df2-0056-4398-88a5-2adacc6a6b41,"",5,2026-09-22T15:31:06.4481302+02:00
website-ecommerce,healthcare,PASS,,0,70d9ae6b-c2e4-4eb1-9bd4-063ad5091bc0,"",5,2026-09-22T15:31:18.3272614+02:00
website-business,healthcare,PASS,,0,9d2ac5af-05bc-4996-9d6f-851fb30e8419,"",4,2026-09-22T15:31:35.9163379+02:00
white-label-setup,healthcare,PASS,,2,d9f21dbf-7c83-43e5-a554-ae57dcaab49c,"",5,2026-09-22T15:31:47.9095811+02:00
website-ecommerce,healthcare,PASS,,0,d1781cde-8138-44ee-8f79-3a18dc9a6f35,"",5,2026-09-22T15:32:05.6281059+02:00
sales-enablement,healthcare,PASS,,2,653e92d7-da49-426b-878f-ece603a5b969,"",5,2026-09-22T15:32:17.4255383+02:00
white-label-setup,healthcare,PASS,,2,1b85a4f2-dfee-4060-8708-3c70911cbad8,"",5,2026-09-22T15:32:35.5343784+02:00
vertical-package,healthcare,PASS,,2,33a2bb3b-16b8-42e5-a3fb-e7a328522e7a,"",5,2026-09-22T15:32:46.9627884+02:00
sales-enablement,healthcare,PASS,,2,e17a8dd5-1df5-4806-b9a2-587632b11313,"",5,2026-09-22T15:33:05.4983484+02:00
lead-gen-retainer,healthcare,PASS,,3,adf0bf44-4997-4864-9116-d7114322c41f,"",17,2026-09-22T15:33:28.7948401+02:00
vertical-package,healthcare,PASS,,2,83c35665-c539-4921-981a-8b71d18705e9,"",5,2026-09-22T15:33:35.2233806+02:00
ai-support-retainer,healthcare,PASS,,3,24dbd5b7-afe8-4526-91c5-7eb9ddd4e03e,"",5,2026-09-22T15:33:58.3419240+02:00
lead-gen-retainer,healthcare,PASS,,3,82ae5bab-0173-420b-86c5-33e2aef6ba68,"",25,2026-09-22T15:34:25.3118225+02:00
custom-software,healthcare,PASS,,2,6596263c-f7b6-4c39-bc27-a10803d7956e,"",5,2026-09-22T15:34:28.3307929+02:00
ai-support-retainer,healthcare,PASS,,3,c23ad411-c097-40ce-8ae8-553279d807a9,"",5,2026-09-22T15:34:54.9062662+02:00
bundle-portal-presence,healthcare,PASS,,2,7a3d1232-cb1a-4d6b-9e66-4f1039aa7cf1,"",4,2026-09-22T15:34:57.8043965+02:00
custom-software,healthcare,PASS,,2,d30369df-5685-4a66-afec-4e3c9c965353,"",5,2026-09-22T15:35:25.0127014+02:00
bundle-sales-launch,healthcare,PASS,,2,b625bedc-3678-44ec-a49d-14821ca73289,"",4,2026-09-22T15:35:27.3027713+02:00
bundle-portal-presence,healthcare,PASS,,2,28f897c7-25d7-4662-9262-ef6cdc1d410b,"",4,2026-09-22T15:35:54.4680303+02:00
bundle-ops-clarity,healthcare,PASS,,4,19340edf-67d0-4110-88a5-ffcd33a4c107,"",5,2026-09-22T15:35:56.8627432+02:00
bundle-sales-launch,healthcare,PASS,,2,cb0ba818-5358-48c5-a7bc-8c92c5462327,"",5,2026-09-22T15:36:24.1856374+02:00
setup-quick,legal,PASS,,2,9de7762f-9540-4167-af51-aca44d1b2c55,"",4,2026-09-22T15:36:26.3698511+02:00
bundle-ops-clarity,healthcare,PASS,,4,d87f0e7f-8e5d-417b-af0c-dbada1fd89c7,"",4,2026-09-22T15:36:53.6517684+02:00
setup-full,legal,PASS,,4,cb80ecb0-2b1a-4042-ab90-47a8b4b399f6,"",4,2026-09-22T15:36:55.8821834+02:00
setup-quick,legal,PASS,,2,16aeb802-9874-49c7-92b7-2d35696a4bd8,"",4,2026-09-22T15:37:23.1001363+02:00
setup-custom,legal,PASS,,3,63f08dcb-b63f-4948-8425-dc4d76569c39,"",5,2026-09-22T15:37:25.4070931+02:00
setup-full,legal,PASS,,4,6bf02524-1109-450a-b515-007058ad1380,"",4,2026-09-22T15:37:52.6027835+02:00
audit,legal,PASS,,2,3abd69e4-71dc-45b3-8120-d2511e46fc48,"",4,2026-09-22T15:37:54.9036209+02:00
setup-custom,legal,PASS,,3,ff94520e-39b2-4a9c-889f-b2fbf48a347b,"",5,2026-09-22T15:38:22.1993657+02:00
integration,legal,PASS,,3,9362fb7d-2e49-46ff-9592-e15d52a90b71,"",4,2026-09-22T15:38:24.3705288+02:00
audit,legal,PASS,,2,b7964b06-67aa-40dc-9eec-5bbf43dedf62,"",4,2026-09-22T15:38:51.7135342+02:00
workflow-design,legal,PASS,,2,679f2a56-cb55-41d4-88b8-b5441e7863e9,"",4,2026-09-22T15:38:53.8179248+02:00
integration,legal,PASS,,3,820aae3e-30ca-4a2a-83a4-4fb9b9fb32ea,"",4,2026-09-22T15:39:21.2218806+02:00
support-priority,legal,PASS,,2,b9c8b4cb-6de7-415f-92a0-10e8f6493aab,"",5,2026-09-22T15:39:23.3729967+02:00
workflow-design,legal,PASS,,2,455279b1-e0d2-4b64-9a85-1b0353261eeb,"",5,2026-09-22T15:39:50.9569556+02:00
support-dedicated,legal,PASS,,2,408e70a2-2faa-4cfa-8503-7009ad7fd848,"",4,2026-09-22T15:39:52.8752615+02:00
support-priority,legal,PASS,,2,ac683c71-9608-46e5-b634-ccee54090370,"",5,2026-09-22T15:40:20.5730719+02:00
landing,legal,PASS,,0,e2fece82-2da6-4081-b217-3ee032328761,"",5,2026-09-22T15:40:22.4409394+02:00
support-dedicated,legal,PASS,,2,2d089f4b-ef0b-494d-853b-29f87b598929,"",4,2026-09-22T15:40:50.0513491+02:00
website-business,legal,PASS,,0,85e1f3ad-811c-46e4-bc5f-93c8944a7373,"",5,2026-09-22T15:40:52.1043381+02:00
landing,legal,PASS,,0,450ea118-a118-4ced-9d55-5a2bb6312a98,"",4,2026-09-22T15:41:19.5230348+02:00
website-ecommerce,legal,PASS,,0,3519f295-5abf-4335-bee0-a4884c2a6c08,"",4,2026-09-22T15:41:21.5958139+02:00
website-business,legal,PASS,,0,46391c84-0601-4b4e-b854-aa0405546081,"",4,2026-09-22T15:41:49.0080400+02:00
white-label-setup,legal,PASS,,2,5655984f-45be-4c28-8cf4-ee5a49e61676,"",4,2026-09-22T15:41:51.1167440+02:00
website-ecommerce,legal,PASS,,0,75c2dd57-fd01-4499-8f4f-108fce25c217,"",4,2026-09-22T15:42:18.4717814+02:00
sales-enablement,legal,PASS,,2,4048f44e-2b01-4937-8489-aaa060511bba,"",5,2026-09-22T15:42:20.7019610+02:00
white-label-setup,legal,PASS,,2,67298bf0-90aa-41fb-a586-2a306fb34728,"",4,2026-09-22T15:42:47.9605297+02:00
vertical-package,legal,PASS,,2,253ca969-a855-4125-8696-9cdab5b41bb2,"",5,2026-09-22T15:42:50.3224998+02:00
sales-enablement,legal,PASS,,2,79b07260-0f63-4426-8040-42d72610a807,"",5,2026-09-22T15:43:17.5119483+02:00
lead-gen-retainer,legal,PASS,,3,e10f2c93-7f1d-4671-8811-dca31ab3c1d8,"",9,2026-09-22T15:43:23.8677862+02:00
vertical-package,legal,PASS,,2,65a41718-6e8c-46e6-8c3f-8d5afd53b650,"",4,2026-09-22T15:43:46.9985105+02:00
ai-support-retainer,legal,PASS,,3,22c1f6a5-8873-48d2-9517-4ad54b6a2c17,"",5,2026-09-22T15:43:53.6567546+02:00
custom-software,legal,PASS,,2,abf5fc7a-65b6-4c6a-9fe4-5583dbce31ff,"",4,2026-09-22T15:44:23.1319302+02:00
lead-gen-retainer,legal,PASS,,3,731f15ba-1e49-4e30-a3ea-7708b565916b,"",13,2026-09-22T15:44:24.9226884+02:00
bundle-portal-presence,legal,PASS,,2,4f55d17b-551d-4ba3-8c3f-8fe8763942f0,"",5,2026-09-22T15:44:52.7239203+02:00
ai-support-retainer,legal,PASS,,3,98d6d651-1861-4e00-bf9b-46aa0527292c,"",5,2026-09-22T15:44:55.4298903+02:00
bundle-sales-launch,legal,PASS,,2,8f064141-bf45-4a30-8624-0eaa38494a72,"",5,2026-09-22T15:45:22.3577176+02:00
custom-software,legal,PASS,,2,9e881792-dcf2-4f2d-acbb-32024f46d56a,"",5,2026-09-22T15:45:25.2203534+02:00
bundle-ops-clarity,legal,PASS,,4,f94982ad-e46f-4b66-ac61-2a004eec2d57,"",5,2026-09-22T15:45:51.9280165+02:00
bundle-portal-presence,legal,PASS,,2,9854e535-646e-45fb-b59d-005098f9cc8e,"",4,2026-09-22T15:45:54.7177636+02:00
setup-quick,retail,PASS,,2,0227c2b9-6396-4b0b-b635-c4deea63e1eb,"",5,2026-09-22T15:46:21.7164031+02:00
bundle-sales-launch,legal,PASS,,2,d6fd3faf-00e9-4f55-9962-7901d63fa7ef,"",4,2026-09-22T15:46:24.1797654+02:00
setup-full,retail,PASS,,4,349eccaa-23fc-4093-a409-0903a770d3fd,"",5,2026-09-22T15:46:51.2690662+02:00
bundle-ops-clarity,legal,PASS,,4,f9ad03d7-d42a-4a3b-b727-67d3c4b337c0,"",4,2026-09-22T15:46:53.6305388+02:00
setup-custom,retail,PASS,,3,4495eec3-06bd-4ea0-9e5d-eff53cf2f213,"",5,2026-09-22T15:47:20.8007486+02:00
setup-quick,retail,PASS,,2,9393ef18-906c-48e5-89c2-b9aa0bf38fec,"",4,2026-09-22T15:47:23.0853364+02:00
audit,retail,PASS,,2,be2130cc-5e0d-43dc-bfd9-33b9992bfd48,"",4,2026-09-22T15:47:50.2502859+02:00
setup-full,retail,PASS,,4,6f904e88-9a35-4ddb-b579-692add7c0a44,"",4,2026-09-22T15:47:52.5522665+02:00
integration,retail,PASS,,3,39ad62f8-3681-46f8-a671-cfd064174306,"",5,2026-09-22T15:48:19.8955188+02:00
setup-custom,retail,PASS,,3,92865585-acbb-4638-a0c4-a6ecd868eaca,"",4,2026-09-22T15:48:21.9710127+02:00
workflow-design,retail,PASS,,2,5e1190ed-0a83-418f-8b3f-549c7dff2143,"",5,2026-09-22T15:48:49.4195058+02:00
audit,retail,PASS,,2,b969960e-37a4-4641-8e3d-8648ed8ba60e,"",4,2026-09-22T15:48:51.4428812+02:00
support-priority,retail,PASS,,2,b9772fa6-f2c4-4a2b-a4c7-921f0c3e6d3d,"",4,2026-09-22T15:49:18.9096961+02:00
integration,retail,PASS,,3,a5eed149-1846-461b-bc56-02d7825a925c,"",4,2026-09-22T15:49:20.9036929+02:00
support-dedicated,retail,PASS,,2,afd0ea9a-a53e-44d3-8b32-1812b70a9138,"",4,2026-09-22T15:49:48.3969976+02:00
workflow-design,retail,PASS,,2,aef10c99-ead2-46d9-b0a4-dc7d793d8c32,"",5,2026-09-22T15:49:50.4869451+02:00
landing,retail,PASS,,0,42b58f8a-2cb2-4a73-8a1c-9ff5ddf96277,"",5,2026-09-22T15:50:18.0961619+02:00
support-priority,retail,PASS,,2,191ba505-e3c2-4d6b-979f-547dde564c17,"",6,2026-09-22T15:50:21.1102246+02:00
website-business,retail,PASS,,0,76717e80-611d-4b7f-af2f-18bd2330cc1a,"",5,2026-09-22T15:50:47.7126974+02:00
support-dedicated,retail,PASS,,2,760af42c-8331-4a66-8afb-f3a3db7da73c,"",4,2026-09-22T15:50:50.6203531+02:00
website-ecommerce,retail,PASS,,0,be9920d2-6f98-45a0-baf8-e747dd59b7e1,"",5,2026-09-22T15:51:17.2747794+02:00
landing,retail,PASS,,0,2edff99b-b5af-4c6e-9a92-640be528448a,"",4,2026-09-22T15:51:20.1095709+02:00
white-label-setup,retail,PASS,,2,4bd4dab2-a012-40e0-b69b-91f636f88b04,"",4,2026-09-22T15:51:46.7553747+02:00
website-business,retail,PASS,,0,4c30f826-c168-4fed-82ec-fbc8bbad9e27,"",4,2026-09-22T15:51:49.6081265+02:00
sales-enablement,retail,PASS,,2,5e8ac4d7-0025-4558-baa7-9028dedc6312,"",4,2026-09-22T15:52:16.1990324+02:00
website-ecommerce,retail,PASS,,0,f5008554-fb13-4959-ae0e-cfed4081bd18,"",5,2026-09-22T15:52:19.3591389+02:00
vertical-package,retail,PASS,,2,f03b45ae-da43-4a83-8d92-a7efa7b2c77b,"",5,2026-09-22T15:52:45.7540587+02:00
white-label-setup,retail,PASS,,2,fd138d2c-ecf8-47c4-ac14-8b53a704a186,"",4,2026-09-22T15:52:48.8349670+02:00
sales-enablement,retail,PASS,,2,8536a552-1f63-4250-8ef5-de13f2f8b3f3,"",4,2026-09-22T15:53:18.2858276+02:00
lead-gen-retainer,retail,PASS,,3,765e3455-b411-45c8-8fc2-7406307b0a8d,"",13,2026-09-22T15:53:23.4814288+02:00
vertical-package,retail,PASS,,2,54ee2e5f-0263-478d-bfdb-2416a903c9f5,"",5,2026-09-22T15:53:48.1601032+02:00
ai-support-retainer,retail,PASS,,3,a9ad1cd0-07fe-4fa9-9383-5d458ce30e5e,"",5,2026-09-22T15:53:53.0720337+02:00
lead-gen-retainer,retail,PASS,,3,2f07743a-40ae-4aa6-ba59-9bae98ea07ca,"",9,2026-09-22T15:54:21.7405802+02:00
custom-software,retail,PASS,,2,b5f227d2-5105-453c-a733-f8c09b354081,"",5,2026-09-22T15:54:22.5901985+02:00
ai-support-retainer,retail,PASS,,3,938703af-736f-4140-a589-eb1c173d87ee,"",5,2026-09-22T15:54:51.2952573+02:00
bundle-portal-presence,retail,PASS,,2,8329a3a3-77e9-43cf-a9ca-4111dc9dec4c,"",5,2026-09-22T15:54:52.1635431+02:00
custom-software,retail,PASS,,2,be938894-1a23-4816-86be-d7660b3fdac2,"",4,2026-09-22T15:55:20.7556961+02:00
bundle-sales-launch,retail,PASS,,2,231feef6-59cd-4213-a5c4-050154f2c001,"",5,2026-09-22T15:55:21.7506794+02:00
bundle-portal-presence,retail,PASS,,2,73d54109-6e84-4e02-ac9c-cf51ec7b5718,"",5,2026-09-22T15:55:50.2953309+02:00
bundle-ops-clarity,retail,PASS,,4,6864fb3c-4550-46ac-bea9-6d823af6ed78,"",5,2026-09-22T15:55:52.2255505+02:00
bundle-sales-launch,retail,PASS,,2,7867105f-8ce9-4e66-988c-7638c4757a36,"",5,2026-09-22T15:56:19.8939746+02:00
setup-quick,hospitality,PASS,,2,90de1d65-8fb0-4f08-970b-884c54811404,"",6,2026-09-22T15:56:23.2261065+02:00
bundle-ops-clarity,retail,PASS,,4,f4aa0139-1305-40ec-a4bb-46661d305b99,"",5,2026-09-22T15:56:49.4784710+02:00
setup-full,hospitality,PASS,,4,49385116-0131-41d7-baa9-c3618a25c2ba,"",4,2026-09-22T15:56:52.6940837+02:00
setup-quick,hospitality,PASS,,2,dc0cb2f4-452d-499a-a223-96825c5fdab8,"",4,2026-09-22T15:57:18.9570295+02:00
setup-custom,hospitality,PASS,,3,98e31932-d248-4206-82bd-08ed90c7a5f7,"",4,2026-09-22T15:57:22.2078923+02:00
setup-full,hospitality,PASS,,4,b599be8d-fe3c-4c92-a842-37dba6309297,"",5,2026-09-22T15:57:48.5136112+02:00
audit,hospitality,PASS,,2,961c029c-63e0-497f-ac07-b40aeb861483,"",5,2026-09-22T15:57:51.7454574+02:00
setup-custom,hospitality,PASS,,3,1241592a-2d48-4aee-a55a-aa90b538cdc6,"",5,2026-09-22T15:58:18.0869766+02:00
integration,hospitality,PASS,,3,42899519-1ed0-4b66-b796-630d76908865,"",5,2026-09-22T15:58:21.2936978+02:00
audit,hospitality,PASS,,2,1cbedbab-0ccb-4513-8cea-bc1d8020d7ee,"",4,2026-09-22T15:58:47.5848500+02:00
workflow-design,hospitality,PASS,,2,75a65de4-0856-432e-8e70-7503fa11f167,"",5,2026-09-22T15:58:50.8242464+02:00
integration,hospitality,PASS,,3,f614c2fb-b9a0-4d6a-9682-6d3ae747ba43,"",5,2026-09-22T15:59:17.2507295+02:00
support-priority,hospitality,PASS,,2,23f9efd4-1900-4ba5-abbd-1613f4d66f10,"",5,2026-09-22T15:59:20.3539711+02:00
workflow-design,hospitality,PASS,,2,51932e1b-7de7-40c8-b203-3b3d0d704e93,"",5,2026-09-22T15:59:46.9368529+02:00
support-dedicated,hospitality,PASS,,2,8707611a-cc51-4956-8489-5e1ab0c14b8c,"",5,2026-09-22T15:59:49.8780500+02:00
support-priority,hospitality,PASS,,2,c2db0bc3-9902-4eae-8a11-0aa3b91c9639,"",5,2026-09-22T16:00:16.4977757+02:00
landing,hospitality,PASS,,0,d65f19ce-4159-49d1-9df5-afd363d5e50f,"",5,2026-09-22T16:00:19.4212546+02:00
support-dedicated,hospitality,PASS,,2,d881ad25-421e-4480-8390-d40d6a7f1c16,"",4,2026-09-22T16:00:45.9845876+02:00
website-business,hospitality,PASS,,0,ed60dddc-9f9d-4310-b4d5-b07537cee16b,"",4,2026-09-22T16:00:48.9049692+02:00
landing,hospitality,PASS,,0,eec9f7e2-0bef-4194-ae42-409333565522,"",5,2026-09-22T16:01:15.5817596+02:00
website-ecommerce,hospitality,PASS,,0,46b22277-7021-4186-9c1a-7b32202f7fe5,"",4,2026-09-22T16:01:18.3285466+02:00
website-business,hospitality,PASS,,0,be6358b0-f93c-46b0-96c8-f848624e7484,"",5,2026-09-22T16:01:45.2345734+02:00
white-label-setup,hospitality,PASS,,2,03e55e03-938c-49dc-af77-b08204ca130c,"",5,2026-09-22T16:01:47.8661345+02:00
website-ecommerce,hospitality,PASS,,0,8115a54d-01d7-4e78-a470-be22d03a3102,"",5,2026-09-22T16:02:15.0171229+02:00
sales-enablement,hospitality,PASS,,2,3f623a64-aa43-4ae4-a277-20365257da37,"",5,2026-09-22T16:02:17.3992533+02:00
white-label-setup,hospitality,PASS,,2,cdf5fb35-55e2-4eef-bd2e-7552d541720c,"",5,2026-09-22T16:02:44.6055754+02:00
vertical-package,hospitality,PASS,,2,eb08c4e9-f1f0-465b-a093-348f6a6e33ff,"",5,2026-09-22T16:02:46.9590222+02:00
sales-enablement,hospitality,PASS,,2,6b08e499-ccbb-4a48-bbac-390cc75a0f76,"",5,2026-09-22T16:03:14.3125496+02:00
lead-gen-retainer,hospitality,PASS,,3,9af246ba-257a-4c75-a268-d5b4f1d58129,"",9,2026-09-22T16:03:21.0549387+02:00
vertical-package,hospitality,PASS,,2,ef7462ac-f516-47d3-948c-691c48bdee82,"",5,2026-09-22T16:03:43.9294282+02:00
ai-support-retainer,hospitality,PASS,,3,f0db8f11-4238-4c9b-bdbf-86a001c3010a,"",4,2026-09-22T16:03:50.5367198+02:00
lead-gen-retainer,hospitality,PASS,,3,15da19d4-5a19-4dce-811e-f400f6f8e1c7,"",9,2026-09-22T16:04:17.6009075+02:00
custom-software,hospitality,PASS,,2,24291d2f-6b56-4027-b1ff-eef67f398dc3,"",4,2026-09-22T16:04:20.0247782+02:00
ai-support-retainer,hospitality,PASS,,3,ae4d1555-f4aa-4245-a652-cf7ed9d8a883,"",5,2026-09-22T16:04:47.1160253+02:00
bundle-portal-presence,hospitality,PASS,,2,595dacd8-1c75-4e85-afad-d2a684cb6e2b,"",5,2026-09-22T16:04:49.5638349+02:00
custom-software,hospitality,PASS,,2,69380954-f2e3-4abf-8ceb-cbfd2aa30cf0,"",4,2026-09-22T16:05:16.6003249+02:00
bundle-sales-launch,hospitality,PASS,,2,1e0cfe7b-0f5a-4d4f-8af8-be02c3c58825,"",5,2026-09-22T16:05:19.4042847+02:00
bundle-portal-presence,hospitality,PASS,,2,9c3f6431-d764-4fc3-a5fe-e6fc0809462b,"",5,2026-09-22T16:05:46.1658412+02:00
bundle-ops-clarity,hospitality,PASS,,4,73de0f8f-f26e-4e67-b4cb-87d03fc92559,"",4,2026-09-22T16:05:48.8614115+02:00
bundle-sales-launch,hospitality,PASS,,2,5c8b7357-b9e3-4714-98d9-dccf3e16a9af,"",4,2026-09-22T16:06:15.6521356+02:00
setup-quick,construction,PASS,,2,05d74ccb-9557-4600-ab85-ca8ad7c1222e,"",5,2026-09-22T16:06:18.3809632+02:00
bundle-ops-clarity,hospitality,PASS,,4,b5bcec78-a788-4fd8-9580-08de46aae7ae,"",4,2026-09-22T16:06:45.1439305+02:00
setup-full,construction,PASS,,4,18cb5bc3-7dd8-4cbd-ae2c-6c2854cdfb50,"",4,2026-09-22T16:06:47.8660390+02:00
setup-quick,construction,PASS,,2,31d73bd4-14b1-417e-a618-f0af609c65e6,"",5,2026-09-22T16:07:14.6791582+02:00
setup-custom,construction,PASS,,3,065f3db0-a5d6-4b78-b46c-a9073fd35dfa,"",5,2026-09-22T16:07:17.4073040+02:00
setup-full,construction,PASS,,4,f03ddf9b-a87f-4a6d-9ad8-3a62ce4e730b,"",5,2026-09-22T16:07:44.2660185+02:00
audit,construction,PASS,,2,85b2b7ca-a06f-4f8a-b01b-bfc5d6ab7f87,"",5,2026-09-22T16:07:47.1496976+02:00
setup-custom,construction,PASS,,3,706505ef-62e8-47ee-86df-b37063538b5d,"",4,2026-09-22T16:08:13.7409835+02:00
integration,construction,PASS,,3,2af8b231-1a60-419d-a2dc-65b902ce9214,"",4,2026-09-22T16:08:16.6433332+02:00
audit,construction,PASS,,2,1529aeca-a941-43d1-b0b4-c5a0b006e64c,"",5,2026-09-22T16:08:43.6819298+02:00
workflow-design,construction,PASS,,2,dbc9b233-685b-4600-aaf1-fcba6d476a11,"",5,2026-09-22T16:08:46.1620686+02:00
integration,construction,PASS,,3,c6f48e8a-65ad-4ed0-8a72-685132eafe43,"",4,2026-09-22T16:09:13.1637697+02:00
support-priority,construction,PASS,,2,0efc92f8-9702-4490-ad56-a61619517dbe,"",4,2026-09-22T16:09:15.6300922+02:00
workflow-design,construction,PASS,,2,11a1ea03-767e-4052-a67d-88b6fbc5953d,"",5,2026-09-22T16:09:43.2031286+02:00
support-dedicated,construction,PASS,,2,eaa78d1f-877e-4f51-bdbc-1e69fb48b653,"",5,2026-09-22T16:09:45.2492334+02:00
support-priority,construction,PASS,,2,7720aa5d-7ac4-4daa-95ca-1c74a989e58d,"",5,2026-09-22T16:10:12.8970319+02:00
landing,construction,PASS,,0,da05bbb4-3715-4906-8221-3acf745a79f4,"",5,2026-09-22T16:10:14.8808588+02:00
support-dedicated,construction,PASS,,2,810c287f-3ca6-47bf-9cbb-9413ce8e2070,"",5,2026-09-22T16:10:42.4675662+02:00
website-business,construction,PASS,,0,9348b381-5933-4974-92c0-df63be705120,"",5,2026-09-22T16:10:44.4481705+02:00
landing,construction,PASS,,0,154e55ff-1d4d-4ff7-9241-4c2ab825381f,"",5,2026-09-22T16:11:11.9879989+02:00
website-ecommerce,construction,PASS,,0,5522d02a-c9d0-459a-8282-d513327cbdf3,"",4,2026-09-22T16:11:13.9120704+02:00
website-business,construction,PASS,,0,5682e979-dc71-4ff4-a99d-3d8f2efcb26f,"",4,2026-09-22T16:11:41.4632898+02:00
white-label-setup,construction,PASS,,2,423f1d40-3b90-45ae-a81b-c3c2b8881df2,"",5,2026-09-22T16:11:43.5202561+02:00
website-ecommerce,construction,PASS,,0,377cc8b7-0a3b-4a67-b034-fa13921b08bd,"",4,2026-09-22T16:12:10.9696322+02:00
sales-enablement,construction,PASS,,2,d37cdd54-9352-4290-b608-a477cc1effa0,"",5,2026-09-22T16:12:13.2142999+02:00
white-label-setup,construction,PASS,,2,543e7e78-237c-485a-b46f-429d88fdc732,"",4,2026-09-22T16:12:40.4712748+02:00
vertical-package,construction,PASS,,2,429f0e08-4ee1-4c34-8e1e-85d8b88cff2a,"",4,2026-09-22T16:12:42.7057571+02:00
sales-enablement,construction,PASS,,2,65fb703f-cf94-426d-aa43-81d8aa76407d,"",5,2026-09-22T16:13:10.0191058+02:00
lead-gen-retainer,construction,PASS,,3,01cd9ed1-d772-4221-958d-728dd6d9a3ab,"",9,2026-09-22T16:13:16.3134283+02:00
vertical-package,construction,PASS,,2,b091beda-93d9-48b0-8d0c-32b78246d529,"",5,2026-09-22T16:13:39.5630404+02:00
ai-support-retainer,construction,PASS,,3,349173f0-1a19-45f2-9257-1c345d19b7a9,"",4,2026-09-22T16:13:45.8645407+02:00
lead-gen-retainer,construction,PASS,,3,b7df9176-70fa-4216-a294-96249332dcbd,"",9,2026-09-22T16:14:13.2633379+02:00
custom-software,construction,PASS,,2,9296cfd4-a2ad-46d9-898c-b2072e97298c,"",4,2026-09-22T16:14:15.3406294+02:00
ai-support-retainer,construction,PASS,,3,87ce8876-30a8-40d0-8b0e-19b6adcbfeda,"",4,2026-09-22T16:14:42.7601748+02:00
bundle-portal-presence,construction,PASS,,2,6517271e-a330-4da8-83d9-5f4f3c7f102c,"",4,2026-09-22T16:14:44.7990266+02:00
custom-software,construction,PASS,,2,8acf4a7f-6b14-401d-9f47-535ae41af58c,"",5,2026-09-22T16:15:12.4026171+02:00
bundle-sales-launch,construction,PASS,,2,b3961173-79a7-4618-9493-26f45ef70c57,"",5,2026-09-22T16:15:14.3892197+02:00
bundle-portal-presence,construction,PASS,,2,995d56a8-0661-4308-8db1-651aebb0027c,"",5,2026-09-22T16:15:41.9334595+02:00
bundle-ops-clarity,construction,PASS,,4,bf9beab7-102d-4918-99a3-b8f2efef51a9,"",4,2026-09-22T16:15:43.8625732+02:00
bundle-sales-launch,construction,PASS,,2,1f344ef5-4b96-430c-8c0e-11dd15e91ce2,"",5,2026-09-22T16:16:11.6203203+02:00
setup-quick,education,PASS,,2,22eab567-3c82-4490-b84a-2be482cfc092,"",5,2026-09-22T16:16:13.5042066+02:00
bundle-ops-clarity,construction,PASS,,4,5c726a44-a5b6-4af2-afac-e8e41ade5eb9,"",5,2026-09-22T16:16:41.2569578+02:00
setup-full,education,PASS,,4,7756f9c2-17d3-4744-9fb9-4994f04cbfdd,"",5,2026-09-22T16:16:43.3829050+02:00
setup-quick,education,PASS,,2,9bb88613-7bfe-410e-b617-0762e727929b,"",7,2026-09-22T16:17:12.7732154+02:00
setup-custom,education,PASS,,3,fed92d22-547e-4fa2-ba10-137331a05179,"",7,2026-09-22T16:17:15.0980310+02:00
setup-full,education,PASS,,4,cd258044-4028-4322-ba2b-ccdd7aa82d5c,"",5,2026-09-22T16:17:42.7327558+02:00
audit,education,PASS,,2,d14deb70-4b49-4a8e-9a9e-8238861b057d,"",5,2026-09-22T16:17:44.8167008+02:00
setup-custom,education,PASS,,3,b43f3f89-a196-47ab-a02d-e8f4c38f08c8,"",5,2026-09-22T16:18:12.3392196+02:00
integration,education,PASS,,3,825b1387-63b3-4a86-b22c-d8721fe48ac2,"",5,2026-09-22T16:18:15.1154262+02:00
audit,education,PASS,,2,9927de49-a2a6-46ac-8bbd-716b190691c2,"",5,2026-09-22T16:18:41.8816806+02:00
workflow-design,education,PASS,,2,50174d7d-3ceb-4d53-9e3b-5def36c2522c,"",5,2026-09-22T16:18:44.8184585+02:00
integration,education,PASS,,3,5cbc3adf-7d83-4de2-9255-f4fe3720b46a,"",5,2026-09-22T16:19:11.5043183+02:00
support-priority,education,PASS,,2,ad0aae22-c329-4012-b1cd-3d4b5525c337,"",5,2026-09-22T16:19:14.3390547+02:00
workflow-design,education,PASS,,2,6016f036-2a27-4d4b-984f-1a386cb505bf,"",5,2026-09-22T16:19:41.0559062+02:00
support-dedicated,education,PASS,,2,0891b765-68b0-4898-adbe-a6e9330fae84,"",4,2026-09-22T16:19:43.8575360+02:00
support-priority,education,PASS,,2,b1fa4a06-5cbc-4baa-bd77-d48a95b6df9f,"",5,2026-09-22T16:20:10.9106552+02:00
landing,education,PASS,,0,f0d84ae6-7023-4bc1-9c60-2267173baf01,"",5,2026-09-22T16:20:13.4674331+02:00
support-dedicated,education,PASS,,2,afab25ac-2448-43f7-bf8e-54c4b2c848d4,"",5,2026-09-22T16:20:40.4400322+02:00
website-business,education,PASS,,0,e94ecc33-8028-499c-89c7-1cb73170d02f,"",5,2026-09-22T16:20:43.0677325+02:00
landing,education,PASS,,0,ac1038c1-9c2b-4d9c-a616-f8b0f1b43dd5,"",5,2026-09-22T16:21:10.0583507+02:00
website-ecommerce,education,PASS,,0,68b12550-04bb-452d-8190-f4018b3abc56,"",5,2026-09-22T16:21:12.6398018+02:00
website-business,education,PASS,,0,55636099-2c17-4d10-8d74-d9f7fc901146,"",5,2026-09-22T16:21:39.6139024+02:00
white-label-setup,education,PASS,,2,91902fe1-8157-407a-9a2f-666e2da28d00,"",5,2026-09-22T16:21:42.3197930+02:00
website-ecommerce,education,PASS,,0,18160e2d-28b4-4ca8-acb1-b109ff096dff,"",5,2026-09-22T16:22:09.4336192+02:00
sales-enablement,education,PASS,,2,9ed1cbc4-2856-4724-9eaf-617864a99be8,"",5,2026-09-22T16:22:12.0633823+02:00
white-label-setup,education,PASS,,2,d006471c-4f9b-44db-b953-96de867421ba,"",5,2026-09-22T16:22:38.9532437+02:00
vertical-package,education,PASS,,2,deb387fe-b17a-48cc-a062-6d13c37ebfe5,"",4,2026-09-22T16:22:41.5771530+02:00
sales-enablement,education,PASS,,2,f4c616c8-aa57-4a95-8f34-2f35f7027513,"",4,2026-09-22T16:23:08.4614210+02:00
lead-gen-retainer,education,PASS,,3,f56f2589-f07d-4339-b279-bd8d0654f036,"",9,2026-09-22T16:23:15.3591423+02:00
vertical-package,education,PASS,,2,622abb49-b81c-4159-9255-2fe706b203dc,"",5,2026-09-22T16:23:37.9828730+02:00
ai-support-retainer,education,PASS,,3,bc7393ed-ecb9-46c1-9b31-9675ec5b4a03,"",4,2026-09-22T16:23:44.8665291+02:00
lead-gen-retainer,education,PASS,,3,cd32f304-2f97-4b13-a4ae-0faa67392a6f,"",9,2026-09-22T16:24:12.2221429+02:00
custom-software,education,PASS,,2,73f17576-5661-4e72-87b3-af9593c4b990,"",4,2026-09-22T16:24:14.2939736+02:00
bundle-portal-presence,education,PASS,,2,7cd2fe1e-5c37-459a-a66e-9aafcb6f101f,"",4,2026-09-22T16:24:43.7315855+02:00
bundle-sales-launch,education,PASS,,2,da6fb465-4561-4edd-a19b-91c09b5dc388,"",5,2026-09-22T16:25:13.3501295+02:00
bundle-ops-clarity,education,PASS,,4,19b96e62-f7db-4604-a49b-bc11fba7f57a,"",5,2026-09-22T16:25:43.0633487+02:00
setup-quick,finance,PASS,,2,4ae2e2c5-d9e6-43ec-984d-4b00f8eea34e,"",5,2026-09-22T16:26:12.7251295+02:00
setup-full,finance,PASS,,4,3d08444a-db17-473d-b4f8-093c0ef72ebb,"",5,2026-09-22T16:26:42.3430890+02:00
setup-custom,finance,PASS,,3,44fc2fc2-3381-42f5-a21c-d5da641688db,"",5,2026-09-22T16:27:12.0040846+02:00
audit,finance,PASS,,2,0283d274-8a0f-42e5-800a-5e705466d677,"",5,2026-09-22T16:27:41.6041263+02:00
integration,finance,PASS,,3,9942e806-a852-46ac-828a-4c4a4a745c2b,"",5,2026-09-22T16:28:11.1540484+02:00
workflow-design,finance,PASS,,2,6a544cbc-cae7-4050-bf76-221436cfdbc3,"",5,2026-09-22T16:28:40.7562355+02:00
support-priority,finance,PASS,,2,bf41d9c3-cd0d-4d59-9235-0adb723bb8aa,"",5,2026-09-22T16:29:10.3641166+02:00
support-dedicated,finance,PASS,,2,9ee24b5f-1d40-4c00-a553-ec3dc3505cfa,"",5,2026-09-22T16:29:39.9448998+02:00
landing,finance,PASS,,0,fae0c8ba-8815-40f1-a97c-0afef2e7e4ed,"",5,2026-09-22T16:30:09.5158399+02:00
website-business,finance,PASS,,0,642fad09-979d-4218-acfd-63532c737063,"",5,2026-09-22T16:30:39.5032116+02:00
website-ecommerce,finance,PASS,,0,33c9a1e0-c2d7-4345-9531-10f53822af16,"",5,2026-09-22T16:31:09.2493055+02:00
white-label-setup,finance,PASS,,2,4161c11c-d983-4daa-9a90-3884bcfeb998,"",5,2026-09-22T16:31:38.9727138+02:00
sales-enablement,finance,PASS,,2,9fb30b8a-774d-4089-ae78-9b44892020e4,"",5,2026-09-22T16:32:08.5293022+02:00
vertical-package,finance,PASS,,2,440c0c17-6482-4132-841d-0635bc4babc7,"",4,2026-09-22T16:32:37.9784984+02:00
lead-gen-retainer,finance,PASS,,3,27274cad-b502-4523-970b-d0cc4b097db4,"",9,2026-09-22T16:33:11.6402676+02:00
ai-support-retainer,finance,PASS,,3,35dd9d63-5147-49b3-b51f-bd9995ea3f54,"",4,2026-09-22T16:33:41.1443874+02:00
custom-software,finance,PASS,,2,b5fb6351-ad14-42ba-8522-df2aab25bfe7,"",5,2026-09-22T16:34:10.6828662+02:00
bundle-portal-presence,finance,PASS,,2,edb7addb-be7e-45da-9022-8cfd60b266ca,"",5,2026-09-22T16:34:40.4149335+02:00
bundle-sales-launch,finance,PASS,,2,8e977ef2-3bd2-4641-be85-048b127535ef,"",4,2026-09-22T16:35:09.8885931+02:00
bundle-ops-clarity,finance,PASS,,4,e3d0bd53-9192-43c8-8aa8-c2dba5633ad0,"",5,2026-09-22T16:35:39.4263491+02:00
setup-quick,logistics,PASS,,2,3884d1d7-7384-4650-9694-3081dd1d6570,"",5,2026-09-22T16:36:09.0093725+02:00
setup-full,logistics,PASS,,4,965f3b3a-d129-4e45-846e-8cb5c9064074,"",5,2026-09-22T16:36:38.5680174+02:00
setup-custom,logistics,PASS,,3,768aa869-0c6c-4717-bd4d-728c920d1bec,"",5,2026-09-22T16:37:08.3877689+02:00
audit,logistics,PASS,,2,92e4303f-5ede-4483-822a-7f2df8e691c9,"",5,2026-09-22T16:37:37.9235054+02:00
integration,logistics,PASS,,3,a1fd5822-4c23-4c9e-9106-ff5969af84c1,"",5,2026-09-22T16:38:07.4550204+02:00
workflow-design,logistics,PASS,,2,a3d4c49b-e5c8-4938-ac53-4d35a9a33f5d,"",5,2026-09-22T16:38:37.0164273+02:00
support-priority,logistics,PASS,,2,74a70330-8dfc-4c0c-8c17-639df9c27b0c,"",5,2026-09-22T16:39:07.2612720+02:00
support-dedicated,logistics,PASS,,2,5bca7b5a-04f3-47a2-bf5e-be0c2e93d0ae,"",5,2026-09-22T16:39:36.8440718+02:00
landing,logistics,PASS,,0,14ef8a91-b46a-4e41-ba64-94808da3c332,"",5,2026-09-22T16:40:06.4304772+02:00
website-business,logistics,PASS,,0,bdd528e6-4f14-4b53-bc53-446898adbd4f,"",5,2026-09-22T16:40:36.3053478+02:00
website-ecommerce,logistics,PASS,,0,7381f9de-6614-41e5-bf27-f096c53bb4e2,"",5,2026-09-22T16:41:05.9260083+02:00
white-label-setup,logistics,PASS,,2,c091451c-c387-4038-bf6b-c7c8eb0efc4a,"",5,2026-09-22T16:41:35.4785274+02:00
sales-enablement,logistics,PASS,,2,3c7ba7b0-5c4e-471e-9278-5152f7a18d09,"",5,2026-09-22T16:42:05.0349563+02:00
vertical-package,logistics,PASS,,2,a60fb01c-cf09-4bbb-b8c1-cd2811dc8783,"",4,2026-09-22T16:42:34.5251161+02:00
lead-gen-retainer,logistics,PASS,,3,f7b4b171-bb3f-42e3-8162-33d79e54645b,"",9,2026-09-22T16:43:08.0844590+02:00
ai-support-retainer,logistics,PASS,,3,19082134-3901-477f-8a99-23e9b5d2a5b2,"",4,2026-09-22T16:43:37.5807749+02:00
custom-software,logistics,PASS,,2,65ece959-ea5e-404f-96eb-56278ac41bd3,"",5,2026-09-22T16:44:07.3990468+02:00
bundle-portal-presence,logistics,PASS,,2,36baa305-e755-44bf-aca8-be065b88fbbd,"",5,2026-09-22T16:44:36.9783840+02:00
bundle-sales-launch,logistics,PASS,,2,1e5831e4-cffd-4747-878e-907433cfab13,"",6,2026-09-22T16:45:07.8735268+02:00
bundle-ops-clarity,logistics,PASS,,4,acf65413-bd09-4b90-a321-466e33c11e40,"",5,2026-09-22T16:45:37.3945984+02:00
setup-quick,beauty,PASS,,2,8cbf6379-44f0-4c67-b3a7-591914912a74,"",5,2026-09-22T16:46:07.1578818+02:00
setup-full,beauty,PASS,,4,2369ccd3-ff2d-421d-a96f-50de58dbb361,"",5,2026-09-22T16:46:36.7222495+02:00
setup-custom,beauty,PASS,,3,04278842-5ed6-4955-983b-546b66031919,"",5,2026-09-22T16:47:06.2570999+02:00
audit,beauty,PASS,,2,a4c7d80a-f8f7-4966-a053-cf1d6d746139,"",4,2026-09-22T16:47:35.7542517+02:00
integration,beauty,PASS,,3,7f0ff711-6ab1-49ef-8c93-66293e266131,"",5,2026-09-22T16:48:05.6009395+02:00
workflow-design,beauty,PASS,,2,8aa1204e-ec5f-4aa3-80ba-658d6b1efcc4,"",4,2026-09-22T16:48:35.0884931+02:00
support-priority,beauty,PASS,,2,fe4cb4c6-f2ba-41da-ad64-894fd00c6d08,"",5,2026-09-22T16:49:04.6371713+02:00
support-dedicated,beauty,PASS,,2,abf4dc4f-b41f-4a9a-8b73-c4e5ff811a16,"",5,2026-09-22T16:49:34.2796917+02:00
landing,beauty,PASS,,0,696cf0e2-b618-457e-9295-b26d31487000,"",5,2026-09-22T16:50:04.3048356+02:00
website-business,beauty,PASS,,0,6de05c85-783a-45ba-a873-b9fd8609cbc7,"",5,2026-09-22T16:50:33.8581397+02:00
website-ecommerce,beauty,PASS,,0,40ea9547-fa9d-47aa-8cc0-599ff0c0ad71,"",5,2026-09-22T16:51:03.4107594+02:00
white-label-setup,beauty,PASS,,2,a6d2f84a-5f8e-44ad-8449-fe0cbd5cb8e0,"",4,2026-09-22T16:51:32.9255996+02:00
sales-enablement,beauty,PASS,,2,4c09018b-0f44-4797-b9a2-212babd830bd,"",5,2026-09-22T16:52:02.5289905+02:00
vertical-package,beauty,PASS,,2,22c1bb82-77a6-4717-9380-6cbf91929f7d,"",5,2026-09-22T16:52:32.0864799+02:00
lead-gen-retainer,beauty,PASS,,3,8dd4694d-9259-4a06-8bbb-b2301eb404d0,"",5,2026-09-22T16:53:01.6178649+02:00
ai-support-retainer,beauty,PASS,,3,4b211e1d-0c3c-463c-a3c9-9ca584dd8e41,"",4,2026-09-22T16:53:31.0896171+02:00
custom-software,beauty,PASS,,2,d88c2bcf-5abe-4c7b-88d3-a2fcf8ebef17,"",5,2026-09-22T16:54:00.6473415+02:00
bundle-portal-presence,beauty,PASS,,2,81d1809c-3920-49f0-96dd-f718cd7be77a,"",5,2026-09-22T16:54:30.2494984+02:00
bundle-sales-launch,beauty,PASS,,2,039f9237-0293-42c6-80a7-07f2215e672c,"",5,2026-09-22T16:54:59.8220325+02:00
bundle-ops-clarity,beauty,PASS,,4,79fbe36e-6238-4826-8fb3-fc7d3c33bd4f,"",5,2026-09-22T16:55:29.4059905+02:00
setup-quick,fitness,PASS,,2,52deca5f-8479-46a9-8974-779c0a80fb98,"",5,2026-09-22T16:55:58.9347928+02:00
setup-full,fitness,PASS,,4,8209f090-cac0-4333-9631-de02444a4d82,"",5,2026-09-22T16:56:28.7019109+02:00
setup-custom,fitness,PASS,,3,2afb5820-7073-4c94-972c-92ba487f0c07,"",4,2026-09-22T16:56:58.2042834+02:00
audit,fitness,PASS,,2,fa486127-9c0f-4074-8586-0030025d2cf5,"",5,2026-09-22T16:57:27.7383991+02:00
integration,fitness,PASS,,3,a1fcfc2b-a6cf-4069-816f-bc82bb2a102a,"",4,2026-09-22T16:57:57.2643715+02:00
workflow-design,fitness,PASS,,2,06f88027-74cf-4c23-b774-58a5b1633c1f,"",4,2026-09-22T16:58:26.7578306+02:00
support-priority,fitness,PASS,,2,6e3f03b3-efa0-431e-818a-8017f40d354b,"",4,2026-09-22T16:58:56.2361410+02:00
support-dedicated,fitness,PASS,,2,f5c75425-449c-4126-9e8c-28a5cc1fba02,"",5,2026-09-22T16:59:25.7530147+02:00
landing,fitness,PASS,,0,bd718c70-2583-4691-bed6-d6999a6ecf74,"",4,2026-09-22T16:59:55.2199235+02:00
website-business,fitness,PASS,,0,bd12dcd5-6aa5-4ac7-914d-00080d598bca,"",4,2026-09-22T17:00:24.6898391+02:00
website-ecommerce,fitness,PASS,,0,39a90e89-bcdd-45cc-ad01-e920d465fef8,"",5,2026-09-22T17:00:54.2241454+02:00
white-label-setup,fitness,PASS,,2,0ba9751b-1c29-4c1a-b732-2a02d25b6f5b,"",4,2026-09-22T17:01:23.6910914+02:00
sales-enablement,fitness,PASS,,2,55140258-97e5-4b3c-9147-42bb35b1b85f,"",5,2026-09-22T17:01:53.2684586+02:00
vertical-package,fitness,PASS,,2,0ac78807-1749-48c7-82b5-64de637f42be,"",4,2026-09-22T17:02:22.7240370+02:00
lead-gen-retainer,fitness,PASS,,3,d958abd6-2847-424e-82b9-2630a767aa1d,"",9,2026-09-22T17:02:56.2871631+02:00
ai-support-retainer,fitness,PASS,,3,0c1f648b-1c23-4a77-a5d8-dfcc15dc04eb,"",4,2026-09-22T17:03:25.8001768+02:00
custom-software,fitness,PASS,,2,42f088e5-5513-4d8c-8f84-9878dbc6b4df,"",5,2026-09-22T17:03:55.3465636+02:00
bundle-portal-presence,fitness,PASS,,2,14075c32-5337-4066-8b52-ce0694640d6f,"",5,2026-09-22T17:04:24.9548178+02:00
bundle-sales-launch,fitness,PASS,,2,b6b8ec86-fa79-41d2-a813-614e9a63e78c,"",5,2026-09-22T17:04:54.6340934+02:00
bundle-ops-clarity,fitness,PASS,,4,fc23c15c-6fe6-4222-ae55-02c2a24ea4ec,"",4,2026-09-22T17:05:24.0604420+02:00
setup-quick,agriculture,PASS,,2,6179cfbd-d239-427b-ac62-8a27afd1e6ac,"",5,2026-09-22T17:05:53.6143080+02:00
setup-full,agriculture,PASS,,4,955d0de2-bd3a-4106-aae5-91e886dd6c51,"",5,2026-09-22T17:06:23.1894275+02:00
setup-custom,agriculture,PASS,,3,c938851b-15eb-4561-8d19-005076cbbb28,"",5,2026-09-22T17:06:53.2423636+02:00
audit,agriculture,PASS,,2,7e469873-77e5-4dfb-8081-5be7aa784a43,"",4,2026-09-22T17:07:22.6792289+02:00
integration,agriculture,PASS,,3,d4d47b9c-835e-44e9-a3bf-89a834a6113f,"",4,2026-09-22T17:07:52.1926803+02:00
workflow-design,agriculture,PASS,,2,f44711e8-a835-412d-ae50-f460b5253aa5,"",5,2026-09-22T17:08:21.8045984+02:00
support-priority,agriculture,PASS,,2,e834489b-3d9d-4201-91bf-e04c60c0f99f,"",5,2026-09-22T17:08:51.4135152+02:00
support-dedicated,agriculture,PASS,,2,6cbf1de9-cd85-48de-960b-744d67882881,"",5,2026-09-22T17:09:20.9673951+02:00
landing,agriculture,PASS,,0,409b326c-3436-4399-a22a-0c16c7475557,"",5,2026-09-22T17:09:50.5006114+02:00
website-business,agriculture,PASS,,0,9c7b1250-4362-4dbe-91b5-fd540e1757bc,"",4,2026-09-22T17:10:19.9478046+02:00
website-ecommerce,agriculture,PASS,,0,e0c4d12a-2003-4da9-a127-b540272edb86,"",5,2026-09-22T17:10:49.5621850+02:00
white-label-setup,agriculture,PASS,,2,822b9299-b988-4b1e-b73e-2c3b7aa1e568,"",5,2026-09-22T17:11:19.0961028+02:00
sales-enablement,agriculture,PASS,,2,25a7ebad-16bb-4787-9dc5-0fffc70e87e7,"",4,2026-09-22T17:11:48.5591936+02:00
vertical-package,agriculture,PASS,,2,81812262-a9ee-49cb-b82b-ea0a9dcef490,"",5,2026-09-22T17:12:18.1450748+02:00
lead-gen-retainer,agriculture,PASS,,3,fe531290-435e-473a-a5a1-0d709acbe7c8,"",4,2026-09-22T17:12:47.6173649+02:00
ai-support-retainer,agriculture,PASS,,3,fc4a649f-6267-43f2-afcf-50900ea503e7,"",5,2026-09-22T17:13:17.2426577+02:00
custom-software,agriculture,PASS,,2,6389b54f-f43a-4cb6-9d9e-8e4a485d258c,"",5,2026-09-22T17:13:46.8094919+02:00
bundle-portal-presence,agriculture,PASS,,2,93aa128c-f36b-49ef-9633-9613ec43fd25,"",5,2026-09-22T17:14:16.3232928+02:00
bundle-sales-launch,agriculture,PASS,,2,bbc868d3-9885-4487-82bb-e4b62fef5688,"",5,2026-09-22T17:14:45.9209028+02:00
bundle-ops-clarity,agriculture,PASS,,4,1bee5c06-5db6-42d5-9e20-171b316027e4,"",5,2026-09-22T17:15:15.4935100+02:00
setup-quick,automotive,PASS,,2,b0c3d158-a21f-4cb1-8f7f-bcb0d9fea751,"",5,2026-09-22T17:15:45.0215277+02:00
setup-full,automotive,PASS,,4,72849152-29ab-4fb4-83d6-a1c8b25a313b,"",5,2026-09-22T17:16:14.6269332+02:00
setup-custom,automotive,PASS,,3,1f174ccb-ca38-44c0-8c28-f954cba75ecc,"",4,2026-09-22T17:16:44.0838112+02:00
audit,automotive,PASS,,2,49c8486b-44a2-4edd-a7cb-6cebc043a09b,"",5,2026-09-22T17:17:14.1975016+02:00
integration,automotive,PASS,,3,a2e430a7-998d-4e73-a900-187e5fca499d,"",5,2026-09-22T17:17:43.8548686+02:00
workflow-design,automotive,PASS,,2,aa26a88e-5bac-4f5e-8e2b-309c69298ca2,"",4,2026-09-22T17:18:13.3084462+02:00
support-priority,automotive,PASS,,2,929d4add-d735-48e7-bc00-b4ad55ec976a,"",5,2026-09-22T17:18:43.1860240+02:00
support-dedicated,automotive,PASS,,2,a4aade25-1215-44e9-9c4c-16614721c685,"",5,2026-09-22T17:19:12.7222069+02:00
landing,automotive,PASS,,0,a245afa9-d748-4f52-9f32-9fa917bdd43e,"",5,2026-09-22T17:19:42.2419130+02:00
website-business,automotive,PASS,,0,78612d26-b3ce-4b54-ad1d-8144f8e3db9c,"",5,2026-09-22T17:20:12.4059803+02:00
website-ecommerce,automotive,PASS,,0,eff77d36-85d9-4bfc-9f16-8954c102a010,"",5,2026-09-22T17:20:42.1640006+02:00
white-label-setup,automotive,PASS,,2,b4839665-3f5a-47b1-bdf8-4b75dc64985a,"",5,2026-09-22T17:21:11.7327852+02:00
sales-enablement,automotive,PASS,,2,c51f2912-8519-458f-aa71-10317e06bae7,"",5,2026-09-22T17:21:41.2801824+02:00
vertical-package,automotive,PASS,,2,45a11b7b-c8a8-46f5-b3b7-465c93af47f7,"",5,2026-09-22T17:22:10.9676662+02:00
lead-gen-retainer,automotive,PASS,,3,2b3f360d-de7e-47a3-be23-66eefbaa0b69,"",9,2026-09-22T17:22:44.6149848+02:00
ai-support-retainer,automotive,PASS,,3,93373c98-b26a-4010-9a53-43ec708d0281,"",5,2026-09-22T17:23:14.2840261+02:00
custom-software,automotive,PASS,,2,a9d74adc-1243-44b7-92fa-54b5e44debfc,"",5,2026-09-22T17:23:43.8537055+02:00
bundle-portal-presence,automotive,PASS,,2,aeed15ea-dae0-4412-bd79-39f532ba2129,"",5,2026-09-22T17:24:13.4499478+02:00
bundle-sales-launch,automotive,PASS,,2,bcef5329-7d2c-4163-b51d-d595249fabcd,"",4,2026-09-22T17:24:42.9499353+02:00
bundle-ops-clarity,automotive,PASS,,4,f7c462e1-7790-48a2-9e37-23d5fb3e6d17,"",5,2026-09-22T17:25:12.4727393+02:00
setup-quick,real-estate,PASS,,2,5a78b3d0-73af-41cc-97c0-9b8aa9887f2d,"",5,2026-09-22T17:25:42.0658225+02:00
setup-full,real-estate,PASS,,4,dd847fb6-d0c6-4f01-a429-83b9f7fc2e78,"",5,2026-09-22T17:26:11.6304593+02:00
setup-custom,real-estate,PASS,,3,a77dcacd-66ab-4a5a-ab96-bfd77cb5a934,"",5,2026-09-22T17:26:41.1839364+02:00
audit,real-estate,PASS,,2,d59372a6-179d-4a8a-959d-61b037286d74,"",5,2026-09-22T17:27:10.9021781+02:00
integration,real-estate,PASS,,3,255ce056-c486-4c30-9c73-a49e7cce98e2,"",5,2026-09-22T17:27:40.4430561+02:00
workflow-design,real-estate,PASS,,2,d8b66e29-f762-4350-a3cf-ba54979696a7,"",5,2026-09-22T17:28:09.9739946+02:00
support-priority,real-estate,PASS,,2,341035c5-c614-4bf1-83ba-d008b84ddc8d,"",5,2026-09-22T17:28:39.4927672+02:00
support-dedicated,real-estate,PASS,,2,bfb45dd1-4acd-4e0f-9509-8c8983872c73,"",5,2026-09-22T17:29:09.1007281+02:00
landing,real-estate,PASS,,0,c57a7335-efde-48d5-b936-bac516862518,"",4,2026-09-22T17:29:38.5889476+02:00
website-business,real-estate,PASS,,0,467519af-bb6f-41f9-9533-c6a9c9be8548,"",5,2026-09-22T17:30:08.3220609+02:00
website-ecommerce,real-estate,PASS,,0,872a6c80-6f4c-4bc3-9675-fc18ccb68dac,"",5,2026-09-22T17:30:37.9646014+02:00
white-label-setup,real-estate,PASS,,2,d1031334-2dd2-4807-a443-e801a3430c28,"",5,2026-09-22T17:31:07.5367936+02:00
sales-enablement,real-estate,PASS,,2,3a530d48-8352-4e93-b50f-5d53b81c577c,"",5,2026-09-22T17:31:37.4076751+02:00
vertical-package,real-estate,PASS,,2,811e1ae1-8b9b-4c22-b284-a45284c6324f,"",5,2026-09-22T17:32:07.3557271+02:00
lead-gen-retainer,real-estate,PASS,,3,0d0c7e25-132c-44cf-a0dc-eb176ee7afa6,"",5,2026-09-22T17:32:37.1019292+02:00
ai-support-retainer,real-estate,PASS,,3,b6096910-819e-4fb8-aea5-15b61f394b3b,"",5,2026-09-22T17:33:07.0335877+02:00
custom-software,real-estate,PASS,,2,8f3043b6-5a25-4a5c-8412-159b0431dee5,"",5,2026-09-22T17:33:36.7111559+02:00
bundle-portal-presence,real-estate,PASS,,2,aadd2260-3acb-4a0c-8908-f11e320a0409,"",5,2026-09-22T17:34:06.2691614+02:00
bundle-sales-launch,real-estate,PASS,,2,492d0411-d11e-45f0-8aff-af4d607f49b6,"",5,2026-09-22T17:34:35.9210370+02:00
bundle-ops-clarity,real-estate,PASS,,4,9a3c753b-3258-4187-9504-c0a9e1516107,"",5,2026-09-22T17:35:05.7118485+02:00
setup-quick,manufacturing,PASS,,2,2591552c-5ba2-4aa5-828f-07eed174763e,"",4,2026-09-22T17:35:35.2050067+02:00
setup-full,manufacturing,PASS,,4,f1c9528d-8f1c-4598-8608-257beb04e74d,"",6,2026-09-22T17:36:06.1529722+02:00
setup-custom,manufacturing,PASS,,3,6a363f03-872d-49c7-852e-55e9e3059434,"",5,2026-09-22T17:36:35.6784491+02:00
audit,manufacturing,PASS,,2,e9acacb4-58b3-456f-8a70-9ccb3088b94f,"",5,2026-09-22T17:37:05.5941041+02:00
integration,manufacturing,PASS,,3,348729b2-d4b3-4eac-a479-53fcd2bf114d,"",5,2026-09-22T17:37:35.1702343+02:00
workflow-design,manufacturing,PASS,,2,0c0b50cd-dbd2-42ae-b084-83dbc7a604f5,"",5,2026-09-22T17:38:04.8418767+02:00
support-priority,manufacturing,PASS,,2,eafef05a-71ea-4b21-aec0-2c387c965f17,"",5,2026-09-22T17:38:34.4110360+02:00
support-dedicated,manufacturing,PASS,,2,1c58db03-b7f8-479a-8458-33fd418284b1,"",5,2026-09-22T17:39:04.1604297+02:00
landing,manufacturing,PASS,,0,e25fabfc-f2fb-41f9-b435-c8768f31cb7c,"",5,2026-09-22T17:39:33.8389733+02:00
website-business,manufacturing,PASS,,0,80cbc6c8-96a7-4e6c-9858-822359b75f4c,"",5,2026-09-22T17:40:03.4375480+02:00
website-ecommerce,manufacturing,PASS,,0,c9ed80a5-2c71-41c1-a456-5f6285d15dc7,"",5,2026-09-22T17:40:33.0588961+02:00
white-label-setup,manufacturing,PASS,,2,e9a1fa40-ce95-40c3-a50c-21ce42b0464c,"",4,2026-09-22T17:41:02.5388115+02:00
sales-enablement,manufacturing,PASS,,2,a68e8e44-2cc6-4752-b94d-e80a85cb3707,"",5,2026-09-22T17:41:32.0741451+02:00
vertical-package,manufacturing,PASS,,2,7e4eb3f6-fd62-4d51-b425-554722b86558,"",5,2026-09-22T17:42:01.8389549+02:00
lead-gen-retainer,manufacturing,PASS,,3,1e626bfe-ac08-4eb2-b30e-040f7819a920,"",9,2026-09-22T17:42:35.4848021+02:00
ai-support-retainer,manufacturing,PASS,,3,56bcca76-93ac-4ba3-b065-a313aecd18ef,"",5,2026-09-22T17:43:05.6868230+02:00
custom-software,manufacturing,PASS,,2,e56018e4-3e8b-46ed-baef-f12ebf16dd3d,"",5,2026-09-22T17:43:35.3738688+02:00
bundle-portal-presence,manufacturing,PASS,,2,99ad66d9-dda9-410b-a208-a8e7ea230b5c,"",5,2026-09-22T17:44:05.2179815+02:00
bundle-sales-launch,manufacturing,PASS,,2,814ee109-ab81-43aa-85db-2bcc12d00f97,"",4,2026-09-22T17:44:34.7134025+02:00
bundle-ops-clarity,manufacturing,PASS,,4,fee39f17-be3f-4a1d-bd88-15d47f4addb4,"",4,2026-09-22T17:45:04.2043567+02:00
setup-quick,technology,PASS,,2,a18a46e0-e531-4d22-81e0-8e6fbc752c98,"",5,2026-09-22T17:45:33.8876542+02:00
setup-full,technology,PASS,,4,d02fab50-1ca9-4be2-a10a-10bd06136feb,"",5,2026-09-22T17:46:03.8650171+02:00
setup-custom,technology,PASS,,3,a12cac40-c370-4a40-b9d6-96bd024ef495,"",5,2026-09-22T17:46:33.4329121+02:00
audit,technology,PASS,,2,e69fc1d8-e9cc-48dc-bc6f-3f0a7bc52685,"",5,2026-09-22T17:47:03.0281865+02:00
integration,technology,PASS,,3,0166795d-1912-4fe3-88ea-4ee94765be3e,"",4,2026-09-22T17:47:32.4992842+02:00
workflow-design,technology,PASS,,2,5ab2a2ea-205a-4b39-940b-600796e8be4e,"",5,2026-09-22T17:48:02.0274058+02:00
support-priority,technology,PASS,,2,b9e93288-10e7-473f-b676-a5c83182a86e,"",4,2026-09-22T17:48:31.4725063+02:00
support-dedicated,technology,PASS,,2,d5dc700c-a522-4649-b6fd-8a0e2a4afdf0,"",5,2026-09-22T17:49:01.7788146+02:00
landing,technology,PASS,,0,9107f9b1-2449-42f1-8c26-bf7530d04abb,"",5,2026-09-22T17:49:31.5764864+02:00
website-business,technology,PASS,,0,5abd47f4-f25d-4f9e-8196-202de1300115,"",5,2026-09-22T17:50:01.2510926+02:00
website-ecommerce,technology,PASS,,0,8c6758f6-a217-4d82-ba97-1b6cb9c83fe1,"",5,2026-09-22T17:50:30.9370696+02:00
white-label-setup,technology,PASS,,2,d24ec39e-1bae-4a9f-8788-bbdd44e350f4,"",4,2026-09-22T17:51:00.4179070+02:00
sales-enablement,technology,PASS,,2,c45c6eb5-5b9b-4e25-bb99-9617f15c69d9,"",5,2026-09-22T17:51:30.0355418+02:00
vertical-package,technology,PASS,,2,c854ca0d-d1d3-4e25-a7e2-cd18596a74a2,"",5,2026-09-22T17:51:59.5733434+02:00
lead-gen-retainer,technology,PASS,,3,f1688d10-3759-402c-a90a-0cc83e830bd1,"",5,2026-09-22T17:52:29.1712912+02:00
ai-support-retainer,technology,PASS,,3,bff1f39b-78d6-4656-8fae-79e233115006,"",4,2026-09-22T17:52:58.6669044+02:00
custom-software,technology,PASS,,2,da4c77b7-5211-43e0-bbbb-d01a885ea6d4,"",5,2026-09-22T17:53:28.2880133+02:00
bundle-portal-presence,technology,PASS,,2,fc98188b-a46b-4bb5-8ede-8da8b88f5fbd,"",5,2026-09-22T17:53:57.8332957+02:00
bundle-sales-launch,technology,PASS,,2,1cf4b5ef-9717-46ff-8b60-67893ff3aee7,"",5,2026-09-22T17:54:27.3908627+02:00
bundle-ops-clarity,technology,PASS,,4,654642a3-2222-4255-9017-8ab5c2d4adea,"",5,2026-09-22T17:54:57.0164654+02:00
setup-quick,media,PASS,,2,301e939f-7e02-4ea2-a48f-a2b9dccf0e95,"",5,2026-09-22T17:55:26.6597157+02:00
setup-full,media,PASS,,4,605d3839-8293-4261-af24-f78eb7877ce6,"",5,2026-09-22T17:55:56.2886651+02:00
setup-custom,media,PASS,,3,3dc09352-3dc0-44c4-b894-804ddc68bf1f,"",5,2026-09-22T17:56:25.8292811+02:00
audit,media,PASS,,2,1a26916d-2599-4f85-b080-9c12b9af7a58,"",5,2026-09-22T17:56:55.3843849+02:00
integration,media,PASS,,3,ceca5f54-82b7-4657-afe9-8bda120d1c2e,"",5,2026-09-22T17:57:25.0725454+02:00
workflow-design,media,PASS,,2,ab9baaf6-861a-4b7a-8b57-0dd16779d74e,"",5,2026-09-22T17:57:54.6371228+02:00
support-priority,media,PASS,,2,81b60e54-320f-4c84-9805-e6844f208f95,"",5,2026-09-22T17:58:24.8475521+02:00
support-dedicated,media,PASS,,2,be7025e1-e236-44a8-a405-b72a17fa6dab,"",4,2026-09-22T17:58:54.3259355+02:00
landing,media,PASS,,0,6377b927-fd77-4286-8446-2e9003042cf8,"",5,2026-09-22T17:59:23.8531371+02:00
website-business,media,PASS,,0,a755fa26-3599-4ab6-a08a-c54d2e031ca7,"",5,2026-09-22T17:59:53.7724869+02:00
website-ecommerce,media,PASS,,0,b639538e-377c-418f-8c08-c4dbd0124970,"",5,2026-09-22T18:00:23.3493329+02:00
white-label-setup,media,PASS,,2,5332a26b-0c59-4f92-9a2b-02eaa6c8a4e4,"",5,2026-09-22T18:00:53.0144275+02:00
sales-enablement,media,PASS,,2,34f144c2-f098-4ca2-ba98-2a18ed41db61,"",5,2026-09-22T18:01:22.6379699+02:00
vertical-package,media,PASS,,2,14a78f60-72b2-490d-87d1-174fa247a2ac,"",5,2026-09-22T18:01:52.3094308+02:00
lead-gen-retainer,media,PASS,,3,677184ce-9e08-4a7d-8768-c7091a703bc9,"",9,2026-09-22T18:02:25.9826335+02:00
ai-support-retainer,media,PASS,,3,355cb567-d5c0-40f5-974a-dfc7be2a13c9,"",4,2026-09-22T18:02:55.4389027+02:00
custom-software,media,PASS,,2,48b0b118-859c-4d01-8706-d146278622fc,"",4,2026-09-22T18:03:24.8951570+02:00
bundle-portal-presence,media,PASS,,2,f0be4fbc-af64-4edd-a2f0-6026c7b70b50,"",5,2026-09-22T18:03:54.4514713+02:00
bundle-sales-launch,media,PASS,,2,8573cec5-d432-49f4-b507-b0bd16628582,"",5,2026-09-22T18:04:24.2532171+02:00
bundle-ops-clarity,media,PASS,,4,21400758-d65d-4339-ba10-f6f613fad3e3,"",5,2026-09-22T18:04:54.2103894+02:00
setup-quick,nonprofit,PASS,,2,ec541b75-3520-487c-8fcb-4ae318bf0f4a,"",5,2026-09-22T18:05:23.7732507+02:00
setup-full,nonprofit,PASS,,4,bacfcf27-3902-481f-99f1-822dd8446706,"",5,2026-09-22T18:05:53.3762055+02:00
setup-custom,nonprofit,PASS,,3,1eaacafa-84d9-43a6-9413-1ac8f72d91d6,"",5,2026-09-22T18:06:23.1352625+02:00
audit,nonprofit,PASS,,2,c32cc935-e5d9-4501-ba7d-a5a187d235dc,"",5,2026-09-22T18:06:52.7573148+02:00
integration,nonprofit,PASS,,3,9572a653-a132-4ad7-b57c-165f45c223a7,"",4,2026-09-22T18:07:22.2547554+02:00
workflow-design,nonprofit,PASS,,2,028de904-6f6c-4381-82fb-041d20554530,"",5,2026-09-22T18:07:51.8562382+02:00
support-priority,nonprofit,PASS,,2,6527e907-8f33-4832-b892-9b812ff4342c,"",4,2026-09-22T18:08:21.3647262+02:00
support-dedicated,nonprofit,PASS,,2,3a17af92-5ec0-4510-a538-eaab014c2680,"",5,2026-09-22T18:08:51.0782802+02:00
landing,nonprofit,PASS,,0,a2c7ed7b-58f0-4a6b-93cc-68b51037ee70,"",5,2026-09-22T18:09:20.6289179+02:00
website-business,nonprofit,PASS,,0,881f3ae1-5fa9-4289-a492-bb60db8e5fdb,"",5,2026-09-22T18:09:50.2578029+02:00
website-ecommerce,nonprofit,PASS,,0,f33f6318-9224-457f-a3d5-84eeeb654412,"",5,2026-09-22T18:10:20.7168842+02:00
white-label-setup,nonprofit,PASS,,2,91f0dce2-c9ed-49be-8fcc-57797cb80eb6,"",4,2026-09-22T18:10:50.2120327+02:00
sales-enablement,nonprofit,PASS,,2,fd5c5b0e-f0bc-4cd6-b001-f9eabf14081c,"",5,2026-09-22T18:11:19.8836593+02:00
vertical-package,nonprofit,PASS,,2,5ece0d77-2b2d-427e-bbb0-4033a51a484b,"",4,2026-09-22T18:11:49.3719834+02:00
lead-gen-retainer,nonprofit,PASS,,3,f7a9adbf-8246-49fc-81c5-450547c99925,"",4,2026-09-22T18:12:18.8477919+02:00
ai-support-retainer,nonprofit,PASS,,3,65e3fc21-15b7-4f74-aaa5-628ad23951f5,"",5,2026-09-22T18:12:48.4628581+02:00
custom-software,nonprofit,PASS,,2,4c840602-72e8-4d3d-b26e-ed672eca11aa,"",5,2026-09-22T18:13:18.0502766+02:00
bundle-portal-presence,nonprofit,PASS,,2,a00e0a0c-9e69-4fc7-b536-3a448292d674,"",5,2026-09-22T18:13:47.5912283+02:00
bundle-sales-launch,nonprofit,PASS,,2,774935a8-f477-4628-bc31-3a834d0dd1cf,"",5,2026-09-22T18:14:17.1957146+02:00
bundle-ops-clarity,nonprofit,PASS,,4,ed66c492-0c28-4eb8-8126-baeb3794bbde,"",5,2026-09-22T18:14:46.7269386+02:00
setup-quick,government,PASS,,2,2a830630-9d72-4f4c-967f-3effe83e0b15,"",5,2026-09-22T18:15:16.2488130+02:00
setup-full,government,PASS,,4,01c611c7-d07f-4858-ad79-250924167ee5,"",5,2026-09-22T18:15:45.7750469+02:00
setup-custom,government,PASS,,3,de4b2bd0-550e-4228-b59b-d1d2557606cd,"",5,2026-09-22T18:16:15.3146319+02:00
audit,government,PASS,,2,fb429f63-9649-4de5-9d92-f4db4ec22f3f,"",4,2026-09-22T18:16:45.0990461+02:00
integration,government,PASS,,3,756dce0a-1c2b-4a4f-b16d-ceb8a2a2ff5f,"",5,2026-09-22T18:17:14.8677429+02:00
workflow-design,government,PASS,,2,641f7351-9c70-437f-b610-4088da28dd7c,"",4,2026-09-22T18:17:44.3744119+02:00
support-priority,government,PASS,,2,1a18691d-c883-4859-be7c-9fdd373eb829,"",5,2026-09-22T18:18:13.8959664+02:00
support-dedicated,government,PASS,,2,1b5a7ff8-f433-4765-a370-94894dc0898b,"",4,2026-09-22T18:18:43.3201898+02:00
landing,government,PASS,,0,334ffeb8-2745-43ed-8752-b27d18237524,"",5,2026-09-22T18:19:13.4669195+02:00
website-business,government,PASS,,0,0d3a77be-dcd4-4bd3-a91e-3f56935d073e,"",5,2026-09-22T18:19:43.3099538+02:00
website-ecommerce,government,PASS,,0,e1dddd5d-d967-429f-ae11-580a32b72587,"",5,2026-09-22T18:20:12.9668134+02:00
white-label-setup,government,PASS,,2,35672051-1a11-48c5-b799-9beceba2e2b2,"",5,2026-09-22T18:20:42.4861930+02:00
sales-enablement,government,PASS,,2,4ebf6e09-94b7-4d49-8bc9-95f60cf7ee8f,"",5,2026-09-22T18:21:12.1508852+02:00
vertical-package,government,PASS,,2,54761236-9f6f-436a-8297-326592298479,"",4,2026-09-22T18:21:41.6310650+02:00
lead-gen-retainer,government,PASS,,3,d823516a-0b25-4dc6-9cbd-423eebe31555,"",13,2026-09-22T18:22:19.3268485+02:00
ai-support-retainer,government,PASS,,3,25aff272-eb98-4a4f-8a9c-11fdbc48ca73,"",4,2026-09-22T18:22:48.8062098+02:00
custom-software,government,PASS,,2,efa9d367-cd67-45b5-9f99-8da19ec545dd,"",4,2026-09-22T18:23:18.3059382+02:00
bundle-portal-presence,government,PASS,,2,74d90cdb-b5ae-4817-bc6a-0af5ff782e9a,"",4,2026-09-22T18:23:47.8106482+02:00
bundle-sales-launch,government,PASS,,2,1c509fdb-d7c3-49b5-9605-01d9377c99db,"",5,2026-09-22T18:24:17.3467058+02:00
bundle-ops-clarity,government,PASS,,4,de171125-746c-4d9d-850d-13679eb24c91,"",5,2026-09-22T18:24:46.9031047+02:00
setup-quick,energy,PASS,,2,e5a69cd4-5549-4e16-9a60-d57a92b0eb37,"",5,2026-09-22T18:25:16.4319817+02:00
setup-full,energy,PASS,,4,db7faed4-ce62-4a46-86d0-5d804b1779ab,"",5,2026-09-22T18:25:46.0566180+02:00
setup-custom,energy,PASS,,3,f4ff882e-cf3f-42eb-b32f-df6061230aa2,"",5,2026-09-22T18:26:15.6279938+02:00
audit,energy,PASS,,2,3582f60b-3473-4074-ac93-2c53995186a9,"",5,2026-09-22T18:26:45.1931348+02:00
integration,energy,PASS,,3,fc14774f-72a8-43c0-9389-b2d979a654fe,"",4,2026-09-22T18:27:14.7999581+02:00
workflow-design,energy,PASS,,2,9ca08e4b-c2d0-4c13-9472-ed21f71c21b5,"",4,2026-09-22T18:27:44.2987895+02:00
support-priority,energy,PASS,,2,a0cf196a-81e0-4f3e-811d-ada4b573835c,"",5,2026-09-22T18:28:13.8870250+02:00
support-dedicated,energy,PASS,,2,3ae9738b-9f32-4012-934a-d2b74081b090,"",5,2026-09-22T18:28:43.4505511+02:00
landing,energy,PASS,,0,f980420a-dc94-48a4-bafb-45d712e1c693,"",5,2026-09-22T18:29:13.0099648+02:00
website-business,energy,PASS,,0,afac3f1f-25f8-476e-a1ad-755de72d7509,"",4,2026-09-22T18:29:42.5074241+02:00
website-ecommerce,energy,PASS,,0,e12ee0ab-b51a-42ac-8f88-c6b618fad02a,"",5,2026-09-22T18:30:12.1898328+02:00
white-label-setup,energy,PASS,,2,a198a158-35c3-49a5-91dc-37c9b95ec59b,"",5,2026-09-22T18:30:41.7474999+02:00
sales-enablement,energy,PASS,,2,d0584081-827f-4f10-b9e1-1a776e91aadf,"",5,2026-09-22T18:31:11.4585519+02:00
vertical-package,energy,PASS,,2,b8b3585c-ee40-45e1-ba9b-aab9e635dd3e,"",5,2026-09-22T18:31:40.9730741+02:00
lead-gen-retainer,energy,PASS,,3,4e5a7502-8f82-40aa-9199-2685ded80027,"",9,2026-09-22T18:32:14.6299948+02:00
ai-support-retainer,energy,PASS,,3,353fcf07-a3a5-4033-aa37-18ba1093370a,"",4,2026-09-22T18:32:44.0763194+02:00
custom-software,energy,PASS,,2,a25e2cff-36a9-42ca-9057-ad7beb8553f0,"",4,2026-09-22T18:33:13.5335291+02:00
bundle-portal-presence,energy,PASS,,2,56c26869-7493-415c-a18e-f4da404a761f,"",5,2026-09-22T18:33:43.2080266+02:00
bundle-sales-launch,energy,PASS,,2,4ca0633b-0f50-4189-9f3e-3c698e54c407,"",4,2026-09-22T18:34:12.7111700+02:00
bundle-ops-clarity,energy,PASS,,4,8814a9f1-c4bc-462f-8028-a7d1820e9c29,"",4,2026-09-22T18:34:42.1743805+02:00
setup-quick,travel,PASS,,2,806c6cf6-c0cb-4f63-9249-920773ed894a,"",5,2026-09-22T18:35:12.2553738+02:00
setup-full,travel,PASS,,4,cd735e1f-867e-47ff-9901-6b668a65578f,"",5,2026-09-22T18:35:41.7680965+02:00
setup-custom,travel,PASS,,3,3c4ab6bf-490d-4786-b471-e0b0a32cd30c,"",4,2026-09-22T18:36:11.2626194+02:00
audit,travel,PASS,,2,e29f583e-9b94-444e-a406-db29434d76da,"",5,2026-09-22T18:36:40.7942380+02:00
integration,travel,PASS,,3,07e7ca44-a13c-4195-98cc-c527c627e805,"",5,2026-09-22T18:37:10.3179542+02:00
workflow-design,travel,PASS,,2,b7579aff-e387-4be5-89a9-aedca760ef3c,"",4,2026-09-22T18:37:39.7768912+02:00
support-priority,travel,PASS,,2,c5f89de5-48f1-4ea3-b5ca-6a5048f3cc03,"",4,2026-09-22T18:38:09.2802482+02:00
support-dedicated,travel,PASS,,2,46e9c1ac-91c1-4ef4-a713-d88290e27dda,"",5,2026-09-22T18:38:38.9687782+02:00
landing,travel,PASS,,0,4f1cf8a9-0210-4f69-bded-5417307e3fc8,"",5,2026-09-22T18:39:08.4928863+02:00
website-business,travel,PASS,,0,fd508505-33be-4bcb-9a74-b40bc0de451a,"",5,2026-09-22T18:39:38.3973678+02:00
website-ecommerce,travel,PASS,,0,1c680790-a8b4-4810-9d62-1a26c8619b3c,"",5,2026-09-22T18:40:08.0935840+02:00
white-label-setup,travel,PASS,,2,b80097d4-d87b-468f-92d6-9986a1e3904b,"",4,2026-09-22T18:40:37.6111736+02:00
sales-enablement,travel,PASS,,2,84a715fc-d4a3-450e-b039-c818575ca227,"",5,2026-09-22T18:41:07.2791388+02:00
vertical-package,travel,PASS,,2,f70cce56-f44d-46be-ad14-a72e70373eac,"",5,2026-09-22T18:41:36.8326582+02:00
lead-gen-retainer,travel,PASS,,3,0a2d30df-ff9c-460e-955a-28b1ac8aa8ad,"",9,2026-09-22T18:42:10.5136767+02:00
ai-support-retainer,travel,PASS,,3,9cb1dd3d-324e-4b6f-a3de-eb2eda2a77c2,"",5,2026-09-22T18:42:40.0581635+02:00
custom-software,travel,PASS,,2,3b010888-a641-4569-b8ec-fd5f0c2c7036,"",5,2026-09-22T18:43:09.5958797+02:00
bundle-portal-presence,travel,PASS,,2,4a4ee0bc-92c5-48d4-bd84-1ed45670c5f4,"",5,2026-09-22T18:43:39.1199199+02:00
bundle-sales-launch,travel,PASS,,2,a3ce51d7-2294-49ab-9457-92e6b8447c7b,"",5,2026-09-22T18:44:08.6694491+02:00
bundle-ops-clarity,travel,PASS,,4,68ca09a5-f6ca-4bec-9029-60b7cfda93e1,"",4,2026-09-22T18:44:38.1585572+02:00
setup-quick,professional,PASS,,2,4054171a-e886-4c0d-929d-f179316bfbcf,"",5,2026-09-22T18:45:07.8874585+02:00
setup-full,professional,PASS,,4,929cdd5b-437f-444a-bc5f-7406e3b919e2,"",4,2026-09-22T18:45:37.4065454+02:00
setup-custom,professional,PASS,,3,3ccf479d-1892-40a2-9cfe-1d22ca1f7eb2,"",5,2026-09-22T18:46:07.0387761+02:00
audit,professional,PASS,,2,c8dd003c-bbda-4203-bc0a-c30e6ee399c3,"",4,2026-09-22T18:46:36.5240921+02:00
integration,professional,PASS,,3,04090c77-2e02-4d43-9906-2cb0bb0a196c,"",4,2026-09-22T18:47:05.9852938+02:00
workflow-design,professional,PASS,,2,cff1e9b2-605d-43c4-bf15-f13d26c818aa,"",4,2026-09-22T18:47:35.4724752+02:00
support-priority,professional,PASS,,2,b544d8cf-9bdf-4af2-ae62-8ce3032fae8c,"",5,2026-09-22T18:48:05.0286327+02:00
support-dedicated,professional,PASS,,2,7aab0e37-0648-42c9-bbb0-6ef2c7bc6223,"",4,2026-09-22T18:48:34.4688925+02:00
landing,professional,PASS,,0,cc8c5dba-fab4-45a8-abba-762f1944ac63,"",4,2026-09-22T18:49:03.9743353+02:00
website-business,professional,PASS,,0,0aafd3c6-7ba3-438b-96ab-b3e483422a95,"",5,2026-09-22T18:49:33.5238049+02:00
website-ecommerce,professional,PASS,,0,08fa4903-2de9-415a-9a9e-306e4efce943,"",4,2026-09-22T18:50:03.0014894+02:00
white-label-setup,professional,PASS,,2,18aaf223-d977-4919-846d-d5e123abaee3,"",4,2026-09-22T18:50:32.4603885+02:00
sales-enablement,professional,PASS,,2,093785aa-70af-4d85-b1ef-6ae8d6c9ff53,"",4,2026-09-22T18:51:01.9454316+02:00
vertical-package,professional,PASS,,2,8cd2f886-2342-4145-a3c8-dc7e84997b8c,"",4,2026-09-22T18:51:31.4135504+02:00
lead-gen-retainer,professional,PASS,,3,9f35307e-3fb8-4cd1-9e71-fa0f6f14e911,"",5,2026-09-22T18:52:00.9251428+02:00
ai-support-retainer,professional,PASS,,3,167a8cf7-8008-4f77-b050-2902c9650f94,"",4,2026-09-22T18:52:30.3575657+02:00
custom-software,professional,PASS,,2,3fdcbfe9-319a-4f06-b95b-b5280c1aaccc,"",4,2026-09-22T18:52:59.8212923+02:00
bundle-portal-presence,professional,PASS,,2,95f0fb9c-8ffe-429e-83dc-ed937c9d4df8,"",4,2026-09-22T18:53:29.2673992+02:00
bundle-sales-launch,professional,PASS,,2,7c6b4725-85b0-41cc-9ca5-11ba2dbbda6c,"",5,2026-09-22T18:53:58.7923844+02:00
bundle-ops-clarity,professional,PASS,,4,f716c1d9-46df-4305-a662-b3a02b7720b7,"",5,2026-09-22T18:54:28.3266833+02:00
setup-quick,entertainment,PASS,,2,1028b562-0dd5-4323-b164-2af4ca4f019f,"",5,2026-09-22T18:54:57.8728210+02:00
setup-full,entertainment,PASS,,4,a3371f0b-b7ae-43a0-ac45-0d359a87a1e1,"",5,2026-09-22T18:55:27.4759821+02:00
setup-custom,entertainment,PASS,,3,1d73f541-28b1-45a9-bbf6-88abd4f8d743,"",4,2026-09-22T18:55:56.9882679+02:00
audit,entertainment,PASS,,2,339423a7-60f3-4b9b-8ecb-ceb823990ca8,"",4,2026-09-22T18:56:26.4965668+02:00
integration,entertainment,PASS,,3,100c9e74-1990-4fdc-b029-020589fe12af,"",5,2026-09-22T18:56:56.1044835+02:00
workflow-design,entertainment,PASS,,2,5e7065f5-c334-42ac-928e-9832ab0a426f,"",5,2026-09-22T18:57:25.6416902+02:00
support-priority,entertainment,PASS,,2,c68128f9-eeba-49e6-a91f-056928f455b9,"",5,2026-09-22T18:57:55.1880631+02:00
support-dedicated,entertainment,PASS,,2,443f63c9-c871-4ab8-9219-825f42db0ad0,"",4,2026-09-22T18:58:24.6943323+02:00
landing,entertainment,PASS,,0,7d26f5ca-789d-4868-a88a-fb101d63069b,"",5,2026-09-22T18:58:54.2921386+02:00
website-business,entertainment,PASS,,0,52575356-b053-43f1-a1e4-c607bc3788d5,"",4,2026-09-22T18:59:23.7570939+02:00
website-ecommerce,entertainment,PASS,,0,d75cf0b5-166b-4d20-9428-3bbec6023365,"",5,2026-09-22T18:59:53.3761389+02:00
white-label-setup,entertainment,PASS,,2,7582a073-79ef-4d6d-b650-d6334fb40198,"",5,2026-09-22T19:00:22.9934340+02:00
sales-enablement,entertainment,PASS,,2,db9d9b15-65a8-47f9-9cd2-4309d7b897d9,"",5,2026-09-22T19:00:52.8384431+02:00
vertical-package,entertainment,PASS,,2,8ff39585-a662-4b49-a3c6-e4c5e95ad5fb,"",5,2026-09-22T19:01:22.9523636+02:00
lead-gen-retainer,entertainment,PASS,,3,21a3467a-252b-4e4d-967e-3dad830d0ecf,"",9,2026-09-22T19:01:56.5075946+02:00
ai-support-retainer,entertainment,PASS,,3,0cfa2ff1-6298-476b-8eea-85c36fe17f20,"",5,2026-09-22T19:02:26.0781377+02:00
custom-software,entertainment,PASS,,2,d93fd7b1-a5b0-4495-994d-6c64a4a96138,"",5,2026-09-22T19:02:55.6059336+02:00
bundle-portal-presence,entertainment,PASS,,2,8f92f260-e6ca-40ab-8f6b-87f0c4125f6a,"",5,2026-09-22T19:03:25.8292268+02:00
bundle-sales-launch,entertainment,PASS,,2,5b3f5ae4-36e9-4800-8f87-79b7c534fec0,"",5,2026-09-22T19:03:55.3475865+02:00
bundle-ops-clarity,entertainment,PASS,,4,bafc28df-a8e4-4dde-a2e8-648754834d41,"",4,2026-09-22T19:04:24.8140316+02:00
setup-quick,home_services,PASS,,2,b5265766-4854-41fb-af3c-dca4e11dcf50,"",5,2026-09-22T19:04:54.3335532+02:00
setup-full,home_services,PASS,,4,3e333abf-1f11-46c7-9363-b11ec3420d39,"",5,2026-09-22T19:05:24.1094578+02:00
setup-custom,home_services,PASS,,3,0a3c5a32-10a8-4e47-91ea-017de70251a5,"",5,2026-09-22T19:05:53.6429409+02:00
audit,home_services,PASS,,2,7193d864-93d6-4d0b-89f9-e2a3c071c6b8,"",5,2026-09-22T19:06:23.1984440+02:00
integration,home_services,PASS,,3,b4dde417-c81d-4f29-ac92-943f0ab917b2,"",4,2026-09-22T19:06:52.6931611+02:00
workflow-design,home_services,PASS,,2,7c5aa8a3-fa3d-448d-a616-3280ba4feed3,"",5,2026-09-22T19:07:22.4830016+02:00
support-priority,home_services,PASS,,2,6124744c-9f17-479f-bf55-19b1b26002df,"",4,2026-09-22T19:07:51.9924385+02:00
support-dedicated,home_services,PASS,,2,1f834ab1-f9f7-4d33-862c-feb78274110d,"",4,2026-09-22T19:08:21.5025615+02:00
landing,home_services,PASS,,0,13d64d1d-116e-404c-bebe-9912b8662083,"",5,2026-09-22T19:08:51.0232704+02:00
website-business,home_services,PASS,,0,b8f87586-eddf-4db5-8b73-148af65f107c,"",4,2026-09-22T19:09:20.4654414+02:00
website-ecommerce,home_services,PASS,,0,d6ae70c2-cec0-434e-9dbf-25024ac6619d,"",5,2026-09-22T19:09:50.0162335+02:00
white-label-setup,home_services,PASS,,2,894e42c7-b178-4936-86d7-9072e2552785,"",4,2026-09-22T19:10:19.5187541+02:00
sales-enablement,home_services,PASS,,2,d8d97e42-9169-4a13-8ea7-c41f15654f6c,"",5,2026-09-22T19:10:49.1257856+02:00
vertical-package,home_services,PASS,,2,da93800e-6195-4632-977c-86cb6a860264,"",5,2026-09-22T19:11:18.6686385+02:00
lead-gen-retainer,home_services,PASS,,3,7c6043c9-fabe-4e2f-9b86-c7479d783448,"",9,2026-09-22T19:11:52.3602167+02:00
ai-support-retainer,home_services,PASS,,3,d114d239-73ac-457e-a1d5-de3e77f6c9aa,"",5,2026-09-22T19:12:21.9130239+02:00
custom-software,home_services,PASS,,2,cb4b46c5-7a94-45d1-8ecf-fb5cfaf04d1a,"",4,2026-09-22T19:12:51.4085433+02:00
bundle-portal-presence,home_services,PASS,,2,fff1f774-5fc0-41e4-967e-93ba4889e3ff,"",5,2026-09-22T19:13:21.2246657+02:00
bundle-sales-launch,home_services,PASS,,2,be103efc-0b91-4b1e-a525-16dece5a9ea5,"",5,2026-09-22T19:13:50.7630674+02:00
bundle-ops-clarity,home_services,PASS,,4,3e6c7f65-ce68-4586-bfbe-488ae0053dc8,"",4,2026-09-22T19:14:20.2494196+02:00
setup-quick,pets,PASS,,2,5a3fa65c-eeff-4761-af4f-1910a7896265,"",4,2026-09-22T19:14:49.7513460+02:00
setup-full,pets,PASS,,4,6bc27941-8b84-4ab9-a063-c19427256cd2,"",5,2026-09-22T19:15:19.3832481+02:00
setup-custom,pets,PASS,,3,489d67e2-4d53-4de9-a063-28af029e08a9,"",5,2026-09-22T19:15:48.9325878+02:00
audit,pets,PASS,,2,b78c66e8-6589-436b-9a34-409d9f41cb8e,"",5,2026-09-22T19:16:18.8250619+02:00
integration,pets,PASS,,3,86e5aa2e-c392-41e5-b53e-eafec6b8d536,"",5,2026-09-22T19:16:48.5259944+02:00
workflow-design,pets,PASS,,2,d0cbdfa8-6ceb-462f-966b-efcd434c5213,"",5,2026-09-22T19:17:18.1567145+02:00
support-priority,pets,PASS,,2,ac69ba50-720c-44b5-920b-ed7cdd5273a2,"",5,2026-09-22T19:17:47.7695079+02:00
support-dedicated,pets,PASS,,2,03175815-07bb-4a98-99b1-f0dc342001b1,"",4,2026-09-22T19:18:17.2672744+02:00
landing,pets,PASS,,0,4c33ae99-e773-4e79-877f-7f28c54d8a29,"",4,2026-09-22T19:18:46.6952466+02:00
website-business,pets,PASS,,0,d2272a93-b25c-4d6b-9d50-0851d36ed048,"",4,2026-09-22T19:19:16.1415818+02:00
website-ecommerce,pets,PASS,,0,fd176fcb-255b-4f14-b15b-2cd049ebeebc,"",4,2026-09-22T19:19:45.6382064+02:00
white-label-setup,pets,PASS,,2,b89fdde6-6565-4ad1-90f1-36ee0593aef8,"",5,2026-09-22T19:20:15.9001440+02:00
sales-enablement,pets,PASS,,2,c02fbba7-90cd-43ec-99cb-895b58a07722,"",4,2026-09-22T19:20:45.4114758+02:00
vertical-package,pets,PASS,,2,32f7db54-d220-4b8f-8e9e-b056311e767d,"",4,2026-09-22T19:21:14.9222343+02:00
lead-gen-retainer,pets,PASS,,3,67641fdd-7389-4ff3-b8a4-9abe8950ff0d,"",9,2026-09-22T19:21:48.5372339+02:00
ai-support-retainer,pets,PASS,,3,39a2568f-9ed8-4eb7-8895-8970d2aa062e,"",4,2026-09-22T19:22:18.0242267+02:00
custom-software,pets,PASS,,2,41bec12f-7f9b-4c58-a169-324b92d6b30e,"",4,2026-09-22T19:22:47.5100069+02:00
bundle-portal-presence,pets,PASS,,2,043edddf-fdeb-48c3-a920-5127c7d1f1d4,"",5,2026-09-22T19:23:17.0513233+02:00
bundle-sales-launch,pets,PASS,,2,6df06b51-f461-40db-a14d-6e2eaa83b4cd,"",4,2026-09-22T19:23:46.5691337+02:00
bundle-ops-clarity,pets,PASS,,4,4f3ef9d3-cf63-4e2f-b44b-b92faba93bdf,"",4,2026-09-22T19:24:16.0724525+02:00
setup-quick,industrial,PASS,,2,bd478e7c-c422-43b4-a101-954e666ade78,"",4,2026-09-22T19:24:45.5359302+02:00
setup-full,industrial,PASS,,4,7b7cbd18-1595-439e-9b8a-2f6883901532,"",4,2026-09-22T19:25:15.0113589+02:00
setup-custom,industrial,PASS,,3,b2ebb294-4dd3-4001-94c6-6f4c7e1c7f12,"",4,2026-09-22T19:25:44.4364023+02:00
audit,industrial,PASS,,2,41aaff86-c062-4c66-a1fe-5791316ca203,"",5,2026-09-22T19:26:13.9515333+02:00
integration,industrial,PASS,,3,a3173d79-b294-4d5a-ac47-aca119e80b2e,"",5,2026-09-22T19:26:44.3025495+02:00
workflow-design,industrial,PASS,,2,93a57964-aa43-4abb-8c22-981585327425,"",4,2026-09-22T19:27:13.7959723+02:00
support-priority,industrial,PASS,,2,066731a9-7b91-4808-a66e-1783e077d89d,"",4,2026-09-22T19:27:43.2578357+02:00
support-dedicated,industrial,PASS,,2,3ae750c8-d3a1-4826-9319-d81fb5fe2bae,"",5,2026-09-22T19:28:12.8140077+02:00
landing,industrial,PASS,,0,83cb1c9d-6cc7-4f22-bba0-2392b861f845,"",4,2026-09-22T19:28:42.2759263+02:00
website-business,industrial,PASS,,0,d4347825-5665-4dc5-a46f-47a47fea3c0a,"",4,2026-09-22T19:29:11.7726102+02:00
website-ecommerce,industrial,PASS,,0,345c0582-b317-46e1-9435-8de0e8010bc8,"",4,2026-09-22T19:29:41.2833276+02:00
white-label-setup,industrial,PASS,,2,ff929a03-2a32-483d-9831-c5d928fa38dd,"",5,2026-09-22T19:30:10.9022566+02:00
sales-enablement,industrial,PASS,,2,d34eae42-852b-493e-9a78-c15faad307cc,"",5,2026-09-22T19:30:40.5346745+02:00
vertical-package,industrial,PASS,,2,5f2c7b9d-e0f8-49cb-8e64-85eae5d0d729,"",4,2026-09-22T19:31:10.0082396+02:00
lead-gen-retainer,industrial,PASS,,3,28d31ded-01e9-4301-a526-9ba34f148ef0,"",4,2026-09-22T19:31:39.5071047+02:00
ai-support-retainer,industrial,PASS,,3,4c2b277a-bd48-4ec3-84a2-0977324a838a,"",5,2026-09-22T19:32:09.3073724+02:00
custom-software,industrial,PASS,,2,14050b37-3ef2-4aac-803a-887bf5db19cd,"",4,2026-09-22T19:32:38.7868729+02:00
bundle-portal-presence,industrial,PASS,,2,e9b9019e-66c9-43c8-865c-c17324392ebe,"",5,2026-09-22T19:33:08.3167626+02:00
bundle-sales-launch,industrial,PASS,,2,f865c531-1fba-48f5-9620-008f29f39196,"",4,2026-09-22T19:33:37.8226284+02:00
bundle-ops-clarity,industrial,PASS,,4,ffaee5ea-b1c4-4c4d-9c23-8674bd8ff2df,"",5,2026-09-22T19:34:07.3369436+02:00
