payment_id,deliverable_id,industry,public_url,job_status,review_status,project_id,page_count,catalog_count,site_slug,site_status
5c3eb25d-703b-4525-8ba3-461d82340a2c,landing,admin_support,/sites/system-admin-5c3eb25d,completed,approved,05026b0c-23f7-4323-ab58-c1cbbd52374e,3,0,system-admin-5c3eb25d,published
6c03d9d2-586d-4daa-a312-8e7646709569,landing,admin_support,/sites/system-admin-6c03d9d2,completed,approved,72718cb5-63a9-4ce1-8949-77f101c99dfc,3,0,system-admin-6c03d9d2,published
9ecd424d-bdd7-4f09-b59b-3a2810fa78ba,landing,admin_support,/sites/system-admin-9ecd424d,completed,approved,d25fcefd-a383-4ce7-ad64-d0443a5c191e,3,0,system-admin-9ecd424d,published
bbac2bdb-5b8d-41ca-a6d8-b7e70f8c2722,landing,admin_support,/sites/system-admin-bbac2bdb,completed,approved,d378d1c2-22f7-47d5-b881-5376db5a32cc,3,0,system-admin-bbac2bdb,published
c6760dd6-7ef9-4bbb-96fb-faeb33fd1964,landing,admin_support,/sites/system-admin-c6760dd6,completed,approved,2ae7729a-76e3-4346-a59a-afbedc7d127c,3,0,system-admin-c6760dd6,published
ee03a0f7-fd23-4e28-aae4-b48f5eee241c,landing,admin_support,/sites/system-admin-ee03a0f7,completed,approved,d7293d92-bc8c-4e2e-a020-ca10ae02e4fd,3,0,system-admin-ee03a0f7,published
f59edf1e-f474-4454-b270-4cb21b8c14f0,landing,admin_support,/sites/system-admin-f59edf1e,completed,approved,b806f6b1-5c70-4a71-8408-3f4f1629104f,3,0,system-admin-f59edf1e,published
0d686097-d6eb-4d2b-922b-7c1b36c80df9,landing,agriculture,/sites/system-admin-0d686097,completed,approved,2a36abbb-41d3-4627-b953-7c95f50046eb,3,0,system-admin-0d686097,published
409b326c-3436-4399-a22a-0c16c7475557,landing,agriculture,/sites/system-admin-409b326c,completed,approved,8873c049-46e1-4fe0-a751-ae3a3db903e7,3,0,system-admin-409b326c,published
4562ff43-1268-43cd-a1d1-bec471f36967,landing,agriculture,/sites/system-admin-4562ff43,completed,approved,f4947199-6dad-4078-aab5-67983bf25105,3,0,system-admin-4562ff43,published
6098e937-cc5a-4dc7-a7e7-e24eba664aa6,landing,agriculture,/sites/system-admin-6098e937,completed,approved,d926fb77-5451-4b68-9284-8656de61221e,3,0,system-admin-6098e937,published
6a0eecd9-ea52-4686-ad7c-b03c7f4b5f52,landing,agriculture,/sites/system-admin-6a0eecd9,completed,approved,27371b86-8e66-4815-954f-fa9e09461909,3,0,system-admin-6a0eecd9,published
74df2200-a9a4-4b97-ba83-36ab718fb806,landing,agriculture,/sites/system-admin-74df2200,completed,approved,5f2f727b-f816-46da-b3c6-06745d934cee,3,0,system-admin-74df2200,published
8020719f-0c1f-4eec-b2dc-362651392d75,landing,agriculture,/sites/system-admin-8020719f,completed,approved,2970c256-fb01-47de-83f1-8c178d2a0896,3,0,system-admin-8020719f,published
84e7b424-5c86-404b-ad12-bacd4b67c491,landing,agriculture,/sites/system-admin-84e7b424,completed,approved,3803d511-de2c-45ef-9ef6-24e66b723035,3,0,system-admin-84e7b424,published
8ed9bce0-953c-49b5-83a5-9e097f430812,landing,agriculture,/sites/system-admin-8ed9bce0,completed,approved,0f794d9e-bffe-4f9e-a847-bf506f8bdaf5,3,0,system-admin-8ed9bce0,published
a540062e-2590-48e7-bc9d-3b0ae3a4456e,landing,agriculture,/sites/system-admin-a540062e,completed,approved,fd3f0891-537d-49ce-97d1-cb3d711e7365,3,0,system-admin-a540062e,published
e9a3cf6a-216a-43a3-bcfb-4f95d9f4268f,landing,agriculture,/sites/system-admin-e9a3cf6a,completed,approved,f6ba96af-9200-4382-b0fa-3ffe252fa215,3,0,system-admin-e9a3cf6a,published
efa37b4a-b593-46db-9954-c03f829783d6,landing,agriculture,/sites/system-admin-efa37b4a,completed,approved,b08ac4ef-e83a-443a-8774-e2f5b6447311,3,0,system-admin-efa37b4a,published
4134704d-e617-431f-b742-9301399af918,landing,ai_data,/sites/system-admin-4134704d,completed,approved,160cbf13-7ab3-4958-a324-c77bf37cad5f,3,0,system-admin-4134704d,published
4444feb3-03d8-4d3a-beb8-eb77ccbdbed3,landing,ai_data,/sites/system-admin-4444feb3,completed,approved,3e0e2204-d587-49b6-90fa-cc84ef1eb768,3,0,system-admin-4444feb3,published
456790ef-d63a-4dad-9b03-c843dba72755,landing,ai_data,/sites/system-admin-456790ef,completed,approved,b0333bef-9e24-44aa-b746-5232ea428b87,3,0,system-admin-456790ef,published
651b62fc-2971-4996-92d4-20eaef0fe86e,landing,ai_data,/sites/system-admin-651b62fc,completed,approved,13e78b96-a1bf-4343-ae05-9b8ded0db7ae,3,0,system-admin-651b62fc,published
be81030a-f0e7-45f1-b30b-0aefd8d2e45f,landing,ai_data,/sites/system-admin-be81030a,completed,approved,107537c0-a2b4-4c09-aea8-579efb9b7bf2,3,0,system-admin-be81030a,published
d417d43f-fa2f-4bc6-83bd-150a10646ab4,landing,ai_data,/sites/system-admin-d417d43f,completed,approved,8d082775-30f3-4a6b-b8df-bd7590c4a288,3,0,system-admin-d417d43f,published
e6f3e0c8-5d50-4a53-b79d-f7ede9e79c78,landing,ai_data,/sites/system-admin-e6f3e0c8,completed,approved,4de0408e-83dc-4fc3-a0b2-79e8dbd01510,3,0,system-admin-e6f3e0c8,published
fbf2e867-66b2-45b9-b554-2f19eb7a03ee,landing,ai_data,/sites/system-admin-fbf2e867,completed,approved,ea470cae-3426-4199-9722-806ad7b98182,3,0,system-admin-fbf2e867,published
611d7e3e-fb60-4713-a11f-e161a3e56779,landing,audio_music,/sites/system-admin-611d7e3e,completed,approved,195637c6-4939-4e7a-9c4b-0aa85ffcc6ea,3,0,system-admin-611d7e3e,published
677fe80b-0f44-4201-a599-807be97c1589,landing,audio_music,/sites/system-admin-677fe80b,completed,approved,79f0c473-2ab1-45d6-83aa-26566bbb772c,3,0,system-admin-677fe80b,published
71973dd2-7730-4de8-8957-2976faf59003,landing,audio_music,/sites/system-admin-71973dd2,completed,approved,22f1033f-f9a2-4501-ab5b-3ef8a53773d0,3,0,system-admin-71973dd2,published
c06f0532-bd2d-4c23-83e1-89be10646fd2,landing,audio_music,/sites/system-admin-c06f0532,completed,approved,c3b63355-9533-4169-99e6-207f21528825,3,0,system-admin-c06f0532,published
d9d2c7b2-85d0-41b2-aeca-ceda6a1f7630,landing,audio_music,/sites/system-admin-d9d2c7b2,completed,approved,30d7fde7-ecc9-48dd-8122-c7d922bd060f,3,0,system-admin-d9d2c7b2,published
ed1be163-47c4-4c6d-ae0c-c61fa8859083,landing,audio_music,/sites/system-admin-ed1be163,completed,approved,fe70649c-c405-4700-ba7d-ee42684a65e4,3,0,system-admin-ed1be163,published
fee71be7-8514-4c5d-92cf-ad873679d1c5,landing,audio_music,/sites/system-admin-fee71be7,completed,approved,d9d00965-a855-4b9a-97f7-b0aa5b30bc1c,3,0,system-admin-fee71be7,published
35331e26-34e9-44c2-8495-3d4c9baa0172,landing,automotive,/sites/system-admin-35331e26,completed,approved,ac6beba3-06e9-48e6-aa65-c30ec58aa69c,3,0,system-admin-35331e26,published
7b42156c-fced-44d2-94fd-e333d8641f61,landing,automotive,/sites/system-admin-7b42156c,completed,approved,0b23c878-d2e9-4dbb-8849-b49ecbdbe4e6,3,0,system-admin-7b42156c,published
7d2bcb2f-8df8-402a-acef-e0609f8648c9,landing,automotive,/sites/system-admin-7d2bcb2f,completed,approved,afbc1498-e28b-411b-8920-251fc4d8c208,3,0,system-admin-7d2bcb2f,published
90c4d3fb-efcf-41f9-9c13-9c6f9ac5380c,landing,automotive,/sites/system-admin-90c4d3fb,completed,approved,fa8be5fb-c4fc-40bd-9ed5-c7c66a5e240d,3,0,system-admin-90c4d3fb,published
9690d96b-9d0a-4f38-a288-76e6f155ae23,landing,automotive,/sites/system-admin-9690d96b,completed,approved,0e1ce7ed-3354-459f-ad48-1e656997e131,3,0,system-admin-9690d96b,published
a245afa9-d748-4f52-9f32-9fa917bdd43e,landing,automotive,/sites/system-admin-a245afa9,completed,approved,691a42c6-31d0-4c80-992b-7aecacf8010c,3,0,system-admin-a245afa9,published
b9eddbe5-b16b-449b-a088-1c19ba1929cf,landing,automotive,/sites/system-admin-b9eddbe5,completed,approved,af10f26b-1a70-4857-b2a3-82564d954b10,3,0,system-admin-b9eddbe5,published
c86340ea-5acc-47af-9aa4-1a531bbc58d2,landing,automotive,/sites/system-admin-c86340ea,completed,approved,dbcd2071-9aa6-4e40-96bd-d648db08a095,3,0,system-admin-c86340ea,published
d8824f5b-52fc-4a35-86c8-8b0d0c83c6b7,landing,automotive,/sites/system-admin-d8824f5b,completed,approved,4397d70c-732c-4203-a913-5e49a3b56512,3,0,system-admin-d8824f5b,published
f438c393-7285-4b29-9c88-ceb012a3b666,landing,automotive,/sites/system-admin-f438c393,completed,approved,c9becf11-85c5-45ca-a871-a92fc733c5a4,3,0,system-admin-f438c393,published
f59bdc05-7e1b-4046-91bf-f89faedf65f7,landing,automotive,/sites/system-admin-f59bdc05,completed,approved,155e5d39-3bf3-441a-97a7-cd94df6fdbb3,3,0,system-admin-f59bdc05,published
05f35c6e-18c1-4645-a9ae-1bf4f5781854,landing,beauty,/sites/system-admin-05f35c6e,completed,approved,aa48cd35-9fc4-42f9-8b5d-e8e80e3d9f83,3,0,system-admin-05f35c6e,published
2744a8ac-18b5-44cb-bd18-f79d159f6593,landing,beauty,/sites/system-admin-2744a8ac,completed,approved,3af93bbf-7c03-4e89-80e7-0a7fe737254d,3,0,system-admin-2744a8ac,published
351edf0a-75ac-4661-a23e-82b4bdbd25f9,landing,beauty,/sites/system-admin-351edf0a,completed,approved,d39d1068-e905-449d-9b76-3198dfebbcf5,3,0,system-admin-351edf0a,published
3d0b5186-9adb-4abf-8238-88a172021457,landing,beauty,/sites/system-admin-3d0b5186,completed,approved,5ef7090c-a235-43f4-a5ed-a358629f1773,3,0,system-admin-3d0b5186,published
411c2954-b9fb-4de2-8255-243ae5fbc4ad,landing,beauty,/sites/system-admin-411c2954,completed,approved,a1d3006e-040e-4fda-a015-3339900aa2ce,3,0,system-admin-411c2954,published
46daff36-7179-4fbf-9fbc-199cbba65f3f,landing,beauty,/sites/system-admin-46daff36,completed,approved,5229d3d0-3d12-4b27-afdf-04ae9c6c81ed,3,0,system-admin-46daff36,published
696cf0e2-b618-457e-9295-b26d31487000,landing,beauty,/sites/system-admin-696cf0e2,completed,approved,4d878f61-6efa-493c-a479-34ad79b93185,3,0,system-admin-696cf0e2,published
72577217-4324-48eb-b5d0-d15bfe94d176,landing,beauty,/sites/system-admin-72577217,completed,approved,6f61d3f0-786f-4cdf-899d-067ebf53095f,3,0,system-admin-72577217,published
a55c6466-a26b-41a9-877f-9f108ab69fc5,landing,beauty,/sites/system-admin-a55c6466,completed,approved,6856e296-da81-4cc7-9d34-853d82d908cf,3,0,system-admin-a55c6466,published
bd14a55c-316a-44ba-b8ac-cc856270713a,landing,beauty,/sites/system-admin-bd14a55c,completed,approved,29f03604-cfbc-4c78-b678-98dacba60a44,3,0,system-admin-bd14a55c,published
e0f48721-1e43-42f1-8669-135d42875236,landing,beauty,/sites/system-admin-e0f48721,completed,approved,bdd62ab2-c597-4e5e-afbe-b9ddf4b3fb91,3,0,system-admin-e0f48721,published
f113628f-e7b0-4271-89f2-de8ff2c57fc6,landing,beauty,/sites/system-admin-f113628f,completed,approved,249c3175-2de6-44e5-87d7-45c37ef70c96,3,0,system-admin-f113628f,published
26b131b5-34ed-4bdd-b48b-cecb1c6154dc,landing,business_consulting,/sites/system-admin-26b131b5,completed,approved,9022e1c9-1637-42cf-aa40-6bd05b223376,3,0,system-admin-26b131b5,published
29ebba16-beed-470c-9371-e85913fa6908,landing,business_consulting,/sites/system-admin-29ebba16,completed,approved,b901a672-528c-4029-a9b9-083aeece0c1d,3,0,system-admin-29ebba16,published
326cd738-7c5c-427b-bf4f-7976e1e5719a,landing,business_consulting,/sites/system-admin-326cd738,completed,approved,52464ebf-dadc-4bd2-b965-ce3e560cba62,3,0,system-admin-326cd738,published
8579b0a8-8995-459c-93e0-8684c5f629dc,landing,business_consulting,/sites/system-admin-8579b0a8,completed,approved,62c85a57-67f3-4349-b6f8-6495af2cd650,3,0,system-admin-8579b0a8,published
ab9697e1-48be-49b8-bff0-89ff6ba78d99,landing,business_consulting,/sites/system-admin-ab9697e1,completed,approved,c20d8e1e-b5b7-420e-9ef9-e7a76c3069b3,3,0,system-admin-ab9697e1,published
b392c628-36b7-4a88-a7f3-ea0a796748bc,landing,business_consulting,/sites/system-admin-b392c628,completed,approved,8b3ea316-30a2-4fac-bc37-f582e63f795f,3,0,system-admin-b392c628,published
fe67f54c-3828-42ac-8902-55c231769d8d,landing,business_consulting,/sites/system-admin-fe67f54c,completed,approved,a4d4a465-17fa-4cf4-bdc1-a821a89cae52,3,0,system-admin-fe67f54c,published
1125714a-2724-49ba-a2df-6e0f408ddf97,landing,community_moderation,/sites/system-admin-1125714a,completed,approved,32593cb1-b2da-45fd-93aa-5d6a2aa144de,3,0,system-admin-1125714a,published
137efab9-a02f-4f1b-9bf4-84363002e887,landing,community_moderation,/sites/system-admin-137efab9,completed,approved,f812ac21-ff2d-4ec2-8cc5-c270e7f70f29,3,0,system-admin-137efab9,published
25b38132-3e75-4157-89a6-91a2dbe0a0d4,landing,community_moderation,/sites/system-admin-25b38132,completed,approved,a79894f9-aa93-4a82-ace5-f599375dea1e,3,0,system-admin-25b38132,published
4d83615f-1bef-4c03-8b16-26206d8f3cd3,landing,community_moderation,/sites/system-admin-4d83615f,completed,approved,3637b683-783f-4a6c-9dbe-b573796e2dcf,3,0,system-admin-4d83615f,published
607318d0-56c6-4623-9914-51ba47dbb485,landing,community_moderation,/sites/system-admin-607318d0,completed,approved,709ccd4d-bffb-408e-819d-c879caf14902,3,0,system-admin-607318d0,published
dea92221-ba42-47a6-84c1-1cfdba5919ae,landing,community_moderation,/sites/system-admin-dea92221,completed,approved,71ec484e-975e-4c29-b120-783d46dbc4da,3,0,system-admin-dea92221,published
df6954f2-521b-4872-9081-e53259b34ff8,landing,community_moderation,/sites/system-admin-df6954f2,completed,approved,41bc48cc-086a-4ecd-a4c7-2b99c9beab51,3,0,system-admin-df6954f2,published
003e275a-6225-4636-b0a0-f0451a584032,landing,construction,/sites/system-admin-003e275a,completed,approved,b0a26e60-7f07-4998-ab37-53bc59590410,3,0,system-admin-003e275a,published
0bc000b0-3633-4a71-915e-eaab440fb651,landing,construction,/sites/system-admin-0bc000b0,completed,approved,ef049717-b508-45a2-9801-e908c079d37c,3,0,system-admin-0bc000b0,published
12171292-2855-42a6-88f7-eeedd73785bb,landing,construction,/sites/system-admin-12171292,completed,approved,4fac6fc0-6b9d-405e-9473-16906fe0ca4c,3,0,system-admin-12171292,published
154e55ff-1d4d-4ff7-9241-4c2ab825381f,landing,construction,/sites/system-admin-154e55ff,completed,approved,de7644ec-ea51-4b45-9890-1ffbe4c7aaf0,3,0,system-admin-154e55ff,published
37ed203e-90e4-4373-869e-517f974e6ea8,landing,construction,/sites/system-admin-37ed203e,completed,approved,2f662be8-1a45-4c0c-a1bb-b69e3982d0f2,3,0,system-admin-37ed203e,published
417477c6-e734-4d0c-ae68-e92abbdacf6f,landing,construction,/sites/system-admin-417477c6,completed,approved,6191ed1b-88d7-4ec5-9071-303b7d31c6ed,3,0,system-admin-417477c6,published
843d8dc2-20c5-4645-a613-f53ad9539488,landing,construction,/sites/system-admin-843d8dc2,completed,approved,031b75fd-90b6-4d99-b449-066c0f2e0ea7,3,0,system-admin-843d8dc2,published
c3bdb6cc-dd2e-4a5f-b5ce-2eacd1396d58,landing,construction,/sites/system-admin-c3bdb6cc,completed,approved,23102a5e-eb81-4f5a-8009-253426b94b5c,3,0,system-admin-c3bdb6cc,published
da05bbb4-3715-4906-8221-3acf745a79f4,landing,construction,/sites/system-admin-da05bbb4,completed,approved,a3035065-612f-4867-90f1-2eed5a56a4e6,3,0,system-admin-da05bbb4,published
f378f1bf-76ba-4744-ae9f-ca8218775aa1,landing,construction,/sites/system-admin-f378f1bf,completed,approved,0d331c48-2396-47a5-a27e-d77c2256109c,3,0,system-admin-f378f1bf,published
fa7e20d7-10f2-4201-81d9-7286dacac69c,landing,construction,/sites/system-admin-fa7e20d7,completed,approved,2acf918e-47e9-4c34-8343-ecacea3358ee,3,0,system-admin-fa7e20d7,published
fe0001a7-7ad4-4c40-92c1-cb0698d2ac85,landing,construction,/sites/system-admin-fe0001a7,completed,approved,616a2573-b65f-4167-9952-b9abdc3cc021,3,0,system-admin-fe0001a7,published
30dd9376-d432-4575-9d77-680e791c04bd,landing,creator_services,/sites/system-admin-30dd9376,completed,approved,f7ad1d39-e436-4503-a7f4-7cc21f4290cf,3,0,system-admin-30dd9376,published
3f34c00f-069c-49ec-b047-fe3704b37e31,landing,creator_services,/sites/system-admin-3f34c00f,completed,approved,02692aa0-9577-413e-89e8-92a636598368,3,0,system-admin-3f34c00f,published
5512d7f2-7ea2-429a-9dae-6a6ba59a406d,landing,creator_services,/sites/system-admin-5512d7f2,completed,approved,96d00364-267b-4c08-ac92-db498370d8b9,3,0,system-admin-5512d7f2,published
942c7c57-c5db-4a0b-9e5e-627ef65c368d,landing,creator_services,/sites/system-admin-942c7c57,completed,approved,fee42c41-af77-4afa-a1b0-23b87e0dc0bb,3,0,system-admin-942c7c57,published
9bf3bd2f-e968-4199-876f-8b17ddc9bda2,landing,creator_services,/sites/system-admin-9bf3bd2f,completed,approved,89d4cc4f-5269-4c03-a603-03986398aa81,3,0,system-admin-9bf3bd2f,published
b0af8278-17a4-4ef1-82f9-4b905483cc25,landing,creator_services,/sites/system-admin-b0af8278,completed,approved,a237f38d-3454-43e3-8942-5608730d7350,3,0,system-admin-b0af8278,published
cd7f3798-f142-466b-a397-4b63f5316749,landing,creator_services,/sites/system-admin-cd7f3798,completed,approved,b1e2be4e-b6d9-42e1-b12f-8fbe3113c77a,3,0,system-admin-cd7f3798,published
0d6eb4c7-b9fa-4acf-8808-e9cc8ec4fa65,landing,customer_service,/sites/system-admin-0d6eb4c7,completed,approved,7c65ff48-c9d6-4525-8a18-d0d945bdf106,3,0,system-admin-0d6eb4c7,published
0f3bcc25-2371-4030-bb1f-d4fab59bd587,landing,customer_service,/sites/system-admin-0f3bcc25,completed,approved,b6356146-e5c3-4d86-a702-d7b7f99afa4c,3,0,system-admin-0f3bcc25,published
2c8dedd7-0d44-44a5-9fb6-0a6ae5a90c11,landing,customer_service,/sites/system-admin-2c8dedd7,completed,approved,28833b75-278c-450c-ba8b-b8518635caca,3,0,system-admin-2c8dedd7,published
5ab4d2ba-10a3-4294-834f-6791eaf77f57,landing,customer_service,/sites/system-admin-5ab4d2ba,completed,approved,df0426e1-eebc-429a-b101-9d6e1d8ee55c,3,0,system-admin-5ab4d2ba,published
a599ab3a-1c37-4edc-a4e5-30d191108ea4,landing,customer_service,/sites/system-admin-a599ab3a,completed,approved,45c899b7-bd98-467d-b94a-2195e2244c85,3,0,system-admin-a599ab3a,published
aab06401-4fb2-42e1-9f3e-cac21c439d7e,landing,customer_service,/sites/system-admin-aab06401,completed,approved,6ca3e1bf-f7f2-4037-9002-274417b81f38,3,0,system-admin-aab06401,published
d3f71c6d-59dd-445a-9992-5124b39c4c34,landing,customer_service,/sites/system-admin-d3f71c6d,completed,approved,97b82d21-64b5-4fd3-9df8-99ad9153c16f,3,0,system-admin-d3f71c6d,published
0de7b2be-3afc-4aff-8f0a-b4005e5fa114,landing,design_creative,/sites/system-admin-0de7b2be,completed,approved,16c9d0cd-b8a4-410d-bdd5-583f48cea66a,3,0,system-admin-0de7b2be,published
1de9a53d-01c1-48ac-9553-c867be63419a,landing,design_creative,/sites/system-admin-1de9a53d,completed,approved,d31f46fc-db06-40b1-a904-46db4d3edec9,3,0,system-admin-1de9a53d,published
24fae351-ba0f-445c-97ad-df92d4d15ea5,landing,design_creative,/sites/system-admin-24fae351,completed,approved,88a214a9-00b9-46b4-93c1-3a19b02622ee,3,0,system-admin-24fae351,published
4847126c-dd69-4cbe-a70b-abd10aa664bd,landing,design_creative,/sites/system-admin-4847126c,completed,approved,0e395991-e761-4480-b476-634aa83ba9d4,3,0,system-admin-4847126c,published
a4461fd3-f48f-4f29-be62-7fd729e866a1,landing,design_creative,/sites/system-admin-a4461fd3,completed,approved,e0b13711-1af1-44f6-a855-4ab1ce29a90d,3,0,system-admin-a4461fd3,published
de197dd0-928a-4a18-b2d9-dc69df0b2078,landing,design_creative,/sites/system-admin-de197dd0,completed,approved,3352f70c-9460-40b7-8d17-6b840378aada,3,0,system-admin-de197dd0,published
e8c0524b-4126-4ec9-bfe2-f0ac7a82efbd,landing,design_creative,/sites/system-admin-e8c0524b,completed,approved,db33faf8-5283-4d4a-a214-d4dc83d6ee67,3,0,system-admin-e8c0524b,published
1dd4c6b9-8b5b-4a9f-8fe1-9dc06dff7122,landing,development_it,/sites/system-admin-1dd4c6b9,completed,approved,4cc61bf8-d7b2-4d09-8d31-22a8b2a81028,3,0,system-admin-1dd4c6b9,published
535c0c58-dfa3-4989-b640-16a6f0cd8bb5,landing,development_it,/sites/system-admin-535c0c58,completed,approved,40285d35-dd1e-4167-b4ab-6ef954b0cb7a,3,0,system-admin-535c0c58,published
6a4e13e4-6eb2-4855-8b94-1e0fceffbf19,landing,development_it,/sites/system-admin-6a4e13e4,completed,approved,fe09b134-91d3-47d3-b4cf-364e3187f4c9,3,0,system-admin-6a4e13e4,published
8b282499-8b92-4b53-8fa4-89b03a04e6ab,landing,development_it,/sites/system-admin-8b282499,completed,approved,997d3b58-c71a-4e89-ad09-ebdefdbc78f3,3,0,system-admin-8b282499,published
8bb75429-dce8-4aaf-838d-0ad961a6dec2,landing,development_it,/sites/system-admin-8bb75429,completed,approved,4d86020a-ddd0-4c0a-963f-2797f2399dfe,3,0,system-admin-8bb75429,published
9dfb311a-4dcf-464b-8243-d9e3f8e8fd10,landing,development_it,/sites/system-admin-9dfb311a,completed,approved,2b75643a-4eed-42d3-8e22-d240f20a8c84,3,0,system-admin-9dfb311a,published
d88a5915-93ee-4d1d-b83e-f658f6aae350,landing,development_it,/sites/system-admin-d88a5915,completed,approved,c2a9ba35-c587-4720-acbb-59e99d5b0c40,3,0,system-admin-d88a5915,published
09ccf8fa-345a-42e4-9cc2-f1279120e342,landing,ecommerce,/sites/system-admin-09ccf8fa,completed,approved,583af31b-48e5-4d8f-949c-c0d3a0d8f79e,3,0,system-admin-09ccf8fa,published
0e3faa45-69a5-49c1-90ce-8ca5349a5f4a,landing,ecommerce,/sites/system-admin-0e3faa45,completed,approved,e3fbce1a-8501-4dad-9359-ce93135d118c,3,0,system-admin-0e3faa45,published
59c1e010-ce45-4271-af16-e4ae6955067f,landing,ecommerce,/sites/system-admin-59c1e010,completed,approved,57c1b44e-d82f-4c4f-a561-8dc8eaf50f97,3,0,system-admin-59c1e010,published
846eca29-5a44-49ba-941a-3360daddec59,landing,ecommerce,/sites/system-admin-846eca29,completed,approved,3b17600c-efee-418c-bf94-df37b2f50095,3,0,system-admin-846eca29,published
b0e69128-f769-4cd8-8031-5d06a6baa107,landing,ecommerce,/sites/system-admin-b0e69128,completed,approved,82a42db9-e434-411a-9677-a46c59aa72ea,3,0,system-admin-b0e69128,published
c0b9f6bf-d25b-496c-b781-36d1945ffc71,landing,ecommerce,/sites/system-admin-c0b9f6bf,completed,approved,11634780-fa3f-411a-b9c2-b7bfd8992502,3,0,system-admin-c0b9f6bf,published
f64243ea-a151-47d1-a871-ba684cba0faa,landing,ecommerce,/sites/system-admin-f64243ea,completed,approved,9445b8eb-6e08-44f4-8538-12e4b9123f49,3,0,system-admin-f64243ea,published
26d0e2a0-d3c6-4b19-b440-d29c9c8cd008,landing,education,/sites/system-admin-26d0e2a0,completed,approved,1da9532d-a2a9-4aaa-9e35-2468ce9bcf72,3,0,system-admin-26d0e2a0,published
296f0c2d-4181-44fc-bb12-b533baf57b56,landing,education,/sites/system-admin-296f0c2d,completed,approved,6effbaed-bf96-4915-a427-3978e35b535a,3,0,system-admin-296f0c2d,published
3a977d8c-2419-4208-b683-a70f58919485,landing,education,/sites/system-admin-3a977d8c,completed,approved,f89337c5-d14e-46f1-ad6e-36d76be915e0,3,0,system-admin-3a977d8c,published
4b150297-8700-4c34-89c9-e739f563f3ad,landing,education,/sites/system-admin-4b150297,completed,approved,3d40b603-0ef3-45f9-9618-01a06cd684fb,3,0,system-admin-4b150297,published
5ad439c6-463c-4d0d-96f2-15abccc44979,landing,education,/sites/system-admin-5ad439c6,completed,approved,9ed978c1-9bea-4f08-8db2-80a052472ef6,3,0,system-admin-5ad439c6,published
9d46c659-6eec-4f3d-8c8e-cc07b71aca36,landing,education,/sites/system-admin-9d46c659,completed,approved,eb279ae2-d80e-4a17-b2ef-46543f5d4864,3,0,system-admin-9d46c659,published
ac1038c1-9c2b-4d9c-a616-f8b0f1b43dd5,landing,education,/sites/system-admin-ac1038c1,completed,approved,9667720f-5988-439e-bf3a-f348fd0ae0ff,3,0,system-admin-ac1038c1,published
adfc8f08-ce41-4019-b9ab-7efba1d6a9e9,landing,education,/sites/system-admin-adfc8f08,completed,approved,6634c8c0-934c-475b-8583-d5c19b6b6bce,3,0,system-admin-adfc8f08,published
b12981a7-276d-48bc-8061-00142095ffd8,landing,education,/sites/system-admin-b12981a7,completed,approved,a2bb10e2-64a2-48c6-af06-154947d98aac,3,0,system-admin-b12981a7,published
e2a52fcb-a7bc-4448-83ef-d6276a463710,landing,education,/sites/system-admin-e2a52fcb,completed,approved,ffe79b5b-988d-4217-98e4-c8382c30d9ed,3,0,system-admin-e2a52fcb,published
eafd3877-e077-4d8a-9baf-edddf5521cca,landing,education,/sites/system-admin-eafd3877,completed,approved,61e0d99b-ec37-4e77-ac25-f15a9014ddfd,3,0,system-admin-eafd3877,published
f0d84ae6-7023-4bc1-9c60-2267173baf01,landing,education,/sites/system-admin-f0d84ae6,completed,approved,16219888-d0f7-43d4-8f34-b0898ef6801e,3,0,system-admin-f0d84ae6,published
0b5f1463-4a1d-43f0-af7e-541f7c43d9a0,landing,education_training,/sites/system-admin-0b5f1463,completed,approved,0db78e00-2eb8-418f-8bb3-6414ae9d2f7a,3,0,system-admin-0b5f1463,published
0ba1f27e-4f78-412c-97ea-18702a420adf,landing,education_training,/sites/system-admin-0ba1f27e,completed,approved,7ac07865-ac65-45f1-a917-73369a144bfc,3,0,system-admin-0ba1f27e,published
1838ff20-132b-41ab-9cb6-e5fbe3a44e9f,landing,education_training,/sites/system-admin-1838ff20,completed,approved,57a54a39-f92f-428f-8c39-51796cbf8470,3,0,system-admin-1838ff20,published
28942a1a-d32e-4d9d-9f11-2f1b92ea72d8,landing,education_training,/sites/system-admin-28942a1a,completed,approved,c474c0a7-75e9-401c-b549-b52cc81f2e62,3,0,system-admin-28942a1a,published
32db755f-0a58-4da0-a6a3-bc9f25b91a57,landing,education_training,/sites/system-admin-32db755f,completed,approved,070667a3-2af6-41aa-982e-aee3f8818148,3,0,system-admin-32db755f,published
65c6ac94-aa05-4430-8da7-9b3bb558e75e,landing,education_training,/sites/system-admin-65c6ac94,completed,approved,93e6746f-ac79-4b58-ae12-75b1937ee5d9,3,0,system-admin-65c6ac94,published
91325abd-1634-41d0-b7f8-9f05c4de1f58,landing,education_training,/sites/system-admin-91325abd,completed,approved,3b9a7f23-8cea-497e-871b-e96bf494e6cc,3,0,system-admin-91325abd,published
37715e77-769c-4865-995f-1df50463d893,landing,energy,/sites/system-admin-37715e77,completed,approved,9f05ceaf-ce56-4bc5-b6c0-52f9a5b2d9b1,3,0,system-admin-37715e77,published
40c108c4-2daf-4a3f-8ac1-4b031d80e691,landing,energy,/sites/system-admin-40c108c4,completed,approved,73c22c6f-2202-4581-a071-e5bf15888fd3,3,0,system-admin-40c108c4,published
8914ecac-4864-4d9a-a6bd-36c5c6684b87,landing,energy,/sites/system-admin-8914ecac,completed,approved,efa4f05c-236b-4558-a0bf-bac679b2c818,3,0,system-admin-8914ecac,published
9f88e97f-0411-4330-a452-3dcd547e1e04,landing,energy,/sites/system-admin-9f88e97f,completed,approved,f6662e99-abf8-4189-9ee1-0750ae837806,3,0,system-admin-9f88e97f,published
bbcdad9d-7e07-47d8-92cb-becefe645030,landing,energy,/sites/system-admin-bbcdad9d,completed,approved,9c79b69c-1ad2-4515-bef7-6f03ce2b2826,3,0,system-admin-bbcdad9d,published
ddd6144f-249b-4616-afe2-27f1cc5974c8,landing,energy,/sites/system-admin-ddd6144f,completed,approved,f429de51-bf05-4130-90b0-f9fb224d5bc1,3,0,system-admin-ddd6144f,published
e1e66277-1014-4392-820d-4a7e205217f9,landing,energy,/sites/system-admin-e1e66277,completed,approved,05004610-84ed-4e3a-a86e-806ad0df6385,3,0,system-admin-e1e66277,published
f6d08e0a-0e45-4aac-9d23-53263bd496fb,landing,energy,/sites/system-admin-f6d08e0a,completed,approved,b34e7a41-b557-41a0-ba3e-86705380e091,3,0,system-admin-f6d08e0a,published
f980420a-dc94-48a4-bafb-45d712e1c693,landing,energy,/sites/system-admin-f980420a,completed,approved,4baba505-70aa-4afb-90c9-176b5ee96861,3,0,system-admin-f980420a,published
fba294e9-d7b3-41ca-8836-5228b1bd3d34,landing,energy,/sites/system-admin-fba294e9,completed,approved,cee7cdbe-236c-48ba-b0f5-0b94ad213853,3,0,system-admin-fba294e9,published
00de25d4-f104-4521-932d-82c2d7503c3b,landing,engineering_architecture,/sites/system-admin-00de25d4,completed,approved,2e1b0c49-add0-4e1d-b1fe-0708dc74a055,3,0,system-admin-00de25d4,published
01a2cd3d-6964-4921-95c4-395a82ebeb8f,landing,engineering_architecture,/sites/system-admin-01a2cd3d,completed,approved,02aaac7a-8413-43c9-9856-c53ae29ec25c,3,0,system-admin-01a2cd3d,published
0b791423-a742-4159-81e6-b22dc3811d78,landing,engineering_architecture,/sites/system-admin-0b791423,completed,approved,a588616d-2064-42f1-8fd5-a9ea5fb73752,3,0,system-admin-0b791423,published
1657a57c-be74-451d-92f4-e9f325926a0a,landing,engineering_architecture,/sites/system-admin-1657a57c,completed,approved,308d304d-d1d3-421b-afd1-3347475466d3,3,0,system-admin-1657a57c,published
5e754414-a558-4497-902d-800b48f239b1,landing,engineering_architecture,/sites/system-admin-5e754414,completed,approved,01cfa55d-3faf-408b-9f1f-06ea800fb42a,3,0,system-admin-5e754414,published
680f7789-ff87-48e7-a59a-7646ea6d6104,landing,engineering_architecture,/sites/system-admin-680f7789,completed,approved,e5df2428-0438-4b2b-bc64-ceb5fb845da4,3,0,system-admin-680f7789,published
72925814-ac4a-402c-a52f-f3943110eba6,landing,engineering_architecture,/sites/system-admin-72925814,completed,approved,22c812bf-3ba0-4bc3-bf44-53a0789d1068,3,0,system-admin-72925814,published
303d818a-7e44-4b50-8121-10762cc37f41,landing,engineering_science,/sites/system-admin-303d818a,completed,approved,79ac82aa-a64b-4f2c-a75c-5b168be7627c,3,0,system-admin-303d818a,published
64fe916a-23cf-44aa-ab42-c67a5aa4edd5,landing,engineering_science,/sites/system-admin-64fe916a,completed,approved,5ce4f4b0-a27c-4a09-a3f5-4ecdc9352743,3,0,system-admin-64fe916a,published
68a75919-cb2e-4b40-8891-78731e6afe0f,landing,engineering_science,/sites/system-admin-68a75919,completed,approved,9ae1ccc1-9cdf-4bbf-9776-9bf912f2bbe5,3,0,system-admin-68a75919,published
999a12e2-4d36-4781-b510-4cab79baed86,landing,engineering_science,/sites/system-admin-999a12e2,completed,approved,1e496225-91d6-4ff6-b17d-7ae1026999d7,3,0,system-admin-999a12e2,published
ab96b9dd-71c8-4bbf-af50-9a7e6c3a214b,landing,engineering_science,/sites/system-admin-ab96b9dd,completed,approved,19a2e3e9-32f4-41e6-a74b-c5c4010c530e,3,0,system-admin-ab96b9dd,published
cb065cad-0eac-447d-91a2-f7bf419af069,landing,engineering_science,/sites/system-admin-cb065cad,completed,approved,e34652f0-9273-4636-bf94-1d9813e927a5,3,0,system-admin-cb065cad,published
f62625d1-2171-4fc0-bb72-373058a96ec6,landing,engineering_science,/sites/system-admin-f62625d1,completed,approved,95a2a95b-d046-430f-a103-41e5efaeb16b,3,0,system-admin-f62625d1,published
13449d22-81af-46a1-a81c-ee3a715b42ba,landing,entertainment,/sites/system-admin-13449d22,completed,approved,d2cb9e15-17e3-43c2-8b39-b272a1674a09,3,0,system-admin-13449d22,published
582a789a-3a54-4a55-8689-021a86d607c5,landing,entertainment,/sites/system-admin-582a789a,completed,approved,40b6545e-797a-410c-81c4-76ba54a40d30,3,0,system-admin-582a789a,published
72b952ea-e5fd-4a67-93fa-617bf727989d,landing,entertainment,/sites/system-admin-72b952ea,completed,approved,ed745ffe-528f-4395-ac22-dd2340b1e251,3,0,system-admin-72b952ea,published
7cf7a9bf-040c-46fd-9a80-22fa2ff81764,landing,entertainment,/sites/system-admin-7cf7a9bf,completed,approved,1162bc3a-d0f1-4a54-87d1-69c1aaf4a89f,3,0,system-admin-7cf7a9bf,published
7d26f5ca-789d-4868-a88a-fb101d63069b,landing,entertainment,/sites/system-admin-7d26f5ca,completed,approved,ae56e109-b1ad-4e0e-911b-146924329ea1,3,0,system-admin-7d26f5ca,published
80d21e1f-a83d-421a-9e10-7cb3fd60e724,landing,entertainment,/sites/system-admin-80d21e1f,completed,approved,93ceb975-47c2-4d78-904b-5821ed8d1bc2,3,0,system-admin-80d21e1f,published
9574f2e3-6adc-465d-85ee-3eb9b03df2fd,landing,entertainment,/sites/system-admin-9574f2e3,completed,approved,964e58f4-167d-43d1-a0df-5767136e66c0,3,0,system-admin-9574f2e3,published
9a549d0b-4918-493b-9b23-d1db7f173aa9,landing,entertainment,/sites/system-admin-9a549d0b,completed,approved,67a57511-9f3c-47a4-b735-c62183c50147,3,0,system-admin-9a549d0b,published
cec3d783-ad0b-48f8-bf4b-bb7161cc37fa,landing,entertainment,/sites/system-admin-cec3d783,completed,approved,edf6ff60-9e8d-496f-b614-6d6ad8c6a93d,3,0,system-admin-cec3d783,published
d2ed85ee-4d43-446f-9388-94f2951f048b,landing,entertainment,/sites/system-admin-d2ed85ee,completed,approved,1ff9524e-16c9-4db0-ab78-be44aa534266,3,0,system-admin-d2ed85ee,published
044c3595-e56c-4a91-83b6-4ec993c00e7e,landing,finance,/sites/system-admin-044c3595,completed,approved,45d92a8e-3425-44f5-b0a5-f99a93e93ae1,3,0,system-admin-044c3595,published
0484213c-8440-4888-a3bf-62be5f8b3811,landing,finance,/sites/system-admin-0484213c,completed,approved,52445df6-5b03-4af5-bf90-a53d0c2dd83b,3,0,system-admin-0484213c,published
29ac9a77-b160-4009-8160-99d141aef47d,landing,finance,/sites/system-admin-29ac9a77,completed,approved,c6841438-7aac-497c-ab64-8ee3b9a57ef9,3,0,system-admin-29ac9a77,published
3d9e051a-d626-4c4e-92f8-588db3dcee2c,landing,finance,/sites/system-admin-3d9e051a,completed,approved,828b935f-2256-4eaa-8ae7-c419fb26ecbd,3,0,system-admin-3d9e051a,published
6374b949-ea3d-4574-b116-df68b5783d64,landing,finance,/sites/system-admin-6374b949,completed,approved,916028cf-ae04-4549-a611-5020f93112b0,3,0,system-admin-6374b949,published
6a9bfbc5-7463-40c3-9868-cad66a631751,landing,finance,/sites/system-admin-6a9bfbc5,completed,approved,6997ee94-da19-4c0f-b23e-85128e9d328a,3,0,system-admin-6a9bfbc5,published
803b9259-a7c3-4924-bc48-ec694f3f5404,landing,finance,/sites/system-admin-803b9259,completed,approved,e6265fe3-407d-4f9f-99e9-2c2f00a10385,3,0,system-admin-803b9259,published
8f9416cb-8773-4255-82a9-741d061c6bf1,landing,finance,/sites/system-admin-8f9416cb,completed,approved,78de0e1b-7626-4fde-be99-99b80f6bb576,3,0,system-admin-8f9416cb,published
aa2a681e-eec0-4a7d-9925-92d15dcd1340,landing,finance,/sites/system-admin-aa2a681e,completed,approved,0ed050df-af38-479c-a410-d18b94123b78,3,0,system-admin-aa2a681e,published
c7e1cce6-a46f-48bf-82c0-2968520e93ec,landing,finance,/sites/system-admin-c7e1cce6,completed,approved,5e01144e-70f6-48b8-bec5-24ef6ad396c3,3,0,system-admin-c7e1cce6,published
f5451650-2708-4530-b891-80fce27f9680,landing,finance,/sites/system-admin-f5451650,completed,approved,91878aa8-edc6-410c-b3c0-7f7b6b84470d,3,0,system-admin-f5451650,published
fae0c8ba-8815-40f1-a97c-0afef2e7e4ed,landing,finance,/sites/system-admin-fae0c8ba,completed,approved,bff3228f-48a1-4f62-9c80-5e0a4d4b0b71,3,0,system-admin-fae0c8ba,published
3dd5e927-73e8-48a9-8181-0c942250cd64,landing,finance_accounting,/sites/system-admin-3dd5e927,completed,approved,10c9b82c-4900-4545-9b37-760d08ede9fb,3,0,system-admin-3dd5e927,published
63f0f51b-d3f2-42eb-9ebb-8561978e1fd3,landing,finance_accounting,/sites/system-admin-63f0f51b,completed,approved,bbdb936f-b760-4383-ac2f-9d1bfcffcfbb,3,0,system-admin-63f0f51b,published
7e0ec42b-26b4-44a7-a0aa-3b67e4d304ed,landing,finance_accounting,/sites/system-admin-7e0ec42b,completed,approved,c76bf21a-cd4d-44e7-aa18-9054bc794ce8,3,0,system-admin-7e0ec42b,published
9cf0e384-9985-454a-b6e2-5cf9d40cac7d,landing,finance_accounting,/sites/system-admin-9cf0e384,completed,approved,bfbd481c-b811-4e03-b8a0-d20411e512b7,3,0,system-admin-9cf0e384,published
b736c18f-2dc3-4cc2-ac25-829660b52921,landing,finance_accounting,/sites/system-admin-b736c18f,completed,approved,1576e9e7-5428-4b0d-9a88-b7eade67f354,3,0,system-admin-b736c18f,published
cca1e683-782e-4bf3-8684-c880daa4546f,landing,finance_accounting,/sites/system-admin-cca1e683,completed,approved,aba6c60a-abf7-469b-8a25-9f0e57f9e0ec,3,0,system-admin-cca1e683,published
e146daea-fc08-4bbe-ac55-63c8421380f9,landing,finance_accounting,/sites/system-admin-e146daea,completed,approved,debefa15-3b58-44cf-972d-b4824ab133c7,3,0,system-admin-e146daea,published
f2674613-8980-435c-91f5-74409f77381a,landing,finance_accounting,/sites/system-admin-f2674613,completed,approved,bfcb3044-d550-4bd3-ab94-cdde9d1e3a1e,3,0,system-admin-f2674613,published
01419bf4-58f0-4dfb-b916-f9f57abef6f7,landing,fitness,/sites/system-admin-01419bf4,completed,approved,63d887d7-6ac2-4ce7-b1c5-5795bcc38971,3,0,system-admin-01419bf4,published
2af25ad4-cc2a-4337-9cec-7bd51ce64117,landing,fitness,/sites/system-admin-2af25ad4,completed,approved,19888cf4-59d7-4acf-8b35-12234429630f,3,0,system-admin-2af25ad4,published
377385f4-dcfd-4791-a838-6727894d0a82,landing,fitness,/sites/system-admin-377385f4,completed,approved,cf86e73a-4ae2-47ab-a991-0fc8fb89a06c,3,0,system-admin-377385f4,published
3d0ef165-af9d-4d87-ab3d-5b85ac95bf88,landing,fitness,/sites/system-admin-3d0ef165,completed,approved,338f3e2d-293a-45d4-90aa-1a0206c9a1c4,3,0,system-admin-3d0ef165,published
3ec7b97f-86e9-4c87-aba0-ea9be802c8b7,landing,fitness,/sites/system-admin-3ec7b97f,completed,approved,2543d25d-24c3-4e51-a145-2572b2142e7a,3,0,system-admin-3ec7b97f,published
4caed187-ea50-4abe-8ece-f2f82172e787,landing,fitness,/sites/system-admin-4caed187,completed,approved,6faa5ce2-5645-4cfe-931a-411388dbcd0f,3,0,system-admin-4caed187,published
b08b0f41-d289-4bae-b238-30b1e6ab64ba,landing,fitness,/sites/system-admin-b08b0f41,completed,approved,ec41ddca-4f33-44f3-8a5c-255ecf03f518,3,0,system-admin-b08b0f41,published
bd718c70-2583-4691-bed6-d6999a6ecf74,landing,fitness,/sites/system-admin-bd718c70,completed,approved,95ad4c30-f5ca-4f7d-9c00-44cbf9e77a74,3,0,system-admin-bd718c70,published
d8393b18-047f-4777-aec7-a47a19c97777,landing,fitness,/sites/system-admin-d8393b18,completed,approved,52b71019-8097-4c59-86cd-cb6fd0aaedae,3,0,system-admin-d8393b18,published
faa60f73-eb50-4552-b5f4-f67c8caa115e,landing,fitness,/sites/system-admin-faa60f73,completed,approved,fd75de48-2bc6-45ee-a291-a01694f32726,3,0,system-admin-faa60f73,published
ff830adc-6dd9-4625-b9cd-5595447a22bc,landing,fitness,/sites/system-admin-ff830adc,completed,approved,45643d1b-3c12-4acc-899d-7c88611fee6d,3,0,system-admin-ff830adc,published
2473276b-2373-4877-9420-564308d5f357,landing,government,/sites/system-admin-2473276b,completed,approved,d1b63853-05f9-466e-b0df-b762b84f4e2a,3,0,system-admin-2473276b,published
2dd3e0b3-4026-42c9-a5eb-c857570a5399,landing,government,/sites/system-admin-2dd3e0b3,completed,approved,d739adf3-7757-4189-9ce2-ce917ebe4aa7,3,0,system-admin-2dd3e0b3,published
334ffeb8-2745-43ed-8752-b27d18237524,landing,government,/sites/system-admin-334ffeb8,completed,approved,ad38fa5d-ce84-4c68-ba6f-3a3f3ccdbc8d,3,0,system-admin-334ffeb8,published
3f278df1-caa7-479f-9a8e-f3047c6cf676,landing,government,/sites/system-admin-3f278df1,completed,approved,b025110d-07f9-46bc-a81c-7af438708ef7,3,0,system-admin-3f278df1,published
4dd1d41d-f99e-4fa7-8f9b-76ce1ef2ab40,landing,government,/sites/system-admin-4dd1d41d,completed,approved,50850c86-46ac-4d6d-8631-c77005565784,3,0,system-admin-4dd1d41d,published
5a094dea-ad04-4ebf-8b0b-6a82d90b2b4f,landing,government,/sites/system-admin-5a094dea,completed,approved,70549494-1b50-4e1a-a237-d15e89b6c929,3,0,system-admin-5a094dea,published
86db255a-79bb-486c-9511-d67ec431a852,landing,government,/sites/system-admin-86db255a,completed,approved,ff64b089-df3a-478c-bde3-e1b33cfe7f43,3,0,system-admin-86db255a,published
c49d1405-ad0a-46df-a87c-d506d86358e7,landing,government,/sites/system-admin-c49d1405,completed,approved,d5bf3318-d8d6-4210-896a-8cc565728745,3,0,system-admin-c49d1405,published
f77a2ca7-a300-494d-8a9a-b6a4b900d09b,landing,government,/sites/system-admin-f77a2ca7,completed,approved,16f3b7f8-90b4-4de1-8add-73a70beb3f61,3,0,system-admin-f77a2ca7,published
0904967f-57f5-4b62-a59f-8050e3507f9d,landing,healthcare,/sites/system-admin-0904967f,completed,approved,b86d9fad-a345-4adf-bb87-392a7401cab5,3,0,system-admin-0904967f,published
34c46081-cd3e-4a1f-bb7f-b11d6e99807d,landing,healthcare,/sites/system-admin-34c46081,completed,approved,16f6c6da-17ae-406d-b441-a6b2f667cb8d,3,0,system-admin-34c46081,published
3925aac8-dfe8-4134-b138-fea42f1124f3,landing,healthcare,/sites/system-admin-3925aac8,completed,approved,343714c5-98e9-45f8-bc10-42f5f22e4d53,3,0,system-admin-3925aac8,published
3c2c5223-0d6b-403d-b751-7febba2e36ea,landing,healthcare,/sites/system-admin-3c2c5223,completed,approved,5974ba76-b042-452c-aa40-de7d07ee5341,3,0,system-admin-3c2c5223,published
4efcbe6c-c0b4-49b2-8758-63b20385ceb0,landing,healthcare,/sites/system-admin-4efcbe6c,completed,approved,e1b7aea9-65f8-4598-99d8-a0308c836f56,3,0,system-admin-4efcbe6c,published
4f648974-3642-415b-9209-21f0744b1d5a,landing,healthcare,/sites/system-admin-4f648974,completed,approved,3ebfa256-2aab-4642-aeab-ddae80e01879,3,0,system-admin-4f648974,published
617df1f7-177d-4198-ae12-67b5c92fe30c,landing,healthcare,/sites/system-admin-617df1f7,completed,approved,6377d33a-3345-4da2-82dc-14afa1ba1dc2,3,0,system-admin-617df1f7,published
96c5f04a-b234-471c-8ea6-5c21781d5f1d,landing,healthcare,/sites/system-admin-96c5f04a,completed,approved,89bd3279-b5b5-4cf0-a256-8a068302d71d,3,0,system-admin-96c5f04a,published
983a4680-c0e6-484f-99bf-b18d6bc8782f,landing,healthcare,/sites/system-admin-983a4680,completed,approved,01402aaf-f64f-4aff-9457-5434b7f34304,3,0,system-admin-983a4680,published
9c2f1df2-0056-4398-88a5-2adacc6a6b41,landing,healthcare,/sites/system-admin-9c2f1df2,completed,approved,7b898e47-6166-4d8b-9af3-c495cd439bf3,3,0,system-admin-9c2f1df2,published
c70406d1-6094-4610-b24d-7ffa1c16d7d9,landing,healthcare,/sites/system-admin-c70406d1,completed,approved,2532ea40-4205-4ed4-9eb4-63cfa9a8e338,3,0,system-admin-c70406d1,published
d2e53ea0-415e-4b43-824b-d743e86c3541,landing,healthcare,/sites/system-admin-d2e53ea0,completed,approved,e9adf16c-c8b5-4ec4-8b83-3b999c111ed3,3,0,system-admin-d2e53ea0,published
dfa3f3cf-6802-4a46-bd19-bd6d4cf2908b,landing,healthcare,/sites/system-admin-dfa3f3cf,completed,approved,e9148d5f-c1c4-4b2c-8f8d-fc990292565f,3,0,system-admin-dfa3f3cf,published
fc694f3c-0949-42c8-bc55-24eacc9b17cb,landing,healthcare,/sites/system-admin-fc694f3c,completed,approved,36f22408-5c6f-4b0a-b7ed-d4e3b3695b96,3,0,system-admin-fc694f3c,published
13d64d1d-116e-404c-bebe-9912b8662083,landing,home_services,/sites/system-admin-13d64d1d,completed,approved,d26a50a6-4ecb-4219-9ce6-f67dcd4c8770,3,0,system-admin-13d64d1d,published
412c4b7b-fd3c-4449-917f-3eeb42804416,landing,home_services,/sites/system-admin-412c4b7b,completed,approved,57d1163b-154c-47d4-b323-2e710fa6471e,3,0,system-admin-412c4b7b,published
42e9d7ae-126d-4e4b-91ab-18316ad76f9d,landing,home_services,/sites/system-admin-42e9d7ae,completed,approved,b8c832d7-c38f-4426-b198-3955b5a805bf,3,0,system-admin-42e9d7ae,published
44c39fc6-ed46-447e-aaed-6e157069566a,landing,home_services,/sites/system-admin-44c39fc6,completed,approved,71f20762-f6bd-4c70-8388-e5cb42548927,3,0,system-admin-44c39fc6,published
aca2a3c6-f0db-44de-93ac-425c122a544a,landing,home_services,/sites/system-admin-aca2a3c6,completed,approved,fb859ac7-c75b-44e5-8a1b-13a778d8fdf1,3,0,system-admin-aca2a3c6,published
c26e5a7d-65b5-4af6-80e7-90c7c7039e93,landing,home_services,/sites/system-admin-c26e5a7d,completed,approved,dc2ebc36-225d-4446-9302-802811377e61,3,0,system-admin-c26e5a7d,published
e4fcba6c-4a4c-4172-908f-70b45480fcb1,landing,home_services,/sites/system-admin-e4fcba6c,completed,approved,c5981532-e2f1-4edf-b312-98bc4b6a8f2b,3,0,system-admin-e4fcba6c,published
ea300e44-de55-4747-9861-5f5306883e2d,landing,home_services,/sites/system-admin-ea300e44,completed,approved,664224d9-18f1-49f8-98ce-11394261756b,3,0,system-admin-ea300e44,published
1316713c-ab2a-44d5-8a28-6f06f554ffe2,landing,hospitality,/sites/system-admin-1316713c,completed,approved,8daf5ad0-ee76-414d-b4a2-3cddc296ac26,3,0,system-admin-1316713c,published
43bcc4cc-da9e-4603-8ea8-a5e77cdab433,landing,hospitality,/sites/system-admin-43bcc4cc,completed,approved,4f60546a-b44c-4a2c-b4ab-8ab918f0f764,3,0,system-admin-43bcc4cc,published
4b86f89b-29d8-4cf1-890f-3059eb1a8f03,landing,hospitality,/sites/system-admin-4b86f89b,completed,approved,77d9f017-39d0-491c-912a-89c8d2a2259f,3,0,system-admin-4b86f89b,published
50a448f1-c306-43d2-ab9d-19788e43fe54,landing,hospitality,/sites/system-admin-50a448f1,completed,approved,8ebc7bbc-b524-47c4-98e4-c1f2cf4013de,3,0,system-admin-50a448f1,published
6c8614bd-5c43-4b24-8067-ed3b30e11544,landing,hospitality,/sites/system-admin-6c8614bd,completed,approved,a47992d0-7fc1-4015-a534-bfb38662d47f,3,0,system-admin-6c8614bd,published
70996b1c-b7d6-4426-be7e-26389b035a81,landing,hospitality,/sites/system-admin-70996b1c,completed,approved,5999e7b2-e2ad-43c8-bc4c-5419d1a3364e,3,0,system-admin-70996b1c,published
790c18b5-114d-466f-9968-121638c6cfa4,landing,hospitality,/sites/system-admin-790c18b5,completed,approved,94ea9ea3-a690-4d6d-a3dd-88b6318bc3de,3,0,system-admin-790c18b5,published
89dd23bb-2a69-4884-b60f-0f6fb8bbfff6,landing,hospitality,/sites/system-admin-89dd23bb,completed,approved,a321f589-910c-436a-a25a-3a37703dbaaf,3,0,system-admin-89dd23bb,published
d65f19ce-4159-49d1-9df5-afd363d5e50f,landing,hospitality,/sites/system-admin-d65f19ce,completed,approved,7fc40bf9-eeb6-451c-b31e-c7b970d560ae,3,0,system-admin-d65f19ce,published
e9884133-c3d5-46e9-8c61-3cf7fdc5bc3d,landing,hospitality,/sites/system-admin-e9884133,completed,approved,517bb561-a02c-415f-8cc1-1b5deb8d6d63,3,0,system-admin-e9884133,published
eec9f7e2-0bef-4194-ae42-409333565522,landing,hospitality,/sites/system-admin-eec9f7e2,completed,approved,47d6ae85-a383-4fe8-9b93-7ceac660f836,3,0,system-admin-eec9f7e2,published
f8f33582-9c45-468d-b352-be70d47404ea,landing,hospitality,/sites/system-admin-f8f33582,completed,approved,eed40bf3-3a23-48b5-bbe1-2d3e8b37b7d5,3,0,system-admin-f8f33582,published
3d373de0-af37-4a58-a6f2-9670e1cd1d8d,landing,hr_recruiting,/sites/system-admin-3d373de0,completed,approved,0975e4cc-0789-4aed-a86c-e3b452350706,3,0,system-admin-3d373de0,published
3eaac281-dee8-47ba-94a9-3625287824b3,landing,hr_recruiting,/sites/system-admin-3eaac281,completed,approved,f3814068-60d9-46ca-8e43-6b2c9c42ef8b,3,0,system-admin-3eaac281,published
47ba5e4f-42c3-43bb-8107-0de5d6cb6f83,landing,hr_recruiting,/sites/system-admin-47ba5e4f,completed,approved,5d209e9c-bc8d-42ec-8a51-f9c76a1d362a,3,0,system-admin-47ba5e4f,published
4f38300b-1233-45c8-9b68-080ce09bb9a4,landing,hr_recruiting,/sites/system-admin-4f38300b,completed,approved,0cf49f09-3122-4a33-a6ee-bde0ea9cf56e,3,0,system-admin-4f38300b,published
881dde7c-d405-40c8-99a1-000b38252631,landing,hr_recruiting,/sites/system-admin-881dde7c,completed,approved,cedf3ffe-2e46-4d0f-b85a-4744f0656482,3,0,system-admin-881dde7c,published
9a5495eb-aaf5-41e8-819b-3c2a5c0e9f59,landing,hr_recruiting,/sites/system-admin-9a5495eb,completed,approved,f08861e7-a865-45ba-8d4c-7a20d8253947,3,0,system-admin-9a5495eb,published
dc8126b4-ea45-4def-bbec-6198e788ef48,landing,hr_recruiting,/sites/system-admin-dc8126b4,completed,approved,bf182628-2fec-48fb-b657-29ed78d3389d,3,0,system-admin-dc8126b4,published
f3747457-98ff-47bf-b285-d8ae95f19f2a,landing,hr_recruiting,/sites/system-admin-f3747457,completed,approved,2ba9cffe-f283-4afd-b099-424fa9f25429,3,0,system-admin-f3747457,published
2d8d2d19-f4da-4435-9ab1-81a87874e03d,landing,industrial,/sites/system-admin-2d8d2d19,completed,approved,a62f646f-e804-4ecb-95d4-91c602cdb12c,3,0,system-admin-2d8d2d19,published
5ad16e53-e299-4666-846d-fb12c5f43c53,landing,industrial,/sites/system-admin-5ad16e53,completed,approved,37b00975-d467-48d2-89ae-ee000e36530f,3,0,system-admin-5ad16e53,published
83cb1c9d-6cc7-4f22-bba0-2392b861f845,landing,industrial,/sites/system-admin-83cb1c9d,completed,approved,9d523b4b-ad61-4359-81a4-582013b0fb35,3,0,system-admin-83cb1c9d,published
938a6704-a8b8-4a08-86d6-75d147d52f6a,landing,industrial,/sites/system-admin-938a6704,completed,approved,75a89b51-a0d9-46da-af9e-fdd9e76fd754,3,0,system-admin-938a6704,published
af71bfe7-09b6-49df-a43c-b1f4a17e04e4,landing,industrial,/sites/system-admin-af71bfe7,completed,approved,3f65278a-26e4-4266-8346-ee6fa344e618,3,0,system-admin-af71bfe7,published
d817e273-9452-4506-9f93-4315220c9dbd,landing,industrial,/sites/system-admin-d817e273,completed,approved,0eea612a-fe54-4d99-bf99-b1fba7d1e8b8,3,0,system-admin-d817e273,published
d9dc6ef4-b0a0-476d-bab3-d423e2a874d2,landing,industrial,/sites/system-admin-d9dc6ef4,completed,approved,a5230ef2-30d5-4dec-87c8-cacd00e4eb2e,3,0,system-admin-d9dc6ef4,published
eb933fbb-a97b-4f8b-a46d-a5fd66f5759f,landing,industrial,/sites/system-admin-eb933fbb,completed,approved,9716a167-b254-4718-9658-e5be91c7cf9f,3,0,system-admin-eb933fbb,published
030ac3a9-46bc-4af5-b507-00dd390cb6c5,landing,legal,/sites/system-admin-030ac3a9,completed,approved,06bcc084-46d0-43df-b67c-c66530e9735c,3,0,system-admin-030ac3a9,published
12ee3c06-c6c9-4115-a3ca-a1e20b05c8b6,landing,legal,/sites/system-admin-12ee3c06,completed,approved,806f806a-0f41-4680-82d7-198624cc5d21,3,0,system-admin-12ee3c06,published
132f4bbb-3fd1-4dec-8425-c225d6a2e9fc,landing,legal,/sites/system-admin-132f4bbb,completed,approved,0538b0ef-c439-4010-8a54-3500407b0140,3,0,system-admin-132f4bbb,published
450ea118-a118-4ced-9d55-5a2bb6312a98,landing,legal,/sites/system-admin-450ea118,completed,approved,b5268ad2-1cb6-4f08-b89f-6e699e06dfce,3,0,system-admin-450ea118,published
761ac273-fa00-4ed8-8c05-7a120a8726c3,landing,legal,/sites/system-admin-761ac273,completed,approved,aa15a911-92c3-40ab-9426-f348ac683c22,3,0,system-admin-761ac273,published
870464dc-e0f0-44a7-99ab-bfc48b00a994,landing,legal,/sites/system-admin-870464dc,completed,approved,631c3d37-d17e-4945-9e00-0678641b5cc3,3,0,system-admin-870464dc,published
9f72e748-0dad-421b-ac1a-82924f1e6130,landing,legal,/sites/system-admin-9f72e748,completed,approved,f5697979-b09d-4d53-8922-92cfb5584746,3,0,system-admin-9f72e748,published
a6987ac8-b07b-4913-8282-169a4354efef,landing,legal,/sites/system-admin-a6987ac8,completed,approved,b60f5ac6-d32f-4e0a-9b89-9d5029dc604a,3,0,system-admin-a6987ac8,published
caf555df-5412-48a0-8459-e1ba485a40d0,landing,legal,/sites/system-admin-caf555df,completed,approved,7fa15cfd-1adb-4dc8-8ea0-5b8aeeebaf01,3,0,system-admin-caf555df,published
e25c32aa-a5cc-4dd5-9597-c215ad7039b2,landing,legal,/sites/system-admin-e25c32aa,completed,approved,ed0bf91c-b044-43eb-ab98-860871630c11,3,0,system-admin-e25c32aa,published
e2fece82-2da6-4081-b217-3ee032328761,landing,legal,/sites/system-admin-e2fece82,completed,approved,dc8012d0-c092-4be8-af69-f9cffafcaf2b,3,0,system-admin-e2fece82,published
e6db1fed-f452-4ba8-b2cb-0ba4f4e4454f,landing,legal,/sites/system-admin-e6db1fed,completed,approved,7dcb7150-0bc4-4405-9072-dbec179286eb,3,0,system-admin-e6db1fed,published
ead5997f-3196-450d-9c9c-b77647bf0dd6,landing,legal,/sites/system-admin-ead5997f,completed,approved,3fc8ce85-96a1-4ebc-bbba-063cd5872f9b,3,0,system-admin-ead5997f,published
03f88ec7-d778-4c39-b157-4367cf8e1c40,landing,legal_services,/sites/system-admin-03f88ec7,completed,approved,d4be03a7-f614-462e-9ae5-01c2a7e276ec,3,0,system-admin-03f88ec7,published
0fab7464-5559-4192-8cf0-24b7469e60b9,landing,legal_services,/sites/system-admin-0fab7464,completed,approved,00b4ee12-7b6a-4eeb-a37d-8c4026128553,3,0,system-admin-0fab7464,published
1e34f285-0908-4c78-a62c-96d8c1c80c7f,landing,legal_services,/sites/system-admin-1e34f285,completed,approved,f258be73-fbdd-479b-9b05-5e62f8d45754,3,0,system-admin-1e34f285,published
6a64444a-f90f-4547-b5f3-52b4d7385b15,landing,legal_services,/sites/system-admin-6a64444a,completed,approved,199c911f-86c1-494b-a30f-292dd5844f4d,3,0,system-admin-6a64444a,published
73f2ee4b-3db3-49c5-ae27-dacad7cd5718,landing,legal_services,/sites/system-admin-73f2ee4b,completed,approved,0fbb49ea-1c1c-4573-aafd-7e2cf6aa5d17,3,0,system-admin-73f2ee4b,published
7f67309e-ce0c-4f33-9c10-11b8824fa01a,landing,legal_services,/sites/system-admin-7f67309e,completed,approved,45b9ce55-eb41-49b3-88d1-504a881606c1,3,0,system-admin-7f67309e,published
b32a02e0-8c01-4bfc-b359-18d26cb9b0c0,landing,legal_services,/sites/system-admin-b32a02e0,completed,approved,4bf7f214-474f-4b30-b0e5-149759cf4084,3,0,system-admin-b32a02e0,published
da97056b-82b8-4b5c-b78d-e3ce6dda550f,landing,legal_services,/sites/system-admin-da97056b,completed,approved,db8883e6-f8f3-4fd1-9354-e54f43df4972,3,0,system-admin-da97056b,published
2a4333a4-2fe2-44c3-b0ee-7027ea52d070,landing,localization,/sites/system-admin-2a4333a4,completed,approved,854a6337-e6c4-4510-9ce2-563e7caa751b,3,0,system-admin-2a4333a4,published
3f6384ec-ec54-44fc-ae48-f420ff3d7a6d,landing,localization,/sites/system-admin-3f6384ec,completed,approved,ae867017-5322-4c70-893c-9840b0115095,3,0,system-admin-3f6384ec,published
40e9fe8d-51a6-4896-b700-08e6b24fe508,landing,localization,/sites/system-admin-40e9fe8d,completed,approved,8ad027f3-8183-4a58-bf9e-67d7893a46c2,3,0,system-admin-40e9fe8d,published
43dd50b8-281d-495b-9d98-d444e396dca9,landing,localization,/sites/system-admin-43dd50b8,completed,approved,e5783be0-b02a-4491-9e77-f761f0e8e2d2,3,0,system-admin-43dd50b8,published
50747314-d86b-4f35-a834-d3b6327dae8a,landing,localization,/sites/system-admin-50747314,completed,approved,f1b868b9-71be-42c7-b5cc-426e8f4123d8,3,0,system-admin-50747314,published
55efd8a8-0ff1-42f9-ae75-bbb70e84e183,landing,localization,/sites/system-admin-55efd8a8,completed,approved,9aa50a44-8980-48c2-b8f7-e302f7c679e7,3,0,system-admin-55efd8a8,published
733ef244-049e-44c7-a24c-5b3d09ec6fa7,landing,localization,/sites/system-admin-733ef244,completed,approved,395c1ce5-fcf7-4298-b4d9-2a78b7533248,3,0,system-admin-733ef244,published
9b4bc937-ccc9-4a0e-8c68-6a5f67a6cb2c,landing,localization,/sites/system-admin-9b4bc937,completed,approved,954d1ac9-b6d6-484d-96b8-91020d300299,3,0,system-admin-9b4bc937,published
a55358b1-a7ff-4e22-8177-f5eabf16d784,landing,localization,/sites/system-admin-a55358b1,completed,approved,90475bfa-d83b-4ddb-922b-36ba7edb04d7,3,0,system-admin-a55358b1,published
afdcbcee-b8fc-4aa2-9efd-e21bb5e7f7ce,landing,localization,/sites/system-admin-afdcbcee,completed,approved,ff420031-993e-4418-a24f-e66603ca2191,3,0,system-admin-afdcbcee,published
0fc5cce7-78da-45d1-8b9d-844d1cd2b334,landing,logistics,/sites/system-admin-0fc5cce7,completed,approved,f21ac1e1-ab44-4785-8029-0c2f66142e3c,3,0,system-admin-0fc5cce7,published
14ef8a91-b46a-4e41-ba64-94808da3c332,landing,logistics,/sites/system-admin-14ef8a91,completed,approved,b0a126ba-89fa-48d3-9491-4e16c463ce78,3,0,system-admin-14ef8a91,published
1e51cb06-9e64-4ad6-af98-098a31d63634,landing,logistics,/sites/system-admin-1e51cb06,completed,approved,366abf0f-6b23-47aa-9bb1-fdbd76c650d0,3,0,system-admin-1e51cb06,published
31adad81-7320-4369-b9fb-d978339cdf8e,landing,logistics,/sites/system-admin-31adad81,completed,approved,da840288-3c9a-419f-9008-c9091520aef6,3,0,system-admin-31adad81,published
32024eca-3223-4439-89f7-1309468780b3,landing,logistics,/sites/system-admin-32024eca,completed,approved,7fa80b3d-013a-4962-a038-7380caa90bd8,3,0,system-admin-32024eca,published
32795253-fbe5-45e6-a08e-2f332f35e0fc,landing,logistics,/sites/system-admin-32795253,completed,approved,a10386ce-13ee-4816-885b-4bb01b8786ad,3,0,system-admin-32795253,published
70b6b6b5-efbe-4848-b4d9-282c27a4196b,landing,logistics,/sites/system-admin-70b6b6b5,completed,approved,720266db-6d92-49b6-990e-fde93f15b16a,3,0,system-admin-70b6b6b5,published
71c41e8d-123c-4ad5-ba6e-9c82831fe48f,landing,logistics,/sites/system-admin-71c41e8d,completed,approved,47ede16c-ad22-45f3-823c-499d5ba6b51c,3,0,system-admin-71c41e8d,published
a4b52717-e7bb-4afb-9fe6-4e84091cd3d7,landing,logistics,/sites/system-admin-a4b52717,completed,approved,9e89ae38-1ecb-446c-9d3a-319799c54127,3,0,system-admin-a4b52717,published
b04737c0-8552-4a19-b615-7432f50941fd,landing,logistics,/sites/system-admin-b04737c0,completed,approved,f9738a6d-a3c1-4597-bb6c-26c57940af26,3,0,system-admin-b04737c0,published
dd2ff506-cf38-47f3-a768-8c020c996a73,landing,logistics,/sites/system-admin-dd2ff506,completed,approved,0521d977-ec22-4c79-8de3-968ed07c3567,3,0,system-admin-dd2ff506,published
fd639692-e65e-4aa7-8dd6-dbbf633084b3,landing,logistics,/sites/system-admin-fd639692,completed,approved,1fc243c3-390b-46f1-9951-685d3c45d9e8,3,0,system-admin-fd639692,published
181f0261-6fc3-4f2b-a5e7-877363087c92,landing,manufacturing,/sites/system-admin-181f0261,completed,approved,696538f0-8cb2-4427-ad88-fe9acc559681,3,0,system-admin-181f0261,published
6b620aa7-e5d6-4d17-9b94-b2627fcb78f1,landing,manufacturing,/sites/system-admin-6b620aa7,completed,approved,f8d5b9b8-9f69-45d1-a1d2-241f63e29067,3,0,system-admin-6b620aa7,published
7106ed41-ad08-4426-8669-98d38ba897fb,landing,manufacturing,/sites/system-admin-7106ed41,completed,approved,b12e0dc6-f492-481e-b32c-fe46f9b102d9,3,0,system-admin-7106ed41,published
73a28f9f-8702-44e7-810a-f24178b5f412,landing,manufacturing,/sites/system-admin-73a28f9f,completed,approved,5d64bd17-6bd8-4d33-8a13-c0716eac8f7e,3,0,system-admin-73a28f9f,published
815506da-1f8e-4b00-8c95-dbbcd165cf9d,landing,manufacturing,/sites/system-admin-815506da,completed,approved,9932ea2d-da68-43f6-a8ef-eab8b7e48c48,3,0,system-admin-815506da,published
82965ac6-b97c-47b7-bef6-8c53334e67e0,landing,manufacturing,/sites/system-admin-82965ac6,completed,approved,401811d0-78db-454d-9d63-17eacecaa88d,3,0,system-admin-82965ac6,published
bd5a5264-953e-4923-bc18-fc98761fa73b,landing,manufacturing,/sites/system-admin-bd5a5264,completed,approved,ff0e3f91-2164-4938-8d6b-b7756229d0c4,3,0,system-admin-bd5a5264,published
c068df57-1dd1-47f3-afc4-106e3bf0665e,landing,manufacturing,/sites/system-admin-c068df57,completed,approved,3f594b9a-ae0f-49a5-a0e4-36f37f9d19bd,3,0,system-admin-c068df57,published
de8596c4-f9cb-43dc-99e9-b607fbb26b4d,landing,manufacturing,/sites/system-admin-de8596c4,completed,approved,a31e1af3-defa-4dd4-a0b3-43243f885351,3,0,system-admin-de8596c4,published
e25fabfc-f2fb-41f9-b435-c8768f31cb7c,landing,manufacturing,/sites/system-admin-e25fabfc,completed,approved,d5854234-ddfe-452a-8e07-4bb1329baadf,3,0,system-admin-e25fabfc,published
0b5f05cd-b0bc-403b-b498-8e0521d64128,landing,marketing,/sites/system-admin-0b5f05cd,completed,approved,3fa9257e-bba2-4ef4-94ea-67de883ede81,3,0,system-admin-0b5f05cd,published
0f375afd-45b7-4aec-b4a9-ec0ff3c2b31d,landing,marketing,/sites/system-admin-0f375afd,completed,approved,3dbcf366-a8e5-49d6-be56-77c27c3e8fdb,3,0,system-admin-0f375afd,published
2a174d59-25fa-4fd2-8533-bcc0cade5df4,landing,marketing,/sites/system-admin-2a174d59,completed,approved,14b47978-fd4b-4570-8bfb-91c4c5be4feb,3,0,system-admin-2a174d59,published
40fd49dc-691b-425d-a3b8-046bd547b30e,landing,marketing,/sites/system-admin-40fd49dc,completed,approved,7d089ab7-ee05-411f-bb57-80168b505935,3,0,system-admin-40fd49dc,published
6d39e5d2-2c74-4541-814e-935377b30d47,landing,marketing,/sites/system-admin-6d39e5d2,completed,approved,809af4bd-9594-4168-b2a1-14cfa29dfe3a,3,0,system-admin-6d39e5d2,published
926925a3-b36e-4d06-b567-28939c0349b5,landing,marketing,/sites/system-admin-926925a3,completed,approved,36dbc0fe-7995-4252-b1e5-5c14db359171,3,0,system-admin-926925a3,published
99c1fd4d-c8c3-4881-b0f7-03785c564105,landing,marketing,/sites/system-admin-99c1fd4d,completed,approved,3c2bdd64-8071-4937-a6e9-3fedd5dd11db,3,0,system-admin-99c1fd4d,published
a07b01c8-c86a-46ce-9432-4cee5f8bd705,landing,marketing,/sites/system-admin-a07b01c8,completed,approved,5f2b374c-06c9-494c-965e-86717854c2d8,3,0,system-admin-a07b01c8,published
be25fea1-3f49-4f3f-a838-d9ce64fd43ca,landing,marketing,/sites/system-admin-be25fea1,completed,approved,980bd061-ff09-4e0d-baeb-7eb0c13b80c3,3,0,system-admin-be25fea1,published
c795cf6f-4aa7-4f0c-833b-06f5c3703336,landing,marketing,/sites/system-admin-c795cf6f,completed,approved,4041613c-f109-48b4-8345-e433770a2123,3,0,system-admin-c795cf6f,published
cc84adc6-a8d0-4047-983d-13b2f9c7ab51,landing,marketing,/sites/system-admin-cc84adc6,completed,approved,e0b3d1d6-7bb8-4e90-8346-9a65b9bd2b8d,3,0,system-admin-cc84adc6,published
d1ed06cf-44d5-4dfa-8334-ba95afd92bf8,landing,marketing,/sites/system-admin-d1ed06cf,completed,approved,8aea21c5-c314-4207-b20f-8cf372f8968d,3,0,system-admin-d1ed06cf,published
f0200d74-fab9-4468-8083-4cd0379e8fea,landing,marketing,/sites/system-admin-f0200d74,completed,approved,512164a2-f2e6-4864-a76b-48335422642d,3,0,system-admin-f0200d74,published
fc017f52-4d2c-4c74-aea5-6d20b8217ff7,landing,marketing,/sites/system-admin-fc017f52,completed,approved,11902d66-1637-4483-bd4a-9b6bcf6c38d8,3,0,system-admin-fc017f52,published
06c744ee-f450-4933-8b32-3120c2123ac4,landing,media,/sites/system-admin-06c744ee,completed,approved,d5a405bd-28e3-478a-a52d-fc0dd20d74ea,3,0,system-admin-06c744ee,published
24eaabca-81f3-4779-81d8-682741271c3b,landing,media,/sites/system-admin-24eaabca,completed,approved,7ffe020e-9cf3-4a89-b7cc-4d13d7f3dd31,3,0,system-admin-24eaabca,published
2d1dc801-88c1-4ba5-ada5-ef8d8fab2b37,landing,media,/sites/system-admin-2d1dc801,completed,approved,7d3dc8e4-1b50-484a-b943-448a73f4ba63,3,0,system-admin-2d1dc801,published
4f9e3b7d-0657-406b-ad39-047a08819452,landing,media,/sites/system-admin-4f9e3b7d,completed,approved,d65005c4-7d03-4746-8956-fd1cd34908a1,3,0,system-admin-4f9e3b7d,published
6377b927-fd77-4286-8446-2e9003042cf8,landing,media,/sites/system-admin-6377b927,completed,approved,886a7055-8a6f-421f-a904-a5d2f149a95f,3,0,system-admin-6377b927,published
77ea3489-7e01-42ff-9b94-af0d4f0f4692,landing,media,/sites/system-admin-77ea3489,completed,approved,cb1bfb1f-d55d-4b97-be96-96cf4398104a,3,0,system-admin-77ea3489,published
9c51c164-9eaa-4332-ad2c-821681a55a61,landing,media,/sites/system-admin-9c51c164,completed,approved,6a2caf7f-cb21-4a80-b282-f03686103811,3,0,system-admin-9c51c164,published
dcd94e4e-2ca3-45b1-86d1-52d55181363c,landing,media,/sites/system-admin-dcd94e4e,completed,approved,08ca2782-37b1-4ccf-9f16-0a444d9ee80d,3,0,system-admin-dcd94e4e,published
dfe175d1-84ef-437e-bf14-1be2b4770e75,landing,media,/sites/system-admin-dfe175d1,completed,approved,25148e4d-90df-48c6-9df9-04195a15293e,3,0,system-admin-dfe175d1,published
fc79495f-f13f-4d89-aadb-2156c3bd5a35,landing,media,/sites/system-admin-fc79495f,completed,approved,2980e627-d5af-42d0-879f-a258677f2200,3,0,system-admin-fc79495f,published
092fcb28-c520-485b-980f-7172f9164c7c,landing,nonprofit,/sites/system-admin-092fcb28,completed,approved,5151df01-0b3b-4caf-8a2e-bfad2eb03ea3,3,0,system-admin-092fcb28,published
0a9243e6-d530-4c4f-b219-215b7b5cc687,landing,nonprofit,/sites/system-admin-0a9243e6,completed,approved,b15aec1e-e9ca-4cc2-88d3-96199482e57c,3,0,system-admin-0a9243e6,published
21597cd1-1362-493b-b16f-d1869ce2305a,landing,nonprofit,/sites/system-admin-21597cd1,completed,approved,666bde9e-0fe6-4972-adb0-273628c4a3da,3,0,system-admin-21597cd1,published
6bf97c2f-8361-423d-8b52-4617b952d9e2,landing,nonprofit,/sites/system-admin-6bf97c2f,completed,approved,0fc5dfd0-219a-423b-b860-0cf67a45010e,3,0,system-admin-6bf97c2f,published
7324002c-082c-4eec-b084-071b501cbe41,landing,nonprofit,/sites/system-admin-7324002c,completed,approved,7a75c3f2-6cbc-45f6-968e-fdd5fb1b6864,3,0,system-admin-7324002c,published
a2c7ed7b-58f0-4a6b-93cc-68b51037ee70,landing,nonprofit,/sites/system-admin-a2c7ed7b,completed,approved,16043d9e-8142-4e8a-933f-89012e4bdcec,3,0,system-admin-a2c7ed7b,published
a667cc83-b073-47b8-88e7-6de2382f6061,landing,nonprofit,/sites/system-admin-a667cc83,completed,approved,4cc7b699-f8fa-43a7-981c-6c1729f98f1f,3,0,system-admin-a667cc83,published
a9d94a0d-137b-42e1-9993-46c7c24e8039,landing,nonprofit,/sites/system-admin-a9d94a0d,completed,approved,f50d0672-8ce1-4eb6-b624-f4cba943f2a6,3,0,system-admin-a9d94a0d,published
e5c34938-ddef-4342-b5e3-2be37e46430b,landing,nonprofit,/sites/system-admin-e5c34938,completed,approved,1a5ea4b2-2293-4b4d-9f55-1769db7a0ce9,3,0,system-admin-e5c34938,published
ef699c32-2ca0-45a5-a801-ed817c71ed80,landing,nonprofit,/sites/system-admin-ef699c32,completed,approved,562395ff-b32e-4c22-9ef9-61d516807480,3,0,system-admin-ef699c32,published
4c33ae99-e773-4e79-877f-7f28c54d8a29,landing,pets,/sites/system-admin-4c33ae99,completed,approved,3160309e-10b3-426c-be13-8d33bb881b55,3,0,system-admin-4c33ae99,published
4e37dadf-a2ee-4d7c-a0f9-458c491a5c79,landing,pets,/sites/system-admin-4e37dadf,completed,approved,df882628-5c76-4f17-9a36-5dc2b52849b3,3,0,system-admin-4e37dadf,published
5f98fdaa-9c5e-44f1-8e95-9a96fbeb9c03,landing,pets,/sites/system-admin-5f98fdaa,completed,approved,8d953bb5-2dcf-4477-8c53-4db59a863451,3,0,system-admin-5f98fdaa,published
755a94c0-5a71-4439-a320-e0df201d9ba7,landing,pets,/sites/system-admin-755a94c0,completed,approved,ab6b2a3c-be92-47e5-8056-9d9e05ff7c3d,3,0,system-admin-755a94c0,published
8ca50718-c4ed-45ac-ab7b-00957c301d3e,landing,pets,/sites/system-admin-8ca50718,completed,approved,900da6a0-55e1-4b98-ac46-fe2f70cfa3d8,3,0,system-admin-8ca50718,published
92d65810-505a-4775-8a80-be42e5189fe0,landing,pets,/sites/system-admin-92d65810,completed,approved,bd13104e-a8a3-40a9-868e-92e30a944c6f,3,0,system-admin-92d65810,published
cb6960a3-b780-4e7a-9346-5ddfbe59523b,landing,pets,/sites/system-admin-cb6960a3,completed,approved,2b47b59e-7185-4ba7-850f-447071006a10,3,0,system-admin-cb6960a3,published
2305a9e5-6057-49ba-b922-39d00bc4cc03,landing,photography,/sites/system-admin-2305a9e5,completed,approved,a31dfa7b-60ad-41ad-88bb-7f99123a8cd1,3,0,system-admin-2305a9e5,published
59e90d94-fc34-49d6-aec8-5186e43634d9,landing,photography,/sites/system-admin-59e90d94,completed,approved,7a3ac6d7-acbb-4db6-b5a6-f9c030324153,3,0,system-admin-59e90d94,published
5a9c08f1-a3d9-4ddf-8813-d0085899b73c,landing,photography,/sites/system-admin-5a9c08f1,completed,approved,a8ef8c85-e221-4e9b-bdb3-85d540893036,3,0,system-admin-5a9c08f1,published
72f6a7b4-8cfe-4bd0-b9fc-7707fed72f78,landing,photography,/sites/system-admin-72f6a7b4,completed,approved,dc4d641b-8654-42d5-856c-7f2dbb8af51f,3,0,system-admin-72f6a7b4,published
77d6020e-497e-4336-b51b-d27489588d2c,landing,photography,/sites/system-admin-77d6020e,completed,approved,e1e1a7f6-afa1-4529-90b4-0231bbd9a7d3,3,0,system-admin-77d6020e,published
84ca7921-c498-4e5f-a591-f2b0bd55ac57,landing,photography,/sites/system-admin-84ca7921,completed,approved,73e97f2d-e97a-4e9b-8376-57de91cc1a88,3,0,system-admin-84ca7921,published
87af0c50-ec96-4b9c-9c36-05d1cb3cccf3,landing,photography,/sites/system-admin-87af0c50,completed,approved,e3c23d73-5ab3-4913-bc82-e297240a1942,3,0,system-admin-87af0c50,published
8ad4a831-ea1b-4d36-a792-6ad78fa8f141,landing,photography,/sites/system-admin-8ad4a831,completed,approved,7e5fbc66-c93f-4fe0-9f0d-1d38c613943e,3,0,system-admin-8ad4a831,published
96578ce5-1273-44e3-aae4-3f4f6773224c,landing,photography,/sites/system-admin-96578ce5,completed,approved,aa1bc18c-e4ee-46ff-a32e-9e23dfbb7b92,3,0,system-admin-96578ce5,published
ac1174b6-c723-4e42-a568-550a4b0071a3,landing,photography,/sites/system-admin-ac1174b6,completed,approved,634a7e19-25ba-4529-9238-4b335521edcb,3,0,system-admin-ac1174b6,published
dce12298-e756-4936-8ea2-11eb2eb01e32,landing,photography,/sites/system-admin-dce12298,completed,approved,4be3518e-52f3-4a32-b24e-b705e45354d7,3,0,system-admin-dce12298,published
f3543264-1292-4c5c-8350-37ce8a8044bd,landing,photography,/sites/system-admin-f3543264,completed,approved,37464e10-ce72-4d79-b75c-4865160c04e1,3,0,system-admin-f3543264,published
02de941a-244a-4925-9add-ad25b28916e8,landing,product_project_management,/sites/system-admin-02de941a,completed,approved,a0eac01d-dbf1-41cf-b541-3f0953f97aa9,3,0,system-admin-02de941a,published
1ccbbfe5-e55f-41f4-a42e-24be6b33cbe7,landing,product_project_management,/sites/system-admin-1ccbbfe5,completed,approved,840700be-e2f3-41d5-b7e5-e26ac68892c3,3,0,system-admin-1ccbbfe5,published
526012d9-6416-4f2b-aa50-9b5a8f7946fb,landing,product_project_management,/sites/system-admin-526012d9,completed,approved,ada7af32-f341-4b83-968a-710afda88b62,3,0,system-admin-526012d9,published
5e57d86b-aae9-428b-bbcb-4fa04b71c298,landing,product_project_management,/sites/system-admin-5e57d86b,completed,approved,34f412bc-5f5b-443f-afee-a7f2928db687,3,0,system-admin-5e57d86b,published
6f520730-bb2c-4292-b9dd-e60346db346f,landing,product_project_management,/sites/system-admin-6f520730,completed,approved,d4f095e7-57e3-4473-82af-d801629c0a89,3,0,system-admin-6f520730,published
867fc1fe-81d0-42d4-ad26-5019568d0a16,landing,product_project_management,/sites/system-admin-867fc1fe,completed,approved,7109c882-ff85-49c7-8554-e07ae4a1cb3d,3,0,system-admin-867fc1fe,published
9797ca59-f9b9-41d2-9747-c1be26c61f07,landing,product_project_management,/sites/system-admin-9797ca59,completed,approved,05de0cfe-8c43-45f5-b5be-2229fbd13a83,3,0,system-admin-9797ca59,published
a41dfbcb-1275-4626-9cb6-2d3ca38aa402,landing,product_project_management,/sites/system-admin-a41dfbcb,completed,approved,11943ce5-7657-4162-84c9-5273e4bf09ec,3,0,system-admin-a41dfbcb,published
b9977114-3708-4adb-aaeb-343232882186,landing,product_project_management,/sites/system-admin-b9977114,completed,approved,c6a7c339-e0ef-4d55-9fc5-6ac63d31ccb4,3,0,system-admin-b9977114,published
ca8c9963-756f-40a3-90f6-f95c74f46353,landing,product_project_management,/sites/system-admin-ca8c9963,completed,approved,8863d7a4-4cdc-44bb-8b1e-50d1bc893ee6,3,0,system-admin-ca8c9963,published
e69ef6ef-88dd-424f-8b9e-a6d2e7d6d2d2,landing,product_project_management,/sites/system-admin-e69ef6ef,completed,approved,6a8c8224-ad01-4e70-92ee-c0acf37911e9,3,0,system-admin-e69ef6ef,published
f3efe26c-617e-4b7f-97a3-68291622604c,landing,product_project_management,/sites/system-admin-f3efe26c,completed,approved,9153d472-971c-4fd7-b8bf-1a450aae5eff,3,0,system-admin-f3efe26c,published
1fc3fcbe-d559-44ab-9214-efe9bb7b3749,landing,professional,/sites/system-admin-1fc3fcbe,completed,approved,81cdd7fa-3900-4810-beec-58a1f7a792b9,3,0,system-admin-1fc3fcbe,published
3a9a80a8-1939-4717-bbaf-f3c45cf1a96b,landing,professional,/sites/system-admin-3a9a80a8,completed,approved,e8f6f372-61e4-4899-bc2f-098c2749073d,3,0,system-admin-3a9a80a8,published
7ece4428-bf44-4dd2-9044-6299434f91c3,landing,professional,/sites/system-admin-7ece4428,completed,approved,b87e4f48-ed92-4c5c-8d4f-7fca011bbc08,3,0,system-admin-7ece4428,published
9ca12fe8-d9ea-4f7b-ba14-3f1d4ed2ca7e,landing,professional,/sites/system-admin-9ca12fe8,completed,approved,06549446-4911-42f6-966e-0ca7fa03fd9a,3,0,system-admin-9ca12fe8,published
a0940fda-10eb-4699-accd-962d46945ac3,landing,professional,/sites/system-admin-a0940fda,completed,approved,1a774db5-11f8-4d88-b846-5b033951babf,3,0,system-admin-a0940fda,published
b5231747-0ac6-46a4-b883-4bd9c7781b1e,landing,professional,/sites/system-admin-b5231747,completed,approved,87796f33-6076-4dcb-9638-f71f37192dcc,3,0,system-admin-b5231747,published
cc8c5dba-fab4-45a8-abba-762f1944ac63,landing,professional,/sites/system-admin-cc8c5dba,completed,approved,b44d096c-5fd1-49a4-9547-896d56d62e10,3,0,system-admin-cc8c5dba,published
d4e5990a-73b5-4940-992c-82fc5c465f07,landing,professional,/sites/system-admin-d4e5990a,completed,approved,fc5ecf3e-db7b-4d27-a9b6-9f45d326f461,3,0,system-admin-d4e5990a,published
f60c07c9-4b3f-4927-93d2-e206b4399e6c,landing,professional,/sites/system-admin-f60c07c9,completed,approved,12082b53-fb77-4d33-95e8-a48b4a6668b5,3,0,system-admin-f60c07c9,published
37d0180c-427a-4bc6-9ac8-22eff34c59f1,landing,real-estate,/sites/system-admin-37d0180c,completed,approved,7964e75c-ede4-4fbe-82e0-848261eb3e65,3,0,system-admin-37d0180c,published
60726cc0-c5e5-45f0-a604-77bc466079bd,landing,real-estate,/sites/system-admin-60726cc0,completed,approved,4dfb9861-8c01-479d-85af-54e4d611a91a,3,0,system-admin-60726cc0,published
65f23e9c-ee63-4708-9f78-6671b7ddb629,landing,real-estate,/sites/system-admin-65f23e9c,completed,approved,e43d68cf-aac1-43b3-8c98-29f36774a473,3,0,system-admin-65f23e9c,published
6781a4f0-b3ab-4bf6-89ad-8b6cb3f1ebd8,landing,real-estate,/sites/system-admin-6781a4f0,completed,approved,81a072b5-6dab-4e03-8979-e3a79f0568bb,3,0,system-admin-6781a4f0,published
81101c8c-08d0-4823-a74e-4cbe7f06f3da,landing,real-estate,/sites/system-admin-81101c8c,completed,approved,7b8ddd97-f1de-4ebb-9216-b1357bb2d92a,3,0,system-admin-81101c8c,published
ad2235a7-20bf-48c8-af8a-8cb7e74ac0ea,landing,real-estate,/sites/system-admin-ad2235a7,completed,approved,0db18004-884a-42d7-bb73-90a52149cad7,3,0,system-admin-ad2235a7,published
c57a7335-efde-48d5-b936-bac516862518,landing,real-estate,/sites/system-admin-c57a7335,completed,approved,bc7535a4-0906-4d66-bd86-6d5d9efda18f,3,0,system-admin-c57a7335,published
d949e8e7-0e8b-4158-aaa5-03683392c7fd,landing,real-estate,/sites/system-admin-d949e8e7,completed,approved,98124728-fd84-4d25-8f3b-5b1dd49225f8,3,0,system-admin-d949e8e7,published
2b3f1cbb-9ce8-4ca9-adf7-3530afe3cca3,landing,real_estate_services,/sites/system-admin-2b3f1cbb,completed,approved,89356a78-1772-4cd5-861e-d9d9d9138ccd,3,0,system-admin-2b3f1cbb,published
2c360c87-da81-4540-ba48-69dafdc8313e,landing,real_estate_services,/sites/system-admin-2c360c87,completed,approved,643fc2df-8cd3-4e32-9af3-c92148e4df45,3,0,system-admin-2c360c87,published
2defb21a-4f65-4ff4-87cb-963d9db99440,landing,real_estate_services,/sites/system-admin-2defb21a,completed,approved,9a3bd1e5-0d99-42c1-8b63-9de316418af2,3,0,system-admin-2defb21a,published
36f15b2e-29cc-475c-984b-ad98fab9be8e,landing,real_estate_services,/sites/system-admin-36f15b2e,completed,approved,5c24e97f-76e2-4020-9a22-40f65b14ee04,3,0,system-admin-36f15b2e,published
5bd6e7a0-df7f-4d86-8886-8a0ae94a9648,landing,real_estate_services,/sites/system-admin-5bd6e7a0,completed,approved,b3633e11-5bfd-4802-87fb-9cb6b527b7e6,3,0,system-admin-5bd6e7a0,published
63945873-2589-4f32-a26e-f0b9550c761b,landing,real_estate_services,/sites/system-admin-63945873,completed,approved,af487ac3-e0f0-4005-8287-f3d4847a9e95,3,0,system-admin-63945873,published
6fbe83b2-c33c-4792-8715-eb0509cfa5f7,landing,real_estate_services,/sites/system-admin-6fbe83b2,completed,approved,46b7c23c-67e4-4dca-a425-5edb0eb0d36b,3,0,system-admin-6fbe83b2,published
a4ac6fae-f1bc-4e90-a745-adc80a1165e5,landing,real_estate_services,/sites/system-admin-a4ac6fae,completed,approved,e4cf9d1e-b844-48bd-9bc3-155d0b9dbe37,3,0,system-admin-a4ac6fae,published
a843fd47-8bbe-4b30-a23d-307e19c0c9b4,landing,real_estate_services,/sites/system-admin-a843fd47,completed,approved,57c0356d-118e-41ea-b7ea-2b754146921d,3,0,system-admin-a843fd47,published
d7ea8208-d5a6-47bc-a87a-20b84579e2f0,landing,real_estate_services,/sites/system-admin-d7ea8208,completed,approved,62578308-3937-44cb-9285-6a24e6e2d350,3,0,system-admin-d7ea8208,published
dbf901e7-cdf2-433a-a1b2-282517376c94,landing,real_estate_services,/sites/system-admin-dbf901e7,completed,approved,7319cf6a-cc55-46d7-8ad7-b2e61742071b,3,0,system-admin-dbf901e7,published
fda87659-c7c5-4626-837b-fbaf9ff34483,landing,real_estate_services,/sites/system-admin-fda87659,completed,approved,e64022cf-af8b-4962-afa4-528e1721aeab,3,0,system-admin-fda87659,published
0a6c461f-ee5a-46be-a5c5-e8417a7974af,landing,retail,/sites/system-admin-0a6c461f,completed,approved,2b6984f3-51c0-4903-ada4-f0ef5863784b,3,0,system-admin-0a6c461f,published
1670205e-00ef-4b86-ad6d-621c4b661259,landing,retail,/sites/system-admin-1670205e,completed,approved,c1b56586-a9bc-4ce1-a380-0e325049fcf9,3,0,system-admin-1670205e,published
2edff99b-b5af-4c6e-9a92-640be528448a,landing,retail,/sites/system-admin-2edff99b,completed,approved,d328af60-de2e-4219-a212-b80c6dbbc72b,3,0,system-admin-2edff99b,published
42b58f8a-2cb2-4a73-8a1c-9ff5ddf96277,landing,retail,/sites/system-admin-42b58f8a,completed,approved,e97f4ce5-8913-4345-a0cb-d253bcb88ae4,3,0,system-admin-42b58f8a,published
4ae1ffa7-f50d-4f44-a719-c80b7b3c9259,landing,retail,/sites/system-admin-4ae1ffa7,completed,approved,6a5ab80f-7cde-49ac-97ac-94f2c77d30ea,3,0,system-admin-4ae1ffa7,published
5b50ce0d-0dd9-4e61-b13b-2ba00b10b757,landing,retail,/sites/system-admin-5b50ce0d,completed,approved,c58aa836-fc06-4ae1-bd28-39b211124b48,3,0,system-admin-5b50ce0d,published
660c432b-2f79-4d6a-ab82-6ceccd1c1c50,landing,retail,/sites/system-admin-660c432b,completed,approved,1a5dc8ab-7731-4d65-b64c-eb41cb85bd97,3,0,system-admin-660c432b,published
716f95b2-4a91-49bd-b816-d4006a25d52d,landing,retail,/sites/system-admin-716f95b2,completed,approved,fea872e8-2ef7-4d85-a4b8-e0dd296a8362,3,0,system-admin-716f95b2,published
af1b85db-cf27-4252-b8ac-34307090da93,landing,retail,/sites/system-admin-af1b85db,completed,approved,34b2783b-85ae-4977-9fa7-a0fcf6b206e0,3,0,system-admin-af1b85db,published
af24f59a-4947-4f18-94bb-781feb160fbf,landing,retail,/sites/system-admin-af24f59a,completed,approved,67b49556-ba90-4853-9a42-d69fb12b7623,3,0,system-admin-af24f59a,published
bd1d4804-75fa-4edb-8c18-3ceb2513d202,landing,retail,/sites/system-admin-bd1d4804,completed,approved,5863be42-987e-4ce4-8dc6-9361f9da4468,3,0,system-admin-bd1d4804,published
d54e67d4-d6cf-4be8-b171-95e6bcabf91d,landing,retail,/sites/system-admin-d54e67d4,completed,approved,73d81d77-0adc-49c0-9809-5714a316f159,3,0,system-admin-d54e67d4,published
e4c1af2b-f0bd-4e4c-a668-acbd620563da,landing,retail,/sites/system-admin-e4c1af2b,completed,approved,87dfd190-9f3b-45f5-bc60-1ba1ad48354f,3,0,system-admin-e4c1af2b,published
09413511-fba7-499f-9286-c01af1c1bff9,landing,sales,/sites/system-admin-09413511,completed,approved,b410c843-dacd-4c69-a08a-ef59bfd8d6f4,3,0,system-admin-09413511,published
0c8ad423-238a-4698-9c84-b3f382388e1d,landing,sales,/sites/system-admin-0c8ad423,completed,approved,1e5baa3c-193f-4d73-ba4d-5ef59a7eb724,3,0,system-admin-0c8ad423,published
257e9e01-2fc2-45a9-9d85-f3f047168854,landing,sales,/sites/system-admin-257e9e01,completed,approved,1ceaa21d-2314-40b0-89e2-8af9f9000638,3,0,system-admin-257e9e01,published
37b482e6-3e5b-4769-ab18-c1b8060d6436,landing,sales,/sites/system-admin-37b482e6,completed,approved,22569cec-ef30-4ba4-b0b3-13b2ffa1ffd1,3,0,system-admin-37b482e6,published
5285a348-ab10-4d00-b3d5-c0abc2276452,landing,sales,/sites/system-admin-5285a348,completed,approved,1de2e2cf-77c9-4418-a4c4-e961d0ccdd38,3,0,system-admin-5285a348,published
6dbb4483-357f-4b35-afd4-6399e67775f4,landing,sales,/sites/system-admin-6dbb4483,completed,approved,c51bd88b-548a-4f06-a8ae-fb1cb5ed1092,3,0,system-admin-6dbb4483,published
784842ba-d562-42e1-81a1-59b250d65a25,landing,sales,/sites/system-admin-784842ba,completed,approved,d32ef293-2c49-466c-bf2f-a041ff95af7e,3,0,system-admin-784842ba,published
9d30b156-b326-4501-bc8e-f53fdcc3bb13,landing,sales,/sites/system-admin-9d30b156,completed,approved,3a97a8d1-2201-4983-8718-9859ce67cb2c,3,0,system-admin-9d30b156,published
b8116cb9-c6c4-4282-b180-54f4a432a349,landing,sales,/sites/system-admin-b8116cb9,completed,approved,e7e3ac93-b588-4ee2-af44-ccbd7038bb66,3,0,system-admin-b8116cb9,published
bc6bba41-4610-4ded-8a5e-e52db04f8e70,landing,sales,/sites/system-admin-bc6bba41,completed,approved,de379906-b8d4-4868-b05e-4038a67b180d,3,0,system-admin-bc6bba41,published
bfd4d6d1-71cf-43a3-8cb7-855dc72780e5,landing,sales,/sites/system-admin-bfd4d6d1,completed,approved,98f951b7-a65b-41d5-80bd-6ebd23374cc8,3,0,system-admin-bfd4d6d1,published
cad6e46e-9f63-43b9-952f-70b68d0a30d5,landing,sales,/sites/system-admin-cad6e46e,completed,approved,7ba98502-4141-4fa3-bb1c-5915a6812edf,3,0,system-admin-cad6e46e,published
f57319d0-f7ec-46c3-b5a1-5ea805e299b1,landing,sales,/sites/system-admin-f57319d0,completed,approved,39edd298-7a4a-4827-abfd-744280bf3682,3,0,system-admin-f57319d0,published
10779c14-ad4d-4a29-968c-4f55e6b6cd93,landing,technology,/sites/system-admin-10779c14,completed,approved,c8d5d578-1630-47e4-bb96-a7e35bc1d123,3,0,system-admin-10779c14,published
14f8405a-0176-4cb9-9df6-5a3a3f9f8019,landing,technology,/sites/system-admin-14f8405a,completed,approved,8d8f4264-2d45-4b0b-9991-b6785650f11c,3,0,system-admin-14f8405a,published
25c7c9c0-471b-4599-9dea-79412395c78d,landing,technology,/sites/system-admin-25c7c9c0,completed,approved,752e23f7-90c0-4dfc-839a-1061ff0aab7c,3,0,system-admin-25c7c9c0,published
41d4482c-c124-4853-87c2-d5b8f3e5ad8c,landing,technology,/sites/system-admin-41d4482c,completed,approved,d8e0bfe2-3c32-4e9e-bc21-9492b6ace285,3,0,system-admin-41d4482c,published
4bd9dbe5-7b35-441d-bf32-1e10f2591f90,landing,technology,/sites/system-admin-4bd9dbe5,completed,approved,cedd11cc-6de9-4f42-ba04-91dc535c0e6f,3,0,system-admin-4bd9dbe5,published
685a0c82-e6f7-425a-95be-51e1dd0213cf,landing,technology,/sites/system-admin-685a0c82,completed,approved,128364b5-82d8-4e86-839d-6fcee75471dc,3,0,system-admin-685a0c82,published
790116c2-2057-45b2-b845-d4ffa7c8f05a,landing,technology,/sites/system-admin-790116c2,completed,approved,13b79d61-8807-45e2-8cbe-ce333b046077,3,0,system-admin-790116c2,published
8e125d75-c98e-4a25-a25b-3897a4389501,landing,technology,/sites/system-admin-8e125d75,completed,approved,5c60662d-3c1c-4d77-beb7-860ce056e3cd,3,0,system-admin-8e125d75,published
9107f9b1-2449-42f1-8c26-bf7530d04abb,landing,technology,/sites/system-admin-9107f9b1,completed,approved,2b67453e-9522-4c15-9fd7-b44ccc99e2ba,3,0,system-admin-9107f9b1,published
ed7fbe39-7986-4dc2-8195-80b32bdc9c49,landing,technology,/sites/system-admin-ed7fbe39,completed,approved,7d949354-24be-4289-a608-e2ae20097d3d,3,0,system-admin-ed7fbe39,published
06c75582-6f42-4e14-8fea-e8d01d4e35d9,landing,travel,/sites/system-admin-06c75582,completed,approved,8a199ee8-575d-4526-80db-3887a963180c,3,0,system-admin-06c75582,published
4f1cf8a9-0210-4f69-bded-5417307e3fc8,landing,travel,/sites/system-admin-4f1cf8a9,completed,approved,baeeaf4c-c7d9-457b-a6ab-818c1099108c,3,0,system-admin-4f1cf8a9,published
6657d91b-4b28-46da-a8a7-0df7922ed2d1,landing,travel,/sites/system-admin-6657d91b,completed,approved,6c103550-ecf9-4147-8eee-de4f3588c9f0,3,0,system-admin-6657d91b,published
7f0c3ba6-0f52-4b2b-b991-5f751ed6c4c1,landing,travel,/sites/system-admin-7f0c3ba6,completed,approved,338a7a53-2ee8-4907-b3d1-bfcf612c5b7e,3,0,system-admin-7f0c3ba6,published
93207f56-36d4-47c6-9e89-af1869db9db2,landing,travel,/sites/system-admin-93207f56,completed,approved,e25da5ca-3e07-4c74-ab36-4fdded4e0a5c,3,0,system-admin-93207f56,published
a01157a6-4f8c-4004-bf1d-f34d0606b9e5,landing,travel,/sites/system-admin-a01157a6,completed,approved,17847249-b131-4426-8efd-4abeb2d6e4cd,3,0,system-admin-a01157a6,published
a34e25c0-891e-4318-b676-c9ca26d09ea3,landing,travel,/sites/system-admin-a34e25c0,completed,approved,b4e76821-740c-43c0-8163-40d2a5913790,3,0,system-admin-a34e25c0,published
a73bd5ac-c746-45d2-ad15-70c24aecdebc,landing,travel,/sites/system-admin-a73bd5ac,completed,approved,71ac5cde-7016-4b37-b513-a9a7b3ef50ed,3,0,system-admin-a73bd5ac,published
de3ed121-c557-4869-b432-5fd5706360a9,landing,travel,/sites/system-admin-de3ed121,completed,approved,8dc85594-d6a7-4e92-8b1f-6b2662950e43,3,0,system-admin-de3ed121,published
418a53df-aaf0-4abc-a9d2-2431a92cca1f,landing,video_animation,/sites/system-admin-418a53df,completed,approved,18ad6ada-2f5c-4b63-8f5f-eafc66f76e18,3,0,system-admin-418a53df,published
4439a829-8097-4b17-8c67-a6ec1c122125,landing,video_animation,/sites/system-admin-4439a829,completed,approved,75a3bdb9-fa49-4594-a518-74639a4b3d09,3,0,system-admin-4439a829,published
4dc43fa7-4335-4edc-b73d-3711cc6c3abe,landing,video_animation,/sites/system-admin-4dc43fa7,completed,approved,5d3596c4-f32a-45dc-8a28-e96e0adf93ad,3,0,system-admin-4dc43fa7,published
5544103e-4a93-4eac-a6c0-ba7d8015d67e,landing,video_animation,/sites/system-admin-5544103e,completed,approved,57a16a92-cee4-4b5f-a6e6-0d4ab76b4b69,3,0,system-admin-5544103e,published
61cb54cb-4355-4b16-9d00-20202d593c45,landing,video_animation,/sites/system-admin-61cb54cb,completed,approved,a9f9d17c-c939-45cf-99e4-b5e6bb270c53,3,0,system-admin-61cb54cb,published
6ee30488-09e8-4104-a7f1-9f5485262f73,landing,video_animation,/sites/system-admin-6ee30488,completed,approved,a3d0d95c-5e9d-4215-bfc3-4182e77ac5b8,3,0,system-admin-6ee30488,published
7fa44bcd-b077-40ce-ac43-f74351a60fa1,landing,video_animation,/sites/system-admin-7fa44bcd,completed,approved,34128df7-a622-4046-acff-e4abc9796b23,3,0,system-admin-7fa44bcd,published
8e13ed4d-1083-4518-bed4-54cdc7964215,landing,video_animation,/sites/system-admin-8e13ed4d,completed,approved,b9c0c56a-6e0a-4529-9d07-cf6356d9ebbb,3,0,system-admin-8e13ed4d,published
aa0ec1d1-761e-461e-b71b-84d4b1f5e9ec,landing,video_animation,/sites/system-admin-aa0ec1d1,completed,approved,9f8ee2b7-46c5-45b1-8521-417121e5185c,3,0,system-admin-aa0ec1d1,published
cd6f354b-423a-42c0-b2d9-4e0336d7c95b,landing,video_animation,/sites/system-admin-cd6f354b,completed,approved,4e50a52d-154c-476b-b4ad-a201aafc08ea,3,0,system-admin-cd6f354b,published
cf5c08ac-cc83-4e37-8814-68d5e6135cb0,landing,video_animation,/sites/system-admin-cf5c08ac,completed,approved,608318c0-361e-4196-8199-686b5f37cdc0,3,0,system-admin-cf5c08ac,published
d2122757-0dcf-47be-be33-db35ac45e7a9,landing,video_animation,/sites/system-admin-d2122757,completed,approved,0a178fba-7243-4c01-b8f4-5dda9cf93873,3,0,system-admin-d2122757,published
d5ad72e4-d410-4154-8d55-891625e30d69,landing,video_animation,/sites/system-admin-d5ad72e4,completed,approved,4d21668d-2495-457a-bb56-82f9d6636e78,3,0,system-admin-d5ad72e4,published
ecd9d8f5-4d56-4d13-b5c5-76933b662a75,landing,video_animation,/sites/system-admin-ecd9d8f5,completed,approved,e6ca5a2f-e7e2-4de8-8c6c-6caf214d95c2,3,0,system-admin-ecd9d8f5,published
ffeac35a-2c17-4e6b-92e3-d105bf8e0bb1,landing,video_animation,/sites/system-admin-ffeac35a,completed,approved,49d56f8b-5b31-4070-a4c6-217e237bb15a,3,0,system-admin-ffeac35a,published
444453c1-f5fc-4858-8530-fe0ca574e5e8,landing,web3,/sites/system-admin-444453c1,completed,approved,e118cece-b312-4ad4-98b7-10e9a5c2654e,3,0,system-admin-444453c1,published
621d1b65-202b-4296-ab47-7e8e86edaa1b,landing,web3,/sites/system-admin-621d1b65,completed,approved,dbda93f1-69e5-4ba9-b4d5-ddf19cc80ef1,3,0,system-admin-621d1b65,published
66dbcb33-fa14-499d-80d1-a35939504da6,landing,web3,/sites/system-admin-66dbcb33,completed,approved,7ecdd98e-16c5-4617-a04f-1b38f4c25ca4,3,0,system-admin-66dbcb33,published
83d87ade-6853-4933-8973-3659f224940a,landing,web3,/sites/system-admin-83d87ade,completed,approved,bdcc6353-0787-4bdf-a26f-6413d68378be,3,0,system-admin-83d87ade,published
84dfbd1f-e9d1-4289-abc9-9e5801860784,landing,web3,/sites/system-admin-84dfbd1f,completed,approved,992812c6-dcb4-45a8-a00f-7d98ba3a1dc2,3,0,system-admin-84dfbd1f,published
8759d0e0-2691-42f1-b63f-74c0dc106cbc,landing,web3,/sites/system-admin-8759d0e0,completed,approved,45749864-24a7-491a-abe3-2c05ca070614,3,0,system-admin-8759d0e0,published
8ce46109-3b5e-4887-94e1-d1376214e435,landing,web3,/sites/system-admin-8ce46109,completed,approved,bbfe528a-affc-4290-b2c3-a484873f3b26,3,0,system-admin-8ce46109,published
a7c4ff7d-1f62-4f99-b2e0-350b5418c83a,landing,web3,/sites/system-admin-a7c4ff7d,completed,approved,84bd77ae-4b72-47e2-b807-003ac5226feb,3,0,system-admin-a7c4ff7d,published
b6854d51-68c9-42f3-a8d0-0bfbfb21e1f5,landing,web3,/sites/system-admin-b6854d51,completed,approved,0fb5a88e-6511-4944-86a7-20d52b018b86,3,0,system-admin-b6854d51,published
c703371c-01c6-44a9-bdc1-35dad59e7295,landing,web3,/sites/system-admin-c703371c,completed,approved,177506d0-d787-4f7a-b5d5-d831d56eaf7b,3,0,system-admin-c703371c,published
ccda5fb7-0555-4760-b8da-71f86f35fa46,landing,web3,/sites/system-admin-ccda5fb7,completed,approved,c7b1ac9f-45f5-4ed5-a29e-2811ad69db5d,3,0,system-admin-ccda5fb7,published
e6e71811-f602-4ddc-b6c2-91898b4044b9,landing,web3,/sites/system-admin-e6e71811,completed,approved,1f1097d6-e187-49d1-bc2a-bc6ec6000f97,3,0,system-admin-e6e71811,published
eabb4405-cca4-455d-a1fd-5a4a899299ed,landing,web3,/sites/system-admin-eabb4405,completed,approved,1782af2d-c064-40dd-a31e-9196704c1d15,3,0,system-admin-eabb4405,published
f78fbfd5-568d-4ac3-8d7c-514df31575e4,landing,web3,/sites/system-admin-f78fbfd5,completed,approved,a37fa0f7-767e-40de-b11c-1ee8a3631d65,3,0,system-admin-f78fbfd5,published
fe83efd8-005a-4d81-8de6-74948b24d3d3,landing,web3,/sites/system-admin-fe83efd8,completed,approved,a3e2f4a6-dd4c-416f-94d0-7bc495e2d045,3,0,system-admin-fe83efd8,published
2fee5653-1d44-41c7-aeb5-1b354536518b,landing,writing_translation,/sites/system-admin-2fee5653,completed,approved,80a08bce-5056-42d9-9549-228af3e1c72f,3,0,system-admin-2fee5653,published
373bb238-78d3-4f93-8a51-fb8377725d0b,landing,writing_translation,/sites/system-admin-373bb238,completed,approved,83940c49-d286-488c-b68f-3587491095d7,3,0,system-admin-373bb238,published
3c6b6107-7f79-4da1-981d-f9f34f07375a,landing,writing_translation,/sites/system-admin-3c6b6107,completed,approved,c63c8dfe-9583-4d1c-a196-2c4ab702cdbe,3,0,system-admin-3c6b6107,published
59bb8aea-09ed-435e-9b21-e56a2898ace9,landing,writing_translation,/sites/system-admin-59bb8aea,completed,approved,f7d46b93-22aa-4b65-8406-e27c2b807bb9,3,0,system-admin-59bb8aea,published
6158a7ec-a300-4116-a092-c93ef6078a7f,landing,writing_translation,/sites/system-admin-6158a7ec,completed,approved,cd350dfc-0fa2-4a96-a337-380f269c618c,3,0,system-admin-6158a7ec,published
68e91cdd-ee30-4e6c-ae51-b933f0fd32e4,landing,writing_translation,/sites/system-admin-68e91cdd,completed,approved,491127f4-2d5e-4500-8b7a-61e42dc1c0ac,3,0,system-admin-68e91cdd,published
6ca1c5ee-c383-4aa3-836f-5a4593aae8f4,landing,writing_translation,/sites/system-admin-6ca1c5ee,completed,approved,26e9e719-20da-449b-9f9b-ea10e73c6b5f,3,0,system-admin-6ca1c5ee,published
7b10e872-6087-40bb-9c06-a81a15c85181,landing,writing_translation,/sites/system-admin-7b10e872,completed,approved,081a73ee-4521-4c25-bef3-d651b65d9f62,3,0,system-admin-7b10e872,published
8bbcdf7d-1672-46b8-834a-9741dac2e029,landing,writing_translation,/sites/system-admin-8bbcdf7d,completed,approved,96d01e75-241c-4c74-8f0e-b1731c4da6b7,3,0,system-admin-8bbcdf7d,published
8ee3326f-8b99-4e96-8c68-87ecff8a195b,landing,writing_translation,/sites/system-admin-8ee3326f,completed,approved,a5b7c06b-082e-4ff4-8a82-cd67a8f04d93,3,0,system-admin-8ee3326f,published
8f25dfe4-c551-4df2-a74f-88a126a92feb,landing,writing_translation,/sites/system-admin-8f25dfe4,completed,approved,f92c6ab6-4458-4045-8b61-2cdc74776cf9,3,0,system-admin-8f25dfe4,published
a511d232-f51d-4cb0-aef1-c060bc321556,landing,writing_translation,/sites/system-admin-a511d232,completed,approved,a4d1b623-282a-41dc-b48f-02c3a495b601,3,0,system-admin-a511d232,published
a596c38f-ff21-44f7-a014-b5ea4d240bab,landing,writing_translation,/sites/system-admin-a596c38f,completed,approved,fcf5319f-0339-4c04-ae2b-ed4f7cd1ad73,3,0,system-admin-a596c38f,published
aa2c773b-3e53-40e2-acb1-b136c2469ffb,landing,writing_translation,/sites/system-admin-aa2c773b,completed,approved,a2e299e4-450c-4987-a3f1-02f68c7e207d,3,0,system-admin-aa2c773b,published
c5bd4d49-31fd-4c13-add2-0298d52f0786,landing,writing_translation,/sites/system-admin-c5bd4d49,completed,approved,36d27c92-3f2c-410c-8655-d139b6bccd6f,3,0,system-admin-c5bd4d49,published
ef82c82d-b666-4aa4-8388-adb5678f9535,landing,writing_translation,/sites/system-admin-ef82c82d,completed,approved,cb9d598d-f424-4cae-a88d-07982a5ecf14,3,0,system-admin-ef82c82d,published
1381ecb0-f201-4bcc-be59-961a2f207ebc,website-business,admin_support,/sites/system-admin-1381ecb0,completed,approved,bfef0f2a-1883-4f0c-b6c2-3614f3d44855,10,0,system-admin-1381ecb0,published
14b22660-f0e0-444a-a431-a3991ada8b27,website-business,admin_support,/sites/system-admin-14b22660,completed,approved,df116e32-bdfe-4817-9d7f-eafa88902b45,10,0,system-admin-14b22660,published
2b3b99f1-7e53-424c-b74f-7a8560ec5b0d,website-business,admin_support,/sites/system-admin-2b3b99f1,completed,approved,efdbfc22-57ea-4909-aaa9-7828746207df,10,0,system-admin-2b3b99f1,published
50842533-dbbd-4def-9e2c-133c3aff932a,website-business,admin_support,/sites/system-admin-50842533,completed,approved,f1fc8dc3-8db8-4a53-8e34-1a450edc65e6,10,0,system-admin-50842533,published
62b72418-30ed-4096-8e52-b0db251c2023,website-business,admin_support,/sites/system-admin-62b72418,completed,approved,430a054a-b487-43fe-a919-3d433052f686,10,0,system-admin-62b72418,published
99e23302-dd15-46a6-ae09-7115ac5fce84,website-business,admin_support,/sites/system-admin-99e23302,completed,approved,4e0b0722-3e02-478a-a9b9-84ca7583e9a8,10,0,system-admin-99e23302,published
aaf81248-1cc5-4fd7-935f-75a82211cd09,website-business,admin_support,/sites/system-admin-aaf81248,completed,approved,a0965a24-d5b4-4dff-87b6-44fa0608ec39,10,0,system-admin-aaf81248,published
d294e1a5-b816-40ae-a1e5-40b5dbd672c5,website-business,admin_support,/sites/system-admin-d294e1a5,completed,approved,32507056-0f32-4564-a30e-9c084ad413bc,10,0,system-admin-d294e1a5,published
04e93d04-7e64-47d0-9117-fae77e94fd90,website-business,agriculture,/sites/system-admin-04e93d04,completed,approved,7c22af46-48f1-47c1-bcb0-5ac755da4777,10,0,system-admin-04e93d04,published
17e6cfc4-04a8-4716-bcf8-60f9b27450a2,website-business,agriculture,/sites/system-admin-17e6cfc4,completed,approved,bafc7deb-5f5a-4e23-847d-7418a86d8e49,10,0,system-admin-17e6cfc4,published
21d24c28-c232-4b5c-8f5b-de9d79d731f5,website-business,agriculture,/sites/system-admin-21d24c28,completed,approved,01b3ef6f-3b61-4def-bbcd-f701718da53d,10,0,system-admin-21d24c28,published
2605cd50-5cc8-4b76-abac-11d79512baa8,website-business,agriculture,/sites/system-admin-2605cd50,completed,approved,29fbc728-c64a-4971-b024-2e320eaeaca4,10,0,system-admin-2605cd50,published
4f171adc-5af0-4d39-bec9-c8fe831321a6,website-business,agriculture,/sites/system-admin-4f171adc,completed,approved,95d7f465-9028-47d5-b3ee-7f6bc88bf0ac,10,0,system-admin-4f171adc,published
76b3369a-0ab2-46ee-a668-7385184c78fc,website-business,agriculture,/sites/system-admin-76b3369a,completed,approved,53b0c619-9d05-4ef5-af5c-d98f96eea386,10,0,system-admin-76b3369a,published
9c7b1250-4362-4dbe-91b5-fd540e1757bc,website-business,agriculture,/sites/system-admin-9c7b1250,completed,approved,c6cb9a6f-18a0-432f-8eef-754a27b58201,10,0,system-admin-9c7b1250,published
ab9649ef-2caf-439a-bb47-626d538d9234,website-business,agriculture,/sites/system-admin-ab9649ef,completed,approved,12863ac1-f274-417a-89ed-1a9c4b6d4d2a,10,0,system-admin-ab9649ef,published
b0e40d0a-7af1-456c-8ff6-c3ecef0bebbf,website-business,agriculture,/sites/system-admin-b0e40d0a,completed,approved,56e08640-5bee-401a-a511-8c6949859478,10,0,system-admin-b0e40d0a,published
cdb18a0d-b6c3-412a-b18a-23f3d732b55a,website-business,agriculture,/sites/system-admin-cdb18a0d,completed,approved,95180662-9f47-43b5-8647-96c7017ae724,10,0,system-admin-cdb18a0d,published
eec96e0e-f7ae-4170-a5da-95314eec2fff,website-business,agriculture,/sites/system-admin-eec96e0e,completed,approved,f6653413-504b-4ee1-afeb-db24c369e6ec,10,0,system-admin-eec96e0e,published
f4d0eccf-ce35-4695-8411-1626960f5cf7,website-business,agriculture,/sites/system-admin-f4d0eccf,completed,approved,3b5108ee-2029-4744-ba96-78257dee4a2b,10,0,system-admin-f4d0eccf,published
1378abfb-9d09-4666-a53f-5909e2c74500,website-business,ai_data,/sites/system-admin-1378abfb,completed,approved,42618504-7ec2-49a5-b263-f3a6a75ae6b7,10,0,system-admin-1378abfb,published
4df5ba98-4967-462d-9e42-a2c2ce14872e,website-business,ai_data,/sites/system-admin-4df5ba98,completed,approved,6fe605df-1732-4f7b-aeba-ecd0a3dc16f9,10,0,system-admin-4df5ba98,published
689f8181-dcf9-4f75-a20f-de67b31826b1,website-business,ai_data,/sites/system-admin-689f8181,completed,approved,4913d8ed-054b-4190-bb36-f3fced424d09,10,0,system-admin-689f8181,published
98b3fa33-a16b-447c-b7eb-e6ffd5d76a81,website-business,ai_data,/sites/system-admin-98b3fa33,completed,approved,571d7f6e-be86-45a0-9d47-4f00cff1aa7a,10,0,system-admin-98b3fa33,published
b3bd3905-795c-4b64-acde-2c1a3d118202,website-business,ai_data,/sites/system-admin-b3bd3905,completed,approved,83cb00c7-c301-4e5c-ae49-e396d353c574,10,0,system-admin-b3bd3905,published
b40d4c2e-a8b5-492d-b353-2910926d95be,website-business,ai_data,/sites/system-admin-b40d4c2e,completed,approved,38b12463-71db-465d-85a6-35e64f4fc3af,10,0,system-admin-b40d4c2e,published
b8b215b9-e673-434f-9f09-1db6f9afbd03,website-business,ai_data,/sites/system-admin-b8b215b9,completed,approved,876715cc-30c5-498f-ad48-dc13d3ecdd63,10,0,system-admin-b8b215b9,published
c804ee59-b3dc-43c7-b355-dda3c125dfef,website-business,ai_data,/sites/system-admin-c804ee59,completed,approved,807bc249-e4fd-4bc2-9d08-50c8244052b4,10,0,system-admin-c804ee59,published
0938605a-4e1b-408e-b15f-1c5599306e3c,website-business,audio_music,/sites/system-admin-0938605a,completed,approved,77ee90f1-6826-4f2a-8f51-1f8ddefd95f9,10,0,system-admin-0938605a,published
11768ef8-b7fe-406f-a9bf-418b5a6fa495,website-business,audio_music,/sites/system-admin-11768ef8,completed,approved,7221adf6-c67c-49f2-8e8c-efd648f1657a,10,0,system-admin-11768ef8,published
12c58b86-c62b-4978-91da-7e5d367d9250,website-business,audio_music,/sites/system-admin-12c58b86,completed,approved,c6cdc9ee-d583-4554-b67d-83f878b5e620,10,0,system-admin-12c58b86,published
27f4c4a1-2eb6-4c57-acf1-f97220e466ff,website-business,audio_music,/sites/system-admin-27f4c4a1,completed,approved,0267792d-ed8b-45e9-8de1-6afa0d059b93,10,0,system-admin-27f4c4a1,published
2b8c5cb1-4191-4ad6-8645-719d6e1ecb53,website-business,audio_music,/sites/system-admin-2b8c5cb1,completed,approved,0d045b3e-0fc3-494d-8fbf-718bb469b4f7,10,0,system-admin-2b8c5cb1,published
410ed86c-d667-4f74-aa5f-fe3cd217e19c,website-business,audio_music,/sites/system-admin-410ed86c,completed,approved,2d66470c-cb7b-4331-9eac-4544d75c327e,10,0,system-admin-410ed86c,published
930b0989-3a05-45cd-97fe-8c8dbde748f8,website-business,audio_music,/sites/system-admin-930b0989,completed,approved,425ea699-6f71-4f87-9348-92c9ff404777,10,0,system-admin-930b0989,published
0a0c90b8-ddb6-423c-8c63-5a81fe18e7f3,website-business,automotive,/sites/system-admin-0a0c90b8,completed,approved,aace8083-d0b5-4efb-b131-424b6bf64be2,10,0,system-admin-0a0c90b8,published
2bc2e3c5-4860-4c0a-8a0f-1943b18d781f,website-business,automotive,/sites/system-admin-2bc2e3c5,completed,approved,2a4ae36c-e267-43a3-a0dc-b8b937ab1ff7,10,0,system-admin-2bc2e3c5,published
44bbcef8-0113-492b-a120-fcc7b9f86fce,website-business,automotive,/sites/system-admin-44bbcef8,completed,approved,da93f4b6-7df8-4a04-aabb-b313b84e138f,10,0,system-admin-44bbcef8,published
4d9280c6-d535-4196-b519-54039f2efa64,website-business,automotive,/sites/system-admin-4d9280c6,completed,approved,29422f5f-4b6b-44e2-ad2c-c03ffde3c8cf,10,0,system-admin-4d9280c6,published
569e80eb-1979-47fa-a457-98fd10f9fee6,website-business,automotive,/sites/system-admin-569e80eb,completed,approved,86bdc35e-a9f6-4526-af10-666c52788fcd,10,0,system-admin-569e80eb,published
78612d26-b3ce-4b54-ad1d-8144f8e3db9c,website-business,automotive,/sites/system-admin-78612d26,completed,approved,397ffd07-533f-435d-abe1-6b2872c5c0fd,10,0,system-admin-78612d26,published
8c19879c-425f-4bd5-b8fb-f31d71ad155b,website-business,automotive,/sites/system-admin-8c19879c,completed,approved,e4fa52a8-0a6b-4bbd-b41a-759b02e09f55,10,0,system-admin-8c19879c,published
99f34458-6f70-4bc1-a17d-57f5bbc783a0,website-business,automotive,/sites/system-admin-99f34458,completed,approved,57059473-0995-4a42-a97a-3749a7afb141,10,0,system-admin-99f34458,published
c422ae1d-793e-498c-9d0c-bd7479dbaf4f,website-business,automotive,/sites/system-admin-c422ae1d,completed,approved,663d7e92-7631-4fe3-a713-fc2ce48d9ab9,10,0,system-admin-c422ae1d,published
d744d29f-4208-404f-82a8-a727c4399cf3,website-business,automotive,/sites/system-admin-d744d29f,completed,approved,e4730e1c-5346-438c-b838-0da53a005cf7,10,0,system-admin-d744d29f,published
f33a93a7-a7c8-413c-abdf-6ec3e2427da8,website-business,automotive,/sites/system-admin-f33a93a7,completed,approved,06bf0f19-07aa-4887-9b85-e2b6a58c3544,10,0,system-admin-f33a93a7,published
0a6f930d-8fae-4ad4-bcf9-bc5d3204fb53,website-business,beauty,/sites/system-admin-0a6f930d,completed,approved,06489cb9-92de-46f9-9f31-36298f3b5b21,10,0,system-admin-0a6f930d,published
15a8670d-4443-4556-a84e-51ccd0a0c43d,website-business,beauty,/sites/system-admin-15a8670d,completed,approved,234ec824-fad1-4691-962b-8d12efa7eb9b,10,0,system-admin-15a8670d,published
2619642c-48e7-4785-9c94-f3e3be15000a,website-business,beauty,/sites/system-admin-2619642c,completed,approved,361ea8b4-78f6-4f67-8c57-7c7da6a5aaf5,10,0,system-admin-2619642c,published
4422f12c-0518-4bab-b6dc-a88c24f0f26b,website-business,beauty,/sites/system-admin-4422f12c,completed,approved,5bcd4503-63ce-4710-b680-728bfc90ac35,10,0,system-admin-4422f12c,published
548a75d4-8a51-413f-9cd6-4b236ff6ffdf,website-business,beauty,/sites/system-admin-548a75d4,completed,approved,8c9e9929-addb-49c1-b607-bdf85ff35cdc,10,0,system-admin-548a75d4,published
5a1ef840-861e-40be-b36b-19972ac02727,website-business,beauty,/sites/system-admin-5a1ef840,completed,approved,5dc017b1-460f-4d72-820b-c342f2ba30de,10,0,system-admin-5a1ef840,published
6289326b-122e-4bd1-976a-911db5dfffd1,website-business,beauty,/sites/system-admin-6289326b,completed,approved,bfdaf3ec-8f80-4cee-9762-b14536560b9d,10,0,system-admin-6289326b,published
6dc8ca00-4963-4521-8010-ccf9a08bdc4f,website-business,beauty,/sites/system-admin-6dc8ca00,completed,approved,04deaa93-9006-40a7-8e75-16da4c7c8ba6,10,0,system-admin-6dc8ca00,published
6de05c85-783a-45ba-a873-b9fd8609cbc7,website-business,beauty,/sites/system-admin-6de05c85,completed,approved,643b28e6-cf27-47e2-a821-8bd68daa789e,10,0,system-admin-6de05c85,published
c36fd6d5-0140-4c3c-87fe-e99d7fcf1f79,website-business,beauty,/sites/system-admin-c36fd6d5,completed,approved,98026503-0f7a-43c6-85f0-0a8f65dd9668,10,0,system-admin-c36fd6d5,published
c566a62b-d251-4143-a978-088742f9d85c,website-business,beauty,/sites/system-admin-c566a62b,completed,approved,b8b3bef3-7070-405a-93ea-ec91353dd055,10,0,system-admin-c566a62b,published
ea46ac8f-e848-491c-87d1-4c8ae243c31c,website-business,beauty,/sites/system-admin-ea46ac8f,completed,approved,01a72d04-9abd-4264-8daf-afe610d2e4d4,10,0,system-admin-ea46ac8f,published
62b68189-c817-489b-bc6f-c3695aa082fb,website-business,business_consulting,/sites/system-admin-62b68189,completed,approved,cb1d2691-5496-4496-a65b-da27f15115cd,10,0,system-admin-62b68189,published
7d45c11a-8fbc-4b7c-9de3-b59349401189,website-business,business_consulting,/sites/system-admin-7d45c11a,completed,approved,b4947a7b-06b4-4f7a-b3d5-5bbba897ffba,10,0,system-admin-7d45c11a,published
ad482402-74b2-4716-a574-2fa52b7b9a73,website-business,business_consulting,/sites/system-admin-ad482402,completed,approved,69c00193-5c2a-421d-8879-583c911abba9,10,0,system-admin-ad482402,published
c887b5c6-ccf7-45dd-93fa-344c3ec6675c,website-business,business_consulting,/sites/system-admin-c887b5c6,completed,approved,096bcb7e-4720-4f28-a57a-21e8db56bd30,10,0,system-admin-c887b5c6,published
dad8c6c9-d3e9-4cda-bd75-d16487123040,website-business,business_consulting,/sites/system-admin-dad8c6c9,completed,approved,2b9f6386-5b95-4d24-b0e6-52753622757c,10,0,system-admin-dad8c6c9,published
e2efbcca-68a2-4ba6-886e-4f065ffa9505,website-business,business_consulting,/sites/system-admin-e2efbcca,completed,approved,25b7b1c9-2013-4294-877d-8551604bf391,10,0,system-admin-e2efbcca,published
f077751d-29b7-4c5e-b54c-1bc9ee8d0be2,website-business,business_consulting,/sites/system-admin-f077751d,completed,approved,13540840-cd56-4890-b5ce-9ca293199e23,10,0,system-admin-f077751d,published
107d1f93-d815-41bd-ba83-2d5f797a9a07,website-business,community_moderation,/sites/system-admin-107d1f93,completed,approved,cdb2dc85-df60-41b3-ab61-bc52b8641f11,10,0,system-admin-107d1f93,published
438a953b-5eaf-4060-8b5c-0ccbc9bdbd3d,website-business,community_moderation,/sites/system-admin-438a953b,completed,approved,1116d86d-4766-4329-a0bf-d2e402975bec,10,0,system-admin-438a953b,published
4ae23435-b26c-4397-8cf5-36330dc4a390,website-business,community_moderation,/sites/system-admin-4ae23435,completed,approved,4a25e3ae-ba0e-4c81-b04a-31b8b09e14c8,10,0,system-admin-4ae23435,published
50c2060b-4156-4e12-967f-76bf9758e68b,website-business,community_moderation,/sites/system-admin-50c2060b,completed,approved,b9e6cc35-0a8a-4b0e-88cf-32e0086a5eef,10,0,system-admin-50c2060b,published
953ccfc6-1d2b-4bc1-8231-7c83994f967d,website-business,community_moderation,/sites/system-admin-953ccfc6,completed,approved,35e622a3-0e46-4caf-8af5-16277e7a6a6d,10,0,system-admin-953ccfc6,published
9cd6fcf0-0a87-48d0-b065-a9bc83778178,website-business,community_moderation,/sites/system-admin-9cd6fcf0,completed,approved,ac8616d1-43c9-4259-80b4-510f161e6642,10,0,system-admin-9cd6fcf0,published
bace28b0-8547-4273-901b-9cb8b7926c33,website-business,community_moderation,/sites/system-admin-bace28b0,completed,approved,a7c6eabd-cf18-48a4-ba47-1d3e74721ec5,10,0,system-admin-bace28b0,published
067c7aec-8c35-406a-8cc3-ae900ad19f8f,website-business,construction,/sites/system-admin-067c7aec,completed,approved,abdea549-a4fc-4b68-b731-f8af86679ea0,10,0,system-admin-067c7aec,published
0e88d0f7-39f1-45b5-aef6-fcdbdd04889e,website-business,construction,/sites/system-admin-0e88d0f7,completed,approved,e6622782-0dba-4e4a-9437-1bdf18b45da3,10,0,system-admin-0e88d0f7,published
17f426d0-bc70-4190-8f68-dba3fd05bc9e,website-business,construction,/sites/system-admin-17f426d0,completed,approved,4174899a-2f69-4289-ad89-fb98f7b067d8,10,0,system-admin-17f426d0,published
282114ec-2d86-40cc-98b7-7e919bb58f3b,website-business,construction,/sites/system-admin-282114ec,completed,approved,a1d70948-e096-4573-a61d-34517a4c10b7,10,0,system-admin-282114ec,published
28ccc5b1-3d78-4023-892d-1ddb3dd1998f,website-business,construction,/sites/system-admin-28ccc5b1,completed,approved,4dd5c4c5-79f4-47c2-ab89-3f9f20f7787b,10,0,system-admin-28ccc5b1,published
40c7e181-6173-4ed3-b30d-a9bba7f5a66c,website-business,construction,/sites/system-admin-40c7e181,completed,approved,b5836dfb-f072-4559-bc40-488bc6d52a65,10,0,system-admin-40c7e181,published
54dd570c-c472-48a3-a1b9-f88941a0fe9c,website-business,construction,/sites/system-admin-54dd570c,completed,approved,9fefea67-2332-48df-968c-9dafe116e628,10,0,system-admin-54dd570c,published
5682e979-dc71-4ff4-a99d-3d8f2efcb26f,website-business,construction,/sites/system-admin-5682e979,completed,approved,70ff7edc-1639-42f1-9122-ca1790556136,10,0,system-admin-5682e979,published
5abf1922-f3f5-4b15-8a8f-5f2a5c39af05,website-business,construction,/sites/system-admin-5abf1922,completed,approved,f3d27deb-f8a7-4bdd-9b75-c422db3a83cc,10,0,system-admin-5abf1922,published
9348b381-5933-4974-92c0-df63be705120,website-business,construction,/sites/system-admin-9348b381,completed,approved,69a7656b-20ee-419e-9c84-f28f248226bb,10,0,system-admin-9348b381,published
a3695988-99f0-4374-88b7-d6e16b917421,website-business,construction,/sites/system-admin-a3695988,completed,approved,b830a6f6-740d-4b76-8270-1f68bfbda034,10,0,system-admin-a3695988,published
31fc2ba4-654f-42ff-afac-016b453b601e,website-business,creator_services,/sites/system-admin-31fc2ba4,completed,approved,2749d75b-a745-41e0-9f46-9815b7589c1d,10,0,system-admin-31fc2ba4,published
3be0a7c7-165e-40ad-b55e-eb6955fb0f72,website-business,creator_services,/sites/system-admin-3be0a7c7,completed,approved,758b8954-e224-468f-b887-38c3de208dd2,10,0,system-admin-3be0a7c7,published
43ec35ee-923a-47e2-8605-fbfc2a6a8979,website-business,creator_services,/sites/system-admin-43ec35ee,completed,approved,55c4fc93-e85d-48a0-9288-3c8149324f0a,10,0,system-admin-43ec35ee,published
86af27bb-fa29-4470-b0b0-9affc94dc594,website-business,creator_services,/sites/system-admin-86af27bb,completed,approved,e07b3b7a-00c5-4687-b991-0bfa7e8ab8d5,10,0,system-admin-86af27bb,published
8d21b296-854d-4c71-bf74-d63623973b01,website-business,creator_services,/sites/system-admin-8d21b296,completed,approved,88fd7964-3bfe-4290-9ab2-3a8590d898b9,10,0,system-admin-8d21b296,published
de58528b-43bd-402b-9cac-aeb759443562,website-business,creator_services,/sites/system-admin-de58528b,completed,approved,11e1d5a9-3dc6-4563-8c3a-542b534b961d,10,0,system-admin-de58528b,published
feb07f0e-e5cd-4375-8116-7bc1a5294d8b,website-business,creator_services,/sites/system-admin-feb07f0e,completed,approved,0ed1e832-37a9-49c1-b18a-e7332b755d25,10,0,system-admin-feb07f0e,published
0645796b-4638-4a80-b847-b618b31fc34b,website-business,customer_service,/sites/system-admin-0645796b,completed,approved,204cb38c-a73b-4a06-9fd6-fe9ec9deea16,10,0,system-admin-0645796b,published
2936a085-575d-4f40-bc3c-eb8dabc85bb0,website-business,customer_service,/sites/system-admin-2936a085,completed,approved,97d13461-23e6-458d-97aa-cf693de59859,10,0,system-admin-2936a085,published
492ee12e-22cb-48cb-91c3-f92e01971ed3,website-business,customer_service,/sites/system-admin-492ee12e,completed,approved,e143d355-091b-4a3a-aaee-963e2c9712f7,10,0,system-admin-492ee12e,published
49ddcd52-8eaa-4737-aa2d-41efefeb3310,website-business,customer_service,/sites/system-admin-49ddcd52,completed,approved,23817353-cad5-4876-a886-0954a2fc43a7,10,0,system-admin-49ddcd52,published
8cd61c6e-2c3b-4edb-ae90-9805b388112c,website-business,customer_service,/sites/system-admin-8cd61c6e,completed,approved,4409377c-cd31-4cdc-9301-0cb9e1f65978,10,0,system-admin-8cd61c6e,published
9dd7b9bd-9f70-44aa-800f-56527626f4ff,website-business,customer_service,/sites/system-admin-9dd7b9bd,completed,approved,ba4969f5-6d58-4705-8f60-36599f6dcff6,10,0,system-admin-9dd7b9bd,published
fa451081-5ee8-417a-ab86-1a57437777ea,website-business,customer_service,/sites/system-admin-fa451081,completed,approved,873a6e97-15ed-483b-833f-e734f2848e34,10,0,system-admin-fa451081,published
309aa588-354c-4183-a498-717579f346a3,website-business,design_creative,/sites/system-admin-309aa588,completed,approved,015f22cc-5c48-4e69-9cd9-f56ed743d5cb,10,0,system-admin-309aa588,published
491f5f10-dade-4685-a280-2e59255aba41,website-business,design_creative,/sites/system-admin-491f5f10,completed,approved,bf3c7617-d009-4339-b483-32752875690b,10,0,system-admin-491f5f10,published
5b0f1cc4-c294-4f13-bb8a-9eed87c01cc4,website-business,design_creative,/sites/system-admin-5b0f1cc4,completed,approved,1c6d6c15-4324-4d49-b23e-3877f9e1cbe1,10,0,system-admin-5b0f1cc4,published
69ad2888-ba47-4011-8fd8-c014e6f771aa,website-business,design_creative,/sites/system-admin-69ad2888,completed,approved,7225905f-876c-4710-bb74-7903c0e71536,10,0,system-admin-69ad2888,published
838d285b-b0a3-4c0b-ad99-fb9799b0c797,website-business,design_creative,/sites/system-admin-838d285b,completed,approved,49c8f288-faff-445f-bb7c-7cb8a455505f,10,0,system-admin-838d285b,published
e38ea6cc-4ff6-4f09-8aef-1ae91eef58f3,website-business,design_creative,/sites/system-admin-e38ea6cc,completed,approved,5cb90a55-a5fc-4dda-8d4f-4bbe14c005c3,10,0,system-admin-e38ea6cc,published
e797fd0f-1e4e-40e6-b483-30eb13140bc3,website-business,design_creative,/sites/system-admin-e797fd0f,completed,approved,ccc6a25c-35cd-4638-a8a0-115b2634526a,10,0,system-admin-e797fd0f,published
078a46de-c4d6-4994-a9b4-2806cedd56d5,website-business,development_it,/sites/system-admin-078a46de,completed,approved,19437df1-39eb-49f9-913f-6c91c0e586ff,10,0,system-admin-078a46de,published
0f44b9fd-9611-49b0-b40a-7c5b36adbb20,website-business,development_it,/sites/system-admin-0f44b9fd,completed,approved,b547ddf3-9d3f-472a-8569-c4d42ae4062c,10,0,system-admin-0f44b9fd,published
1a1d88b0-8ee5-437c-9d3d-a8fee5ade12d,website-business,development_it,/sites/system-admin-1a1d88b0,completed,approved,39a2763e-be1a-4a04-90d9-4adb67c849e2,10,0,system-admin-1a1d88b0,published
28d91fc9-ab8d-4bd7-afb4-77b5122ba614,website-business,development_it,/sites/system-admin-28d91fc9,completed,approved,960228d0-4d9f-4b20-bd65-8c11fe334ee8,10,0,system-admin-28d91fc9,published
2d889dc4-4efd-47bb-8cea-496e43a8ffc0,website-business,development_it,/sites/system-admin-2d889dc4,completed,approved,1911086f-2530-4950-8dfc-fd758a8076c9,10,0,system-admin-2d889dc4,published
4cb0e281-c396-4db4-9ade-d6d0b2b93515,website-business,development_it,/sites/system-admin-4cb0e281,completed,approved,d317f8b5-f238-460c-b587-2550a3adbdb7,10,0,system-admin-4cb0e281,published
6d7c84b6-a8a2-4dfa-971a-210e03e12a31,website-business,development_it,/sites/system-admin-6d7c84b6,completed,approved,c12641cb-2f60-434f-af19-b91e1b9b1a00,10,0,system-admin-6d7c84b6,published
61340d77-2981-44aa-9ec5-b6a1008ac26b,website-business,ecommerce,/sites/system-admin-61340d77,completed,approved,7eb4e219-bcd6-4d63-b160-f9dc652458da,10,0,system-admin-61340d77,published
7f508ee2-f86b-4b85-ab6a-d83aabb9df87,website-business,ecommerce,/sites/system-admin-7f508ee2,completed,approved,d83f1de4-4fab-4f3c-998c-8c634f28bbfd,10,0,system-admin-7f508ee2,published
84b3a38d-2a0e-45fa-91db-a2bbdc999162,website-business,ecommerce,/sites/system-admin-84b3a38d,completed,approved,a79679a3-dda2-4e1b-9ade-986955f08c13,10,0,system-admin-84b3a38d,published
98867c54-f013-41bc-a965-6d51f7075d5e,website-business,ecommerce,/sites/system-admin-98867c54,completed,approved,e7df8317-dc7c-4cbf-b83f-3412ea913713,10,0,system-admin-98867c54,published
c8f4fc09-9ef2-488c-95c1-5a9515b91a0e,website-business,ecommerce,/sites/system-admin-c8f4fc09,completed,approved,ca9c8d14-6d18-4313-8798-b207accd5623,10,0,system-admin-c8f4fc09,published
f1e012e7-f24b-4b46-b998-7272aacc4b1b,website-business,ecommerce,/sites/system-admin-f1e012e7,completed,approved,1faa6f92-7dbc-4a62-9cc8-750f6ed47921,10,0,system-admin-f1e012e7,published
fafca70d-77ee-4f43-bfbf-d9d216661ff5,website-business,ecommerce,/sites/system-admin-fafca70d,completed,approved,dada0110-33ac-4ba9-bee0-f1e772b94cdd,10,0,system-admin-fafca70d,published
0f44a4e7-a98d-436b-81f8-40024b733dba,website-business,education,/sites/system-admin-0f44a4e7,completed,approved,9a18c778-6c88-43a0-8261-60737e40a948,10,0,system-admin-0f44a4e7,published
15c4d4d2-1161-4c3a-97f0-9177149343f7,website-business,education,/sites/system-admin-15c4d4d2,completed,approved,3e78160d-b12c-4f59-a37c-157fd0e2b757,10,0,system-admin-15c4d4d2,published
2639b85e-a697-4737-8aaa-d31707349374,website-business,education,/sites/system-admin-2639b85e,completed,approved,ce964d5c-6d93-471f-bffd-9ea7f62d4b5c,10,0,system-admin-2639b85e,published
28253fb7-b905-43e4-89a0-8ad4d876068a,website-business,education,/sites/system-admin-28253fb7,completed,approved,30f64d18-855c-4b32-bfcb-16f50b9bed55,10,0,system-admin-28253fb7,published
4a409628-649e-4f2b-9eab-eac22b02a44e,website-business,education,/sites/system-admin-4a409628,completed,approved,b5e3dcdd-e2a8-45c4-aaf2-16ddc8e6dbd5,10,0,system-admin-4a409628,published
55636099-2c17-4d10-8d74-d9f7fc901146,website-business,education,/sites/system-admin-55636099,completed,approved,6de23acf-ae31-4cfa-a743-86339553dde4,10,0,system-admin-55636099,published
5f15f74a-a89d-4dd7-ad72-7ac30b4d7b5c,website-business,education,/sites/system-admin-5f15f74a,completed,approved,2447c4c8-1c03-4a9c-a84f-9ae40c34d52f,10,0,system-admin-5f15f74a,published
7f9199a8-5387-4b7a-865c-55ac06525f10,website-business,education,/sites/system-admin-7f9199a8,completed,approved,19c5f954-bec8-4f16-a638-55be920f42a5,10,0,system-admin-7f9199a8,published
8d3f8659-7e41-4a15-b745-87677f35997a,website-business,education,/sites/system-admin-8d3f8659,completed,approved,75703233-005e-4150-85c3-b3863b76164c,10,0,system-admin-8d3f8659,published
c466bb34-ca65-4650-a4de-685ff1cf2d84,website-business,education,/sites/system-admin-c466bb34,completed,approved,4dd62099-56ce-4153-8c24-380ae7089115,10,0,system-admin-c466bb34,published
cc545218-8945-4540-8e2e-8ad4c009c2ee,website-business,education,/sites/system-admin-cc545218,completed,approved,3e09a0fa-5c51-488e-8ea0-6ccc2689d32f,10,0,system-admin-cc545218,published
dbf1ff41-62de-43cb-a812-1c7956644500,website-business,education,/sites/system-admin-dbf1ff41,completed,approved,74d8aef9-36d9-4457-9f6c-4ba5ff195604,10,0,system-admin-dbf1ff41,published
e94ecc33-8028-499c-89c7-1cb73170d02f,website-business,education,/sites/system-admin-e94ecc33,completed,approved,214aa309-cc3a-4ff4-b450-6f7b091bc02a,10,0,system-admin-e94ecc33,published
003ff247-a7c6-46d1-910a-fdfeb80914e4,website-business,education_training,/sites/system-admin-003ff247,completed,approved,338eeaf3-8856-475b-9a60-e73f4a03ae1e,10,0,system-admin-003ff247,published
1299563b-9de3-441d-9d0a-f66e03f4c680,website-business,education_training,/sites/system-admin-1299563b,completed,approved,f0a8d437-9cf0-4eb5-934a-31098539cabc,10,0,system-admin-1299563b,published
26c6b604-b8f4-4c64-a14d-509c0d2b8f09,website-business,education_training,/sites/system-admin-26c6b604,completed,approved,ecaeb814-96b7-458a-8cf5-5f1a97c0071e,10,0,system-admin-26c6b604,published
702db5b6-4db9-4188-8e1c-80f8837cfe15,website-business,education_training,/sites/system-admin-702db5b6,completed,approved,2dd3928c-11b6-4df9-b255-563e9aef9728,10,0,system-admin-702db5b6,published
b9cfe3a9-17bf-4bc1-98cd-45f7031efcc0,website-business,education_training,/sites/system-admin-b9cfe3a9,completed,approved,b0b04200-0042-40ac-82c3-722f09dc75ef,10,0,system-admin-b9cfe3a9,published
d82b30f0-cdd3-4025-b772-4258f49ac962,website-business,education_training,/sites/system-admin-d82b30f0,completed,approved,c1371a30-558c-48d4-bdfb-db3ab7a63d72,10,0,system-admin-d82b30f0,published
f4d684c1-da57-44c2-9f94-4678be5b8532,website-business,education_training,/sites/system-admin-f4d684c1,completed,approved,044435a2-39bb-4a49-a175-578bc4d8da69,10,0,system-admin-f4d684c1,published
193709b5-6414-466a-9631-2f6264f54228,website-business,energy,/sites/system-admin-193709b5,completed,approved,bf539264-a02c-4362-9131-c6a2c6f89a01,10,0,system-admin-193709b5,published
257b2d10-3182-4d8a-8ade-134e79cf27ad,website-business,energy,/sites/system-admin-257b2d10,completed,approved,b34085ac-0af7-47c7-8781-3eb0739aadcf,10,0,system-admin-257b2d10,published
2dc3f0ea-24ef-4f1f-a1ec-37a661b9a32e,website-business,energy,/sites/system-admin-2dc3f0ea,completed,approved,aec5862a-4e73-44b8-8469-078b70fecf0c,10,0,system-admin-2dc3f0ea,published
439f3608-c5fd-4183-9f64-49256e7efd8c,website-business,energy,/sites/system-admin-439f3608,completed,approved,5b8c93d4-0ceb-4550-90c7-3a63baabd473,10,0,system-admin-439f3608,published
4b6ca879-af8b-4f64-856a-3f62e1ccef13,website-business,energy,/sites/system-admin-4b6ca879,completed,approved,ebc0bb6e-4007-409a-aff7-9a5233cad332,10,0,system-admin-4b6ca879,published
608a8eb8-ff81-4690-8de9-da4f2e6a6f22,website-business,energy,/sites/system-admin-608a8eb8,completed,approved,bb68d4a6-b97a-41fe-ba73-ecb7f1e4bef4,10,0,system-admin-608a8eb8,published
afac3f1f-25f8-476e-a1ad-755de72d7509,website-business,energy,/sites/system-admin-afac3f1f,completed,approved,708abf67-ea54-45bc-b007-01d84ef6dc8f,10,0,system-admin-afac3f1f,published
d10471c1-a156-4249-97dd-142e069cf28c,website-business,energy,/sites/system-admin-d10471c1,completed,approved,4de01d68-f6a5-482b-8434-2c7cd5e99ed5,10,0,system-admin-d10471c1,published
d96c5856-c8f7-4a0a-a41e-7d451dd40ee8,website-business,energy,/sites/system-admin-d96c5856,completed,approved,fda4867e-8bec-4655-a689-e98a5f784976,10,0,system-admin-d96c5856,published
0de7b15c-ba46-441d-b41a-125a9690a508,website-business,engineering_architecture,/sites/system-admin-0de7b15c,completed,approved,6ff0135c-d1e3-4032-a832-709b914c48c8,10,0,system-admin-0de7b15c,published
115a57ec-e988-4320-9abc-19f3caf4ca69,website-business,engineering_architecture,/sites/system-admin-115a57ec,completed,approved,47bbb76d-d39f-4fb2-96e4-b3096712e693,10,0,system-admin-115a57ec,published
2b613752-1a58-4bec-adee-a4d164f2b247,website-business,engineering_architecture,/sites/system-admin-2b613752,completed,approved,b73cd260-c6e9-4106-88fe-4027bda83c0e,10,0,system-admin-2b613752,published
80008f2b-f883-4008-bc54-06ea7f5da397,website-business,engineering_architecture,/sites/system-admin-80008f2b,completed,approved,038ac26d-638b-41f7-836c-16eb62920764,10,0,system-admin-80008f2b,published
96203c52-7bce-4e79-8d35-e39b5a6867c6,website-business,engineering_architecture,/sites/system-admin-96203c52,completed,approved,7e2d7ec9-77d1-41d0-b18e-2aae2f2f23cd,10,0,system-admin-96203c52,published
c359f749-3c47-43f8-bfd3-3e6a39e9e877,website-business,engineering_architecture,/sites/system-admin-c359f749,completed,approved,d6c1d9e3-73f7-4a5d-b6b3-60a6789d0c8e,10,0,system-admin-c359f749,published
dae9e81f-7764-4f59-b55b-b19caeb7e23e,website-business,engineering_architecture,/sites/system-admin-dae9e81f,completed,approved,bb4324c6-8c88-4509-9215-7664278e49f1,10,0,system-admin-dae9e81f,published
18d79ba3-748a-4937-9248-cba32332c506,website-business,engineering_science,/sites/system-admin-18d79ba3,completed,approved,3ac38545-e42f-4f4a-a4f4-4d4fec725d1c,10,0,system-admin-18d79ba3,published
66d75699-ae30-4fa0-a981-be8d56e1cd44,website-business,engineering_science,/sites/system-admin-66d75699,completed,approved,4ee238d8-2898-4552-ace4-2f264f0595de,10,0,system-admin-66d75699,published
844bcd0d-59ad-436a-9a41-9e5e89861b83,website-business,engineering_science,/sites/system-admin-844bcd0d,completed,approved,a7b57ff7-0616-4270-bdd1-0768331aeb90,10,0,system-admin-844bcd0d,published
b06731ca-6683-410a-ba64-bb2256a34f86,website-business,engineering_science,/sites/system-admin-b06731ca,completed,approved,acb93c73-37c7-4191-aa0f-534ba23d92f3,10,0,system-admin-b06731ca,published
ddc5261a-f8f0-46c9-9fe7-473a75fb8953,website-business,engineering_science,/sites/system-admin-ddc5261a,completed,approved,0972749b-bd1c-40f5-b4c1-ac28af95809c,10,0,system-admin-ddc5261a,published
f4a41c91-605d-4921-a177-0f4a4a07e3ec,website-business,engineering_science,/sites/system-admin-f4a41c91,completed,approved,e16d93db-c6f4-4683-91e0-ae3ca00276bd,10,0,system-admin-f4a41c91,published
fc7d5a6f-d5a1-4cfb-b391-06b9d9f302e1,website-business,engineering_science,/sites/system-admin-fc7d5a6f,completed,approved,65473808-d961-4f7d-9e8d-ddb8aa398308,10,0,system-admin-fc7d5a6f,published
0f0d564b-3b46-4c34-91af-a0f559867ff4,website-business,entertainment,/sites/system-admin-0f0d564b,completed,approved,a8e36b88-8e86-44ad-8756-27b4e9124ad0,10,0,system-admin-0f0d564b,published
2ca4910c-a103-41f4-9d9e-87f5b8f83a0f,website-business,entertainment,/sites/system-admin-2ca4910c,completed,approved,1ec8cd10-eafa-4edc-90b8-cf7d67b65c3f,10,0,system-admin-2ca4910c,published
52575356-b053-43f1-a1e4-c607bc3788d5,website-business,entertainment,/sites/system-admin-52575356,completed,approved,d47b5cee-7b57-44f2-97e2-555b5c022cd5,10,0,system-admin-52575356,published
60741d04-5697-4443-975e-b4278c926a31,website-business,entertainment,/sites/system-admin-60741d04,completed,approved,ea99bbe0-0fbd-4938-aa88-f3da1ae752dd,10,0,system-admin-60741d04,published
723153c9-59d5-467d-9fe3-3617591e7e03,website-business,entertainment,/sites/system-admin-723153c9,completed,approved,2332b0dc-076e-44c1-bf1d-d88288e673fe,10,0,system-admin-723153c9,published
89f4a7eb-2a16-40f2-9b7a-9b6bb3a83bc5,website-business,entertainment,/sites/system-admin-89f4a7eb,completed,approved,bd5df7d2-129e-421d-9e4c-e032adc22b75,10,0,system-admin-89f4a7eb,published
b35eaa9c-0045-4230-8f39-5819dc5f6293,website-business,entertainment,/sites/system-admin-b35eaa9c,completed,approved,c33916dc-5dd7-418f-a69e-434222a72c8c,10,0,system-admin-b35eaa9c,published
e5093e52-5625-449d-87f7-9d048399c1bc,website-business,entertainment,/sites/system-admin-e5093e52,completed,approved,f0ba7096-f684-49a4-bb93-8177d468e196,10,0,system-admin-e5093e52,published
e64c0583-fa91-4be4-b616-ab2d2efbf121,website-business,entertainment,/sites/system-admin-e64c0583,completed,approved,e85ae947-ecbd-4daf-83a9-82e3a104c597,10,0,system-admin-e64c0583,published
f1adf4e7-2fbe-4d35-967e-84a430ca60dc,website-business,entertainment,/sites/system-admin-f1adf4e7,completed,approved,e2b68cb4-6c2b-4bab-8565-9f4e964c671e,10,0,system-admin-f1adf4e7,published
00b2ef48-d243-4bd1-9594-859d1508420f,website-business,finance,/sites/system-admin-00b2ef48,completed,approved,da1b0573-3163-43ac-93b9-598c0816a789,10,0,system-admin-00b2ef48,published
19b1c4ad-2300-4370-a837-eb687613b6d4,website-business,finance,/sites/system-admin-19b1c4ad,completed,approved,7e167fd0-62ae-412d-b330-81d2d7679a9d,10,0,system-admin-19b1c4ad,published
272c53c4-dfe0-45ca-9990-33b6343bd28d,website-business,finance,/sites/system-admin-272c53c4,completed,approved,7af8ff3f-cc66-4708-955b-1cd81989a5e7,10,0,system-admin-272c53c4,published
29e3e5e2-3e1d-421b-a1c3-61db17409d14,website-business,finance,/sites/system-admin-29e3e5e2,completed,approved,8311a0fd-c4b7-4d21-aee5-28105725d19a,10,0,system-admin-29e3e5e2,published
642fad09-979d-4218-acfd-63532c737063,website-business,finance,/sites/system-admin-642fad09,completed,approved,c7b118a9-e695-4226-9ff5-f1c6094910df,10,0,system-admin-642fad09,published
780a139d-5376-456b-8f11-3077005d678c,website-business,finance,/sites/system-admin-780a139d,completed,approved,d1ba234c-6d94-4e8a-86d3-5ee1411fa5fd,10,0,system-admin-780a139d,published
9078a58f-18ba-44fb-a206-56f098bf8b62,website-business,finance,/sites/system-admin-9078a58f,completed,approved,66ad13c8-ee3c-44a7-8efd-374ec7d5a7d9,10,0,system-admin-9078a58f,published
97911905-a19e-44ba-89f0-b7f659b14f13,website-business,finance,/sites/system-admin-97911905,completed,approved,a6ffbbbe-c013-413b-926b-250f2c758fe5,10,0,system-admin-97911905,published
9860c83b-3d49-40bf-9164-d206e6025040,website-business,finance,/sites/system-admin-9860c83b,completed,approved,21647fe8-3b97-463a-b00f-a5c9f2374565,10,0,system-admin-9860c83b,published
b0a7f727-b0e6-4355-a556-7f966a6d4564,website-business,finance,/sites/system-admin-b0a7f727,completed,approved,82f0e079-71ba-4ce5-b49e-646b6efc5381,10,0,system-admin-b0a7f727,published
e918dc40-b4b2-4d67-abfc-315016025942,website-business,finance,/sites/system-admin-e918dc40,completed,approved,815b7406-4ac6-4056-8e93-8b17175b1b5d,10,0,system-admin-e918dc40,published
ebb30ca9-e14a-4e0c-95e5-a37ede03a20d,website-business,finance,/sites/system-admin-ebb30ca9,completed,approved,396958e1-5a44-4f71-b2ba-faf3fb88c643,10,0,system-admin-ebb30ca9,published
03bdca98-69b2-45b6-99ae-7e926a8b7a3a,website-business,finance_accounting,/sites/system-admin-03bdca98,completed,approved,cbc85347-45ac-4dc3-8950-e7dc648c7d69,10,0,system-admin-03bdca98,published
1396aa47-22d4-436d-8ce4-3b1112085f84,website-business,finance_accounting,/sites/system-admin-1396aa47,completed,approved,91bacefc-ebc8-4f7e-a84a-676a84bdd943,10,0,system-admin-1396aa47,published
85d46f3f-cf26-4ff0-b550-bd3db88efab0,website-business,finance_accounting,/sites/system-admin-85d46f3f,completed,approved,3ce308bf-53d9-4544-964e-e00e6bd9a2bc,10,0,system-admin-85d46f3f,published
a2fdb2ec-efb9-442d-b056-0d97bf08c6a4,website-business,finance_accounting,/sites/system-admin-a2fdb2ec,completed,approved,a9a9696e-96c7-48dd-99d7-e147a569bdbc,10,0,system-admin-a2fdb2ec,published
bc662b93-2023-411c-9c35-a35e2472a39d,website-business,finance_accounting,/sites/system-admin-bc662b93,completed,approved,428ab65b-1f4c-4c6b-bf79-a309a26a06bf,10,0,system-admin-bc662b93,published
e036999f-e2c3-4916-8567-a8dee5dcb0d0,website-business,finance_accounting,/sites/system-admin-e036999f,completed,approved,75010323-81e3-49db-9210-7394cd0ee488,10,0,system-admin-e036999f,published
ef7317d1-707f-4e0a-a35e-40f5fca44439,website-business,finance_accounting,/sites/system-admin-ef7317d1,completed,approved,33734048-9753-4cda-b817-3a87dbd2367f,10,0,system-admin-ef7317d1,published
f8eba565-486b-461f-8797-802550a4c2f9,website-business,finance_accounting,/sites/system-admin-f8eba565,completed,approved,f305d587-0244-4473-ae00-050c5803d625,10,0,system-admin-f8eba565,published
0ac113ea-2724-4ccc-97f8-938f961b23f8,website-business,fitness,/sites/system-admin-0ac113ea,completed,approved,d7698980-4214-4879-be02-87319e0b9ed9,10,0,system-admin-0ac113ea,published
204f4560-b1e4-4af4-9dc1-31cf69fc2c5a,website-business,fitness,/sites/system-admin-204f4560,completed,approved,8e29e97e-9c59-48bb-9d9f-9773543f3ed7,10,0,system-admin-204f4560,published
52ff9f87-55c1-42c9-9b98-a42c749f0477,website-business,fitness,/sites/system-admin-52ff9f87,completed,approved,8fac3884-3668-45b0-a3c7-43ad4c7aed47,10,0,system-admin-52ff9f87,published
80a85e68-7318-413b-9eb0-4d16c9f304e5,website-business,fitness,/sites/system-admin-80a85e68,completed,approved,12d5824b-685e-4138-9d1c-a910ba070e55,10,0,system-admin-80a85e68,published
9911fabf-b36a-43c1-8fa8-9af9cdad3aed,website-business,fitness,/sites/system-admin-9911fabf,completed,approved,8808ff58-29bb-4d86-822f-eb4a209f95a9,10,0,system-admin-9911fabf,published
b14a6699-2931-450c-a80d-07b918960677,website-business,fitness,/sites/system-admin-b14a6699,completed,approved,8a79fee1-702a-40fe-bde4-d1402492c25e,10,0,system-admin-b14a6699,published
b778c1d8-86fd-477e-af7f-41f9d481af86,website-business,fitness,/sites/system-admin-b778c1d8,completed,approved,4833e483-01e2-4418-a91e-6b410cff0119,10,0,system-admin-b778c1d8,published
bd12dcd5-6aa5-4ac7-914d-00080d598bca,website-business,fitness,/sites/system-admin-bd12dcd5,completed,approved,6f8eb828-eaf2-4e71-91b1-818ee78817a7,10,0,system-admin-bd12dcd5,published
c2d1f7a4-6aaa-4e52-9234-61bed9949a32,website-business,fitness,/sites/system-admin-c2d1f7a4,completed,approved,1c19a5a3-fefc-4381-9607-69cda98dc66b,10,0,system-admin-c2d1f7a4,published
ce2ff73d-497a-483b-be5d-ce4b3b9da481,website-business,fitness,/sites/system-admin-ce2ff73d,completed,approved,22911af7-7cc6-4f00-8473-90bb0ae53022,10,0,system-admin-ce2ff73d,published
fe23d885-dd85-4567-ae5f-772e12156563,website-business,fitness,/sites/system-admin-fe23d885,completed,approved,2d584143-6904-465e-b0c6-3a02fe327923,10,0,system-admin-fe23d885,published
013d6fef-15ad-4eea-9bea-9084b8176aee,website-business,government,/sites/system-admin-013d6fef,completed,approved,c229ad34-1bd2-4d89-b8e6-a1aea9d1bf47,10,0,system-admin-013d6fef,published
0d3a77be-dcd4-4bd3-a91e-3f56935d073e,website-business,government,/sites/system-admin-0d3a77be,completed,approved,c9b6dc94-016d-4d41-b335-4bb92e10271d,10,0,system-admin-0d3a77be,published
3b80257b-18e7-4e59-9793-2685c99e0d14,website-business,government,/sites/system-admin-3b80257b,completed,approved,e07b0f80-386b-48fb-85b3-b263c7ee3115,10,0,system-admin-3b80257b,published
59996c8a-c8c6-49ec-8e71-5d5b1fb4cf55,website-business,government,/sites/system-admin-59996c8a,completed,approved,9cc5feff-b7c5-4a3e-ba7e-de69f9e1d675,10,0,system-admin-59996c8a,published
65334699-fb1e-42db-bcdf-e67676b15bd9,website-business,government,/sites/system-admin-65334699,completed,approved,243ed3b2-5723-43ec-a3f3-156103d3d484,10,0,system-admin-65334699,published
6785e364-58fc-4bcc-8482-ad68c5427227,website-business,government,/sites/system-admin-6785e364,completed,approved,78105bba-f6f2-4315-ad05-1f978a3a9599,10,0,system-admin-6785e364,published
9913a564-ce74-48ba-8a21-535e04607eff,website-business,government,/sites/system-admin-9913a564,completed,approved,4d3819f0-8f85-4efa-a3f9-fb1771ca48fa,10,0,system-admin-9913a564,published
bf920ca8-def0-4c71-9bbc-852d654d9477,website-business,government,/sites/system-admin-bf920ca8,completed,approved,c27b9d93-aeae-4345-8601-c7932331d8f4,10,0,system-admin-bf920ca8,published
c4eeaf23-544c-4451-95c7-d702ae47d58a,website-business,government,/sites/system-admin-c4eeaf23,completed,approved,5a012a15-2c98-45de-b753-97148fc0ff36,10,0,system-admin-c4eeaf23,published
2f48f92f-6d67-4e8e-8678-ce2b22e0ad15,website-business,healthcare,/sites/system-admin-2f48f92f,completed,approved,6ee05951-b011-4d58-a188-f65314c6a413,10,0,system-admin-2f48f92f,published
38c4e78d-9434-491b-b620-00d091c2f5e2,website-business,healthcare,/sites/system-admin-38c4e78d,completed,approved,c266ba74-c5de-4f9e-a1d0-c39efa963ccc,10,0,system-admin-38c4e78d,published
54079a69-8c1b-405e-bf8d-5447a435d22d,website-business,healthcare,/sites/system-admin-54079a69,completed,approved,4f67fe1f-d27b-46e4-a19e-ae6c70dfdefb,10,0,system-admin-54079a69,published
6eb81c1c-6833-425e-9771-194cd334ffac,website-business,healthcare,/sites/system-admin-6eb81c1c,completed,approved,e2990128-4a00-412f-8a0f-a4e1a67f9531,10,0,system-admin-6eb81c1c,published
721b8a4e-cad3-4bbc-b19f-37fdbe5fc69e,website-business,healthcare,/sites/system-admin-721b8a4e,completed,approved,7c2866a1-d58d-46f3-908b-95a54cab2295,10,0,system-admin-721b8a4e,published
80294146-25fa-440f-903f-9b034154093b,website-business,healthcare,/sites/system-admin-80294146,completed,approved,f83f5d6c-7d22-4f19-9455-7eecfc88f65c,10,0,system-admin-80294146,published
96e79aa1-caa3-4f01-a5bd-79d31b9f09da,website-business,healthcare,/sites/system-admin-96e79aa1,completed,approved,750037c6-81fd-4ff5-b454-3d63946bebc7,10,0,system-admin-96e79aa1,published
9d2ac5af-05bc-4996-9d6f-851fb30e8419,website-business,healthcare,/sites/system-admin-9d2ac5af,completed,approved,b253a29a-0c35-47b4-b819-d0c4aca2ce03,10,0,system-admin-9d2ac5af,published
a1d2c1ec-96c5-46ef-bf07-8a565d1e3231,website-business,healthcare,/sites/system-admin-a1d2c1ec,completed,approved,75307489-0169-48b5-9ec9-7aede79937e5,10,0,system-admin-a1d2c1ec,published
a4bb9d87-d531-4fdd-8359-21aa26ca9fa8,website-business,healthcare,/sites/system-admin-a4bb9d87,completed,approved,b6a26513-22ed-45f6-8653-6ffbde5c208a,10,0,system-admin-a4bb9d87,published
a62f6d83-1fba-4190-a88c-8e322a26ad1f,website-business,healthcare,/sites/system-admin-a62f6d83,completed,approved,8047c2c6-b4db-4136-9ba5-5637a8bceed6,10,0,system-admin-a62f6d83,published
b82c6127-b201-4116-a7da-6c350fc357b7,website-business,healthcare,/sites/system-admin-b82c6127,completed,approved,aadfd3d4-d768-4496-bde3-8b567d4e3491,10,0,system-admin-b82c6127,published
bfd5900f-6115-4705-beea-fc9a64632200,website-business,healthcare,/sites/system-admin-bfd5900f,completed,approved,007443b3-5989-4fb6-a907-4fb02cf9fb15,10,0,system-admin-bfd5900f,published
f4f9f64b-1bcf-4fb1-abef-dc0eb3c5d129,website-business,healthcare,/sites/system-admin-f4f9f64b,completed,approved,cdcae0fd-f3ab-4ed5-9b42-b5aa34a0cab2,10,0,system-admin-f4f9f64b,published
169e81c2-0c8a-4233-ace3-6d8ae737c73d,website-business,home_services,/sites/system-admin-169e81c2,completed,approved,2c179c46-2444-4f9c-8847-71ad7b80c1f3,10,0,system-admin-169e81c2,published
2f84c92c-94d3-4d4f-8ff0-08d7dcd109f4,website-business,home_services,/sites/system-admin-2f84c92c,completed,approved,10e05bbe-fd5b-4692-9833-80d5f9193458,10,0,system-admin-2f84c92c,published
6bdf5dd7-cb3f-4516-bb56-b5eb97a30f30,website-business,home_services,/sites/system-admin-6bdf5dd7,completed,approved,bbc62c58-7b66-42fc-8b2a-da7273f4ad48,10,0,system-admin-6bdf5dd7,published
71552372-9a4a-40a2-ae73-62addc9441c4,website-business,home_services,/sites/system-admin-71552372,completed,approved,480e5fc2-6f62-4649-b6c5-74b728f6c726,10,0,system-admin-71552372,published
b8f87586-eddf-4db5-8b73-148af65f107c,website-business,home_services,/sites/system-admin-b8f87586,completed,approved,089b7115-4b3d-4990-99d6-bad82032bc65,10,0,system-admin-b8f87586,published
cf3d311a-d28a-499a-87b0-30b9ec30fc65,website-business,home_services,/sites/system-admin-cf3d311a,completed,approved,9b7b2671-c2f2-4b1d-ad8e-ffe1154575c7,10,0,system-admin-cf3d311a,published
d1afe391-be1a-4adc-ab0c-7574a6128aaf,website-business,home_services,/sites/system-admin-d1afe391,completed,approved,6f34aef7-7630-4303-9ce1-a858c36650d0,10,0,system-admin-d1afe391,published
e390648d-f502-4287-8957-fcdcdd1fc384,website-business,home_services,/sites/system-admin-e390648d,completed,approved,16932273-6802-4f25-aeca-0e1b57873305,10,0,system-admin-e390648d,published
043b3447-5471-46ce-91f9-648376880450,website-business,hospitality,/sites/system-admin-043b3447,completed,approved,c1417876-d81b-4c3a-a8f1-a1e1360387ce,10,0,system-admin-043b3447,published
36fb34d6-7e58-4d67-b601-cfcd78707621,website-business,hospitality,/sites/system-admin-36fb34d6,completed,approved,f08cc086-eb6b-4e13-85b9-1f8740469218,10,0,system-admin-36fb34d6,published
42e30dd2-58b7-4a2a-9068-02639b911b0c,website-business,hospitality,/sites/system-admin-42e30dd2,completed,approved,25ded254-21a0-4856-b2ef-5da4ced59a46,10,0,system-admin-42e30dd2,published
6250dc6b-a3bc-49fd-bf6e-b8f5839160a7,website-business,hospitality,/sites/system-admin-6250dc6b,completed,approved,92c52c24-f007-4a2f-9100-b0800ba8a2cd,10,0,system-admin-6250dc6b,published
8109449f-4306-48c3-8309-fb573a728560,website-business,hospitality,/sites/system-admin-8109449f,completed,approved,66483302-78f8-46d1-91ab-9f3c0b8f345c,10,0,system-admin-8109449f,published
8a0f1c39-c813-4a9f-a86a-23fab3544cac,website-business,hospitality,/sites/system-admin-8a0f1c39,completed,approved,6f0de69a-0638-447e-aa6d-6e1bd807d2a0,10,0,system-admin-8a0f1c39,published
be6358b0-f93c-46b0-96c8-f848624e7484,website-business,hospitality,/sites/system-admin-be6358b0,completed,approved,7db057b9-1313-420b-ad49-f51f1ca11f23,10,0,system-admin-be6358b0,published
bfdf47a2-14b2-49c7-8a6d-688fdf1aa2f3,website-business,hospitality,/sites/system-admin-bfdf47a2,completed,approved,442f8959-ce70-4db3-a6c4-e6fc6fb12005,10,0,system-admin-bfdf47a2,published
dfa22fbf-f00e-4bc9-8cfb-29d62adaf041,website-business,hospitality,/sites/system-admin-dfa22fbf,completed,approved,4b7d6580-8d85-479f-aa7f-6dac75a15147,10,0,system-admin-dfa22fbf,published
e515b790-447a-4f4e-9c0b-bc172cc27b5f,website-business,hospitality,/sites/system-admin-e515b790,completed,approved,6d02059c-678f-4e31-a789-3c44b30be61a,10,0,system-admin-e515b790,published
ecf35eb7-8b8d-4d4b-b7b3-c0123cd0f315,website-business,hospitality,/sites/system-admin-ecf35eb7,completed,approved,a7dfa93a-c96a-40c6-975d-4b1ba4914384,10,0,system-admin-ecf35eb7,published
ed60dddc-9f9d-4310-b4d5-b07537cee16b,website-business,hospitality,/sites/system-admin-ed60dddc,completed,approved,55726c60-d0f3-4ebe-9d39-732c62eeb959,10,0,system-admin-ed60dddc,published
02b597e8-d8c1-4a12-ae53-650fecaaad17,website-business,hr_recruiting,/sites/system-admin-02b597e8,completed,approved,7f36e764-5fda-4715-8af3-3748ddd75106,10,0,system-admin-02b597e8,published
29bcac76-5dcc-4362-996c-a5abcb909cd3,website-business,hr_recruiting,/sites/system-admin-29bcac76,completed,approved,e60a94fd-a4ca-4bda-997e-b518d5bf7f52,10,0,system-admin-29bcac76,published
2f6a6423-bba2-4474-af25-2e855c91eb57,website-business,hr_recruiting,/sites/system-admin-2f6a6423,completed,approved,d805c022-a86e-4976-ad28-1c24cae7c042,10,0,system-admin-2f6a6423,published
555a4eb8-afc2-4686-a0b6-2b8ec6bd4c97,website-business,hr_recruiting,/sites/system-admin-555a4eb8,completed,approved,851aaed4-4785-4400-a088-61569594339a,10,0,system-admin-555a4eb8,published
561a1aa8-a6b7-4064-8e97-9458dfbbcf89,website-business,hr_recruiting,/sites/system-admin-561a1aa8,completed,approved,8cf113cb-020e-4b99-9b17-d66181a4f12d,10,0,system-admin-561a1aa8,published
7bcf72db-3062-444b-bcad-3c464d88defb,website-business,hr_recruiting,/sites/system-admin-7bcf72db,completed,approved,49d893b8-5f1c-4d62-abe9-987244d5c90d,10,0,system-admin-7bcf72db,published
8fde0e6a-40d0-469e-9393-881ed68e4409,website-business,hr_recruiting,/sites/system-admin-8fde0e6a,completed,approved,654d4898-46e5-486f-b0a1-d299c73182e6,10,0,system-admin-8fde0e6a,published
df0e5a7f-a529-454a-a05c-1128edb83b2a,website-business,hr_recruiting,/sites/system-admin-df0e5a7f,completed,approved,684c7c6c-f6b4-4908-9e28-c2d1797910c4,10,0,system-admin-df0e5a7f,published
ef94f75f-fe8c-4188-830a-71e23b08f7df,website-business,hr_recruiting,/sites/system-admin-ef94f75f,completed,approved,022bf12d-483a-499a-b924-c5bb2e53a6b2,10,0,system-admin-ef94f75f,published
0735dca5-74db-45b6-bf83-04be559ba5c9,website-business,industrial,/sites/system-admin-0735dca5,completed,approved,a113f2a6-8094-4064-9aee-4a8dce881193,10,0,system-admin-0735dca5,published
56122739-6cce-4baf-9811-a8878a54d7e2,website-business,industrial,/sites/system-admin-56122739,completed,approved,c4396d24-040c-4189-b735-d3df7e33bfc9,10,0,system-admin-56122739,published
6c0b5966-c07f-4160-89a4-2bce90f258ab,website-business,industrial,/sites/system-admin-6c0b5966,completed,approved,ad09ee10-1823-4e26-8c3e-657c9d0c12fe,10,0,system-admin-6c0b5966,published
96fc32ad-32d0-476f-8ba1-a1d125121efe,website-business,industrial,/sites/system-admin-96fc32ad,completed,approved,6d28bb62-da6d-482e-ba6b-507bc74573a5,10,0,system-admin-96fc32ad,published
b406c550-466b-409a-b1a2-73fa76405ab0,website-business,industrial,/sites/system-admin-b406c550,completed,approved,8b85dbe7-2e43-4b3f-a593-51d42302b787,10,0,system-admin-b406c550,published
d4347825-5665-4dc5-a46f-47a47fea3c0a,website-business,industrial,/sites/system-admin-d4347825,completed,approved,67a0c99c-af19-40c4-bde9-0fe1015c2432,10,0,system-admin-d4347825,published
dde7cc98-9ace-41d5-af2f-e35ed295025d,website-business,industrial,/sites/system-admin-dde7cc98,completed,approved,8eb328b2-9a50-4402-a732-6573cdc3c5bb,10,0,system-admin-dde7cc98,published
fb19caed-bd4e-4115-8ae6-9085bb75624d,website-business,industrial,/sites/system-admin-fb19caed,completed,approved,c7c69d5d-29e2-40e8-b80c-900e8b81d469,10,0,system-admin-fb19caed,published
28731d1b-15b0-420b-961d-8d80a9364e4a,website-business,legal,/sites/system-admin-28731d1b,completed,approved,a415b99c-4373-441f-8a79-bfd3566dac20,10,0,system-admin-28731d1b,published
3c5f5340-1030-4ca9-a251-c11e7767449f,website-business,legal,/sites/system-admin-3c5f5340,completed,approved,14c66322-c57e-451c-a87e-772f530d5a95,10,0,system-admin-3c5f5340,published
46391c84-0601-4b4e-b854-aa0405546081,website-business,legal,/sites/system-admin-46391c84,completed,approved,626c75ea-2232-41ee-99a4-6fe9ee550633,10,0,system-admin-46391c84,published
4f3da3ce-554d-42c5-a519-b43211cfe385,website-business,legal,/sites/system-admin-4f3da3ce,completed,approved,18b6c5a5-d63f-4d86-83a5-d2fd75c5853a,10,0,system-admin-4f3da3ce,published
6a108820-0ee7-4686-9104-4a31059b0506,website-business,legal,/sites/system-admin-6a108820,completed,approved,62877fd8-5d21-42e1-9396-3cd9f2b4b940,10,0,system-admin-6a108820,published
7ed50898-fe9f-44b7-a652-3f36906802d1,website-business,legal,/sites/system-admin-7ed50898,completed,approved,9ad30c57-4cbe-46a7-bf93-39d93742f74f,10,0,system-admin-7ed50898,published
81eb4a3a-5dc2-48fa-a0c1-f0d15da11c07,website-business,legal,/sites/system-admin-81eb4a3a,completed,approved,e7a9df5b-32ef-43f4-ae05-85194e7f94dd,10,0,system-admin-81eb4a3a,published
85e1f3ad-811c-46e4-bc5f-93c8944a7373,website-business,legal,/sites/system-admin-85e1f3ad,completed,approved,561c7e4d-a62e-489a-96c0-d4d1ea187230,10,0,system-admin-85e1f3ad,published
9590e4d1-c242-4e10-b82e-674ad2a2996b,website-business,legal,/sites/system-admin-9590e4d1,completed,approved,f259b3f4-2fec-4a5a-8f79-4d9bf14bc8d0,10,0,system-admin-9590e4d1,published
ae9de8a4-9b1c-4658-b824-3ecabd05e50e,website-business,legal,/sites/system-admin-ae9de8a4,completed,approved,c10860e4-4f89-4197-8f07-ff7d3d205010,10,0,system-admin-ae9de8a4,published
b52f6467-ed17-4a67-8c63-370e999d3a94,website-business,legal,/sites/system-admin-b52f6467,completed,approved,d8ce703b-e9df-48fd-9ea7-d140d66429e8,10,0,system-admin-b52f6467,published
dc98d541-50ee-4a13-8c6a-ad3a3d036498,website-business,legal,/sites/system-admin-dc98d541,completed,approved,379b3a98-df0c-4906-a704-438f2a776d36,10,0,system-admin-dc98d541,published
e1580316-da30-4e0f-a1c2-44504d1f4f71,website-business,legal,/sites/system-admin-e1580316,completed,approved,23246fa1-548b-497b-b041-3c83562a2ca9,10,0,system-admin-e1580316,published
26c584cd-f7e5-46a7-bd37-7ec077cb47d5,website-business,legal_services,/sites/system-admin-26c584cd,completed,approved,27bad3db-cf33-45ae-b1d5-9f9d2ed4542f,10,0,system-admin-26c584cd,published
7421981f-c39b-4cc3-99d5-5ce7ebc23228,website-business,legal_services,/sites/system-admin-7421981f,completed,approved,5e81c47d-406e-4e2c-a277-970c682bacae,10,0,system-admin-7421981f,published
8845478a-a3b3-4af1-b4fa-526a27c10a05,website-business,legal_services,/sites/system-admin-8845478a,completed,approved,a87dda38-59cc-4c9d-b3d2-cdf3df290421,10,0,system-admin-8845478a,published
8cd56d58-37c0-42d5-b45a-96b06909e3ec,website-business,legal_services,/sites/system-admin-8cd56d58,completed,approved,89fc24ab-4096-43fd-9b9a-08c2347c7d85,10,0,system-admin-8cd56d58,published
a10df62d-c8f6-46fb-94c8-288e1bbdc81e,website-business,legal_services,/sites/system-admin-a10df62d,completed,approved,b548a336-eaea-4458-a9f0-f1f79311d97b,10,0,system-admin-a10df62d,published
dda55abc-068c-44d2-b2b0-6d499b487b40,website-business,legal_services,/sites/system-admin-dda55abc,completed,approved,c6a34d88-6061-4a0d-94a7-ec137d5ed661,10,0,system-admin-dda55abc,published
e673741f-6f0f-4323-8acc-fdec02aae0a0,website-business,legal_services,/sites/system-admin-e673741f,completed,approved,a9ee264e-d462-436f-bdd2-dd11a1936187,10,0,system-admin-e673741f,published
f21c85ff-4c55-44a2-8c38-43f62ddbe598,website-business,legal_services,/sites/system-admin-f21c85ff,completed,approved,eae9038a-e0ad-43d2-b39d-46c53ba1a28b,10,0,system-admin-f21c85ff,published
fa78a46c-82e7-400d-b530-4ac6784453c0,website-business,legal_services,/sites/system-admin-fa78a46c,completed,approved,f5dda198-a4f9-491c-b14c-129a831e92cf,10,0,system-admin-fa78a46c,published
027e4fd7-aa4f-4500-a538-25fbe864face,website-business,localization,/sites/system-admin-027e4fd7,completed,approved,fc3b067a-d41c-4484-8ff2-e2c996e609a5,10,0,system-admin-027e4fd7,published
1e0a38bf-ee2b-445d-acda-67942207ec28,website-business,localization,/sites/system-admin-1e0a38bf,completed,approved,edd75e0a-bd45-47f1-8834-e0b66ae8dd84,10,0,system-admin-1e0a38bf,published
20cba856-3487-45dc-beb3-2a4361647c95,website-business,localization,/sites/system-admin-20cba856,completed,approved,6e80195e-616b-476a-a6bd-df94ba49acf2,10,0,system-admin-20cba856,published
2453b3be-5c89-4e20-a8ab-2603682b8af3,website-business,localization,/sites/system-admin-2453b3be,completed,approved,1f4daa10-7a52-48ca-b5f4-75a03180854e,10,0,system-admin-2453b3be,published
2796f495-7efe-4fe1-baac-c5e268df3ba8,website-business,localization,/sites/system-admin-2796f495,completed,approved,fb604f4c-c9c8-461a-910d-46f5db732096,10,0,system-admin-2796f495,published
6110ab7d-59be-4971-ba29-c3199f05763a,website-business,localization,/sites/system-admin-6110ab7d,completed,approved,4a3fea73-4382-4995-8e6c-bf615f7f55c8,10,0,system-admin-6110ab7d,published
8eb47614-af6e-414c-bc2c-2b65f4085a98,website-business,localization,/sites/system-admin-8eb47614,completed,approved,0b9930dd-ae03-49b4-a5ec-27cd2d82fb01,10,0,system-admin-8eb47614,published
8f1b1b5c-decf-4e6c-acf2-d935271c7f05,website-business,localization,/sites/system-admin-8f1b1b5c,completed,approved,03f31799-825f-4a99-80ac-ea20df932379,10,0,system-admin-8f1b1b5c,published
cad844ef-f7b1-4fb5-95b0-1c194c86e17d,website-business,localization,/sites/system-admin-cad844ef,completed,approved,f30dc17a-bd11-4a6d-837e-a8570f550e06,10,0,system-admin-cad844ef,published
fa56e2f9-60b9-4c70-819d-5ffdb2944b96,website-business,localization,/sites/system-admin-fa56e2f9,completed,approved,8d3b21cb-5000-40e8-8c97-099bd4500b81,10,0,system-admin-fa56e2f9,published
fdf816f7-c704-4dd1-a04d-6bd655216317,website-business,localization,/sites/system-admin-fdf816f7,completed,approved,5d55b352-bd04-4b11-aeff-a491c0bf4150,10,0,system-admin-fdf816f7,published
228db374-f2c7-4ea3-889e-e3231804adf7,website-business,logistics,/sites/system-admin-228db374,completed,approved,6eb4130d-95c6-4c1d-a697-0b2b3eea8886,10,0,system-admin-228db374,published
29a7ee35-9e06-43d3-a7fd-d0960a08ff73,website-business,logistics,/sites/system-admin-29a7ee35,completed,approved,3eaad0a3-f712-4768-8484-2bbb4c5f1831,10,0,system-admin-29a7ee35,published
2a7c093f-333c-4ce1-8e56-bff7f8a9a67a,website-business,logistics,/sites/system-admin-2a7c093f,completed,approved,d8beb33d-31b4-44d6-aa67-9b6eabb40643,10,0,system-admin-2a7c093f,published
2c7d7adb-4b23-40c8-b981-ad18f0e5579c,website-business,logistics,/sites/system-admin-2c7d7adb,completed,approved,b2b89630-a008-431b-9f26-378692375a14,10,0,system-admin-2c7d7adb,published
3f9e73c8-1d31-4c44-a3a0-527205173488,website-business,logistics,/sites/system-admin-3f9e73c8,completed,approved,b58f94e8-48f8-4f02-9f44-839092fec914,10,0,system-admin-3f9e73c8,published
66a2b76e-677d-4940-8c27-343066968242,website-business,logistics,/sites/system-admin-66a2b76e,completed,approved,5b888176-20b3-4924-8c93-8988eeb009c6,10,0,system-admin-66a2b76e,published
928ada49-c759-4225-ad69-61fbe043151e,website-business,logistics,/sites/system-admin-928ada49,completed,approved,3ed71832-f130-416a-bd42-4f0d6ef0ac27,10,0,system-admin-928ada49,published
9f898573-2459-4524-adde-a93f3aa16a79,website-business,logistics,/sites/system-admin-9f898573,completed,approved,62fd2601-396c-4749-9bc7-02e5311119d2,10,0,system-admin-9f898573,published
b95fcc7a-a92a-411d-b969-35e131732188,website-business,logistics,/sites/system-admin-b95fcc7a,completed,approved,502bb47b-1825-442b-a460-87ce0ae0575b,10,0,system-admin-b95fcc7a,published
bdd528e6-4f14-4b53-bc53-446898adbd4f,website-business,logistics,/sites/system-admin-bdd528e6,completed,approved,a8eed967-8359-4646-968e-632355f06d83,10,0,system-admin-bdd528e6,published
c201d9f9-bd78-4660-8767-78ebb340f004,website-business,logistics,/sites/system-admin-c201d9f9,completed,approved,e9d976e0-7213-4eb7-91c7-06c9788a442e,10,0,system-admin-c201d9f9,published
fadfab59-2af3-4db5-9e6e-6413b6376ed6,website-business,logistics,/sites/system-admin-fadfab59,completed,approved,a8e20dd6-e35b-48af-a51d-815e7c6e5e54,10,0,system-admin-fadfab59,published
0af21ac4-c72d-4590-8ed2-68b37b07ab36,website-business,manufacturing,/sites/system-admin-0af21ac4,completed,approved,dbe23b00-8944-403a-856b-ddd9cc6ca65d,10,0,system-admin-0af21ac4,published
1a117123-8066-4aea-95ab-98e963e965d0,website-business,manufacturing,/sites/system-admin-1a117123,completed,approved,889ed71b-da0d-4571-a45a-2ccf7648d80a,10,0,system-admin-1a117123,published
1cd33303-fc3e-4126-841d-610b8d8640e3,website-business,manufacturing,/sites/system-admin-1cd33303,completed,approved,2f21dfa0-061f-4ca7-ae61-d581a4cb069b,10,0,system-admin-1cd33303,published
1e7a9112-31c9-40e1-b18e-a22a04fcc8d5,website-business,manufacturing,/sites/system-admin-1e7a9112,completed,approved,66dab8f4-0384-4291-8b33-6759b8da2c72,10,0,system-admin-1e7a9112,published
54824a64-96e4-47bc-9361-86f986537b0d,website-business,manufacturing,/sites/system-admin-54824a64,completed,approved,e0bf6fdb-9afb-43f5-8ba2-fad370624c91,10,0,system-admin-54824a64,published
5a514717-9908-4ab0-99a4-e701c890f6f1,website-business,manufacturing,/sites/system-admin-5a514717,completed,approved,823dd268-4bee-4adb-8e24-e004d20e4d8e,10,0,system-admin-5a514717,published
80cbc6c8-96a7-4e6c-9858-822359b75f4c,website-business,manufacturing,/sites/system-admin-80cbc6c8,completed,approved,25383249-bd6f-43f7-9ed7-3f492e7c806c,10,0,system-admin-80cbc6c8,published
977f3dd0-f9e3-45d1-b17c-e7f3fcf219e3,website-business,manufacturing,/sites/system-admin-977f3dd0,completed,approved,fb7661ea-15f5-40fd-afbd-07c9647b35e7,10,0,system-admin-977f3dd0,published
a34faadd-bd36-4b9c-81bf-191bffe8f519,website-business,manufacturing,/sites/system-admin-a34faadd,completed,approved,f0ac8c50-056d-4e0e-9a92-e143fc8f7f16,10,0,system-admin-a34faadd,published
d0e367d7-51ab-40ad-ae4d-42065f6287ed,website-business,manufacturing,/sites/system-admin-d0e367d7,completed,approved,a58c3122-bdbc-48b0-87eb-3b94e3fc1a61,10,0,system-admin-d0e367d7,published
24469e56-5618-453a-ad73-cd5720cc5e6b,website-business,marketing,/sites/system-admin-24469e56,completed,approved,528afc1a-42e1-43a6-8234-b197309ebecf,10,0,system-admin-24469e56,published
5de63b27-fa75-4f62-a533-9fe6bc8a61dd,website-business,marketing,/sites/system-admin-5de63b27,completed,approved,dcd98ad7-2e83-4a2f-a39b-c552918940cf,10,0,system-admin-5de63b27,published
6fb35cfb-8bbf-4cf3-83f2-9b11f715143d,website-business,marketing,/sites/system-admin-6fb35cfb,completed,approved,2399d4ca-da8c-4dbd-8b5c-c110607a8a67,10,0,system-admin-6fb35cfb,published
73a0709c-784d-4481-885d-5bf067c3dd3a,website-business,marketing,/sites/system-admin-73a0709c,completed,approved,f7c3344a-03b4-421b-88f6-3d6d595061aa,10,0,system-admin-73a0709c,published
78798a27-4172-491d-94a1-9f3a2f08aaaa,website-business,marketing,/sites/system-admin-78798a27,completed,approved,6aae8e86-a38c-46e4-8079-0662ae2fe296,10,0,system-admin-78798a27,published
855f82c0-2449-4580-8aed-9b6d4fe17f6f,website-business,marketing,/sites/system-admin-855f82c0,completed,approved,ad0ef16a-69b6-4dc1-b10f-e3a7cede0c44,10,0,system-admin-855f82c0,published
8f08237c-2df7-4deb-86b1-3f3f3ac25183,website-business,marketing,/sites/system-admin-8f08237c,completed,approved,1b6755ae-c6ce-48ea-bcef-13b852305835,10,0,system-admin-8f08237c,published
99cd419a-705c-40c5-91f1-1d6a7a034550,website-business,marketing,/sites/system-admin-99cd419a,completed,approved,ca032250-bb35-4546-8f5d-6f40911599b5,10,0,system-admin-99cd419a,published
acf1daa5-cc17-45c6-9a3a-658ad897d281,website-business,marketing,/sites/system-admin-acf1daa5,completed,approved,79571447-c1b1-4fd9-8ece-288f4b67b8f9,10,0,system-admin-acf1daa5,published
c912ba0b-ae1d-46c5-b43e-4a5858d3a777,website-business,marketing,/sites/system-admin-c912ba0b,completed,approved,f61c7009-22e1-4e66-8126-4c2a77a5e0f5,10,0,system-admin-c912ba0b,published
cd6fa16d-63d8-43f0-bcfc-a929367296a7,website-business,marketing,/sites/system-admin-cd6fa16d,completed,approved,9b9e22ee-0bef-4922-bc33-f39d6b4638f4,10,0,system-admin-cd6fa16d,published
d29e27d0-8482-4b2b-a47c-75af146307a8,website-business,marketing,/sites/system-admin-d29e27d0,completed,approved,199704e1-6104-4fdc-aa63-973709db72ae,10,0,system-admin-d29e27d0,published
edc952e3-1b7e-4f87-9e17-d027ee1d8354,website-business,marketing,/sites/system-admin-edc952e3,completed,approved,31ae994b-cf3d-47b4-8ad1-30887b821129,10,0,system-admin-edc952e3,published
091d8feb-864f-40d6-b50e-8afc8822753c,website-business,media,/sites/system-admin-091d8feb,completed,approved,e758b342-7dda-4277-8276-2879bd28214d,10,0,system-admin-091d8feb,published
1939bec6-82cd-4011-b9cf-0880451305e3,website-business,media,/sites/system-admin-1939bec6,completed,approved,34e3c8a4-fa04-4760-8be1-f7efde0d3011,10,0,system-admin-1939bec6,published
21e10291-aa74-4268-9d39-4fb562c15c8a,website-business,media,/sites/system-admin-21e10291,completed,approved,793892f6-126f-42e5-b89c-1e7e2ff75cac,10,0,system-admin-21e10291,published
25a5f181-8af2-41c5-9574-99fa7aa61b45,website-business,media,/sites/system-admin-25a5f181,completed,approved,bcfda6a5-0a8f-4b93-bef8-6f395807a747,10,0,system-admin-25a5f181,published
50496ffb-f434-49a8-b0d1-50d823358aa3,website-business,media,/sites/system-admin-50496ffb,completed,approved,a23ba58d-2dbb-41b2-8437-5638cf700379,10,0,system-admin-50496ffb,published
5643b602-91c0-437c-9c94-3b8c25728d93,website-business,media,/sites/system-admin-5643b602,completed,approved,f8580ada-e64a-4f3f-9e7b-d24b9a8bdadc,10,0,system-admin-5643b602,published
601aa464-c589-430d-9b44-f50b31bc9ce2,website-business,media,/sites/system-admin-601aa464,completed,approved,8479c13c-54fd-4282-89e9-2946952da6cb,10,0,system-admin-601aa464,published
878501d4-8330-487c-884f-b8850c7b4ca3,website-business,media,/sites/system-admin-878501d4,completed,approved,260e7b1e-bd2b-4665-962e-534567a86b2c,10,0,system-admin-878501d4,published
a755fa26-3599-4ab6-a08a-c54d2e031ca7,website-business,media,/sites/system-admin-a755fa26,completed,approved,a0978d69-7aaa-4cad-abac-ac2bf42fe35c,10,0,system-admin-a755fa26,published
c316f1b2-bc3d-4d98-8d70-b818358e77d9,website-business,media,/sites/system-admin-c316f1b2,completed,approved,a5e1517a-10f5-411f-b36e-e7fc519b4b74,10,0,system-admin-c316f1b2,published
37f6852c-6dd8-466d-bf84-d098bbeecd4c,website-business,nonprofit,/sites/system-admin-37f6852c,completed,approved,1462d5f8-5246-469e-8b34-a981f71e7408,10,0,system-admin-37f6852c,published
5f278edc-09ea-42a8-a881-29f24d46c3f6,website-business,nonprofit,/sites/system-admin-5f278edc,completed,approved,1b005529-3037-499c-a72a-58d6ef4228cb,10,0,system-admin-5f278edc,published
71772ea5-ace2-4bc2-a255-e830582c8946,website-business,nonprofit,/sites/system-admin-71772ea5,completed,approved,6c2f54b0-3e63-42b9-a32f-bb7f55db2122,10,0,system-admin-71772ea5,published
881f3ae1-5fa9-4289-a492-bb60db8e5fdb,website-business,nonprofit,/sites/system-admin-881f3ae1,completed,approved,31f7c87a-2166-4754-868c-2fb2540e08cb,10,0,system-admin-881f3ae1,published
bae14b92-557d-43ad-96c2-8da93fc9b43d,website-business,nonprofit,/sites/system-admin-bae14b92,completed,approved,1d07a61a-237e-4df5-8bed-b83ccb6b9ba5,10,0,system-admin-bae14b92,published
c7118d16-4abb-4b3e-be3d-14f86878cf25,website-business,nonprofit,/sites/system-admin-c7118d16,completed,approved,63a80fa0-c759-4d08-9983-1fb68565dd98,10,0,system-admin-c7118d16,published
d02fda91-6241-405a-b215-5732e5714f0d,website-business,nonprofit,/sites/system-admin-d02fda91,completed,approved,40aa7513-940c-42b7-b655-b7ff8e5b892c,10,0,system-admin-d02fda91,published
d25ef996-22d0-493c-903d-e52d172088a5,website-business,nonprofit,/sites/system-admin-d25ef996,completed,approved,295760b7-ccba-4d5e-b69c-19cd0670fb12,10,0,system-admin-d25ef996,published
fad11425-4302-4ec5-bd9a-f5f5f7c9e61b,website-business,nonprofit,/sites/system-admin-fad11425,completed,approved,6dd35642-6307-4e8a-8ab9-4a220ac74ff0,10,0,system-admin-fad11425,published
fbe949b4-653e-4b72-b6ba-65321470c052,website-business,nonprofit,/sites/system-admin-fbe949b4,completed,approved,3b6ab13a-73c1-49f9-b1dd-b29a722102cc,10,0,system-admin-fbe949b4,published
14e0d85c-1f91-4f3e-ae13-c1292fb90038,website-business,pets,/sites/system-admin-14e0d85c,completed,approved,44976609-5f77-4df6-a5a0-49adbdd15e56,10,0,system-admin-14e0d85c,published
4d04c2aa-26b9-47ca-ab94-90daa54688c0,website-business,pets,/sites/system-admin-4d04c2aa,completed,approved,1642879a-9aea-4e04-9ded-c8326da54bf5,10,0,system-admin-4d04c2aa,published
56fbfa6a-fb52-4a74-abe4-8da63bc2c7cc,website-business,pets,/sites/system-admin-56fbfa6a,completed,approved,2e3cc38c-4c6f-4acb-9aab-e124e4f4fd51,10,0,system-admin-56fbfa6a,published
7947da36-7727-475f-b9c6-1b6de0c0b695,website-business,pets,/sites/system-admin-7947da36,completed,approved,28b5791e-3482-45ad-8b70-a8e78c59caf4,10,0,system-admin-7947da36,published
87d45db3-5e40-421e-8855-e228141a1ba8,website-business,pets,/sites/system-admin-87d45db3,completed,approved,47aae146-8894-4bdc-af36-04358c031b03,10,0,system-admin-87d45db3,published
96b65a90-8ae6-4053-b818-2652694ad653,website-business,pets,/sites/system-admin-96b65a90,completed,approved,52be68d7-26a0-424d-87b2-875e9a8509b6,10,0,system-admin-96b65a90,published
be328c11-7bfa-4e7a-babb-53ec804e8abe,website-business,pets,/sites/system-admin-be328c11,completed,approved,c0b2f72c-1adc-48c7-8a4d-7b4234df7006,10,0,system-admin-be328c11,published
d2272a93-b25c-4d6b-9d50-0851d36ed048,website-business,pets,/sites/system-admin-d2272a93,completed,approved,8c77f5db-68ae-40a7-a6c5-a0259c8437b8,10,0,system-admin-d2272a93,published
2935d8b8-745b-4851-a99e-8e9460995c5d,website-business,photography,/sites/system-admin-2935d8b8,completed,approved,ec4928aa-202b-4622-b5d8-9a30997172f4,10,0,system-admin-2935d8b8,published
409cce1f-6057-434c-8b95-0e90a2d81dee,website-business,photography,/sites/system-admin-409cce1f,completed,approved,ceb4ec67-827f-4caa-971f-046732182882,10,0,system-admin-409cce1f,published
64fc8565-5d18-4acb-9a06-77b3afe5db29,website-business,photography,/sites/system-admin-64fc8565,completed,approved,7d6bfb1d-87e5-4ddb-8ef3-58202b4173d9,10,0,system-admin-64fc8565,published
9735ab1c-dddc-43de-8956-3fd52b3ad24d,website-business,photography,/sites/system-admin-9735ab1c,completed,approved,c9d6e66c-4856-416a-a14f-7e45c7826ec8,10,0,system-admin-9735ab1c,published
a346f023-a761-4501-8c7f-cb57eb310d8a,website-business,photography,/sites/system-admin-a346f023,completed,approved,ddbc15ef-24fb-4199-b6d0-7972821ed301,10,0,system-admin-a346f023,published
a5b4e2e1-2c32-4f72-b8bb-86e343483a4b,website-business,photography,/sites/system-admin-a5b4e2e1,completed,approved,5a9c2697-8403-402c-a15a-fc277b61aafa,10,0,system-admin-a5b4e2e1,published
ab1c19f4-3864-4c66-9b5c-27cbc5c145e3,website-business,photography,/sites/system-admin-ab1c19f4,completed,approved,fd2e104b-c915-4481-9b20-3bd43d09a3fa,10,0,system-admin-ab1c19f4,published
b7cc093c-e4ef-4c1e-88e2-f396993a9c43,website-business,photography,/sites/system-admin-b7cc093c,completed,approved,5b139874-7b41-4155-9525-cfe87f0f82fc,10,0,system-admin-b7cc093c,published
b7d0e53c-8b7e-4649-8f51-29fdcda17698,website-business,photography,/sites/system-admin-b7d0e53c,completed,approved,c161310f-d500-4264-9d0d-3e6dc14f06ee,10,0,system-admin-b7d0e53c,published
ca532ff9-c9df-453a-8634-ba13068e85c7,website-business,photography,/sites/system-admin-ca532ff9,completed,approved,c9473406-bfb2-4c9f-ae90-8fe584e42ce8,10,0,system-admin-ca532ff9,published
de4d03e1-0607-4779-a05a-0759a6a55397,website-business,photography,/sites/system-admin-de4d03e1,completed,approved,50f24712-1f25-4c4f-9d8b-6aa16aeb71ef,10,0,system-admin-de4d03e1,published
012058f2-e32d-4de8-b205-dafe9385ca14,website-business,product_project_management,/sites/system-admin-012058f2,completed,approved,1fa725cc-3e24-4d8e-866a-9c02ba495120,10,0,system-admin-012058f2,published
0a499c21-07f5-4609-a178-ba767eb84f52,website-business,product_project_management,/sites/system-admin-0a499c21,completed,approved,b5a66c95-796d-449d-a1ed-7f7f16ec7ffd,10,0,system-admin-0a499c21,published
3f010821-6a40-46ad-bc72-d370b9a8df5d,website-business,product_project_management,/sites/system-admin-3f010821,completed,approved,81c4734d-6fee-4134-a347-87676c06f634,10,0,system-admin-3f010821,published
45b6ef93-b802-4b3b-ae68-d798770da49a,website-business,product_project_management,/sites/system-admin-45b6ef93,completed,approved,048f281e-436b-4074-9a7f-54a0fb02c8a0,10,0,system-admin-45b6ef93,published
4ef99fb0-4dba-4e3d-b98c-f7f6cf954088,website-business,product_project_management,/sites/system-admin-4ef99fb0,completed,approved,865b492f-f0c7-4bb2-9e65-14ad38488117,10,0,system-admin-4ef99fb0,published
5802ab4a-0510-4540-91db-4a09235804d6,website-business,product_project_management,/sites/system-admin-5802ab4a,completed,approved,f5d1f4a3-94f6-44e7-bdb8-948bfda44ab8,10,0,system-admin-5802ab4a,published
6d497a09-60d1-499d-baf0-199d8cef1c99,website-business,product_project_management,/sites/system-admin-6d497a09,completed,approved,1c427c1c-def8-4e47-b1be-f013f78e0f1c,10,0,system-admin-6d497a09,published
8bc5d7e6-f060-4355-9c56-a02095507797,website-business,product_project_management,/sites/system-admin-8bc5d7e6,completed,approved,dcb87b74-4deb-47d2-87a3-737e6a172756,10,0,system-admin-8bc5d7e6,published
96180a55-199b-4880-b0cb-b49854414982,website-business,product_project_management,/sites/system-admin-96180a55,completed,approved,18eac983-525e-4f52-8191-80b6c1a4f9ee,10,0,system-admin-96180a55,published
cfb1261d-0785-4639-9826-ba3520c470f6,website-business,product_project_management,/sites/system-admin-cfb1261d,completed,approved,0b917674-4c00-4608-9324-bc60ba912ae1,10,0,system-admin-cfb1261d,published
e7d11ce5-9d80-42d4-80ae-8bf949dc0205,website-business,product_project_management,/sites/system-admin-e7d11ce5,completed,approved,d6054afe-d8a0-4f6b-bf80-c421208a23c3,10,0,system-admin-e7d11ce5,published
eb965adb-f9d4-4244-8709-3b2c82e60588,website-business,product_project_management,/sites/system-admin-eb965adb,completed,approved,104c99a9-31d4-4c1c-9cde-b4b808fe8d00,10,0,system-admin-eb965adb,published
f0b17e5b-ba13-4b5a-a60b-d2517e588280,website-business,product_project_management,/sites/system-admin-f0b17e5b,completed,approved,f613fdad-87fe-4d54-bca1-e3cb3c74d464,10,0,system-admin-f0b17e5b,published
0aafd3c6-7ba3-438b-96ab-b3e483422a95,website-business,professional,/sites/system-admin-0aafd3c6,completed,approved,1e631b2e-24fd-4211-bfe2-a89dc3ee1fb1,10,0,system-admin-0aafd3c6,published
156b2729-7dc6-406a-a169-369cbec4d19e,website-business,professional,/sites/system-admin-156b2729,completed,approved,983eaaa7-ea10-4d3d-967d-c6ebe3ec1c26,10,0,system-admin-156b2729,published
68828a9d-e1b8-473e-aab6-75a13130c4cb,website-business,professional,/sites/system-admin-68828a9d,completed,approved,e8f9d7b8-1d25-46a9-8125-e2a48ade4ee7,10,0,system-admin-68828a9d,published
6eab2dc4-bbe9-499f-a6ea-bc8e09a88110,website-business,professional,/sites/system-admin-6eab2dc4,completed,approved,d0957f89-11a1-4832-9ea3-77c6f83ac973,10,0,system-admin-6eab2dc4,published
7972a4b2-3a45-4f14-a702-4d71374eaaef,website-business,professional,/sites/system-admin-7972a4b2,completed,approved,a45fbd3d-929e-4fd9-9ec7-a46b997fe446,10,0,system-admin-7972a4b2,published
7acb85d0-644d-45b9-9300-b36d543f31aa,website-business,professional,/sites/system-admin-7acb85d0,completed,approved,1e2456ac-5842-474e-b203-62d466dc2b06,10,0,system-admin-7acb85d0,published
817e8902-dd4c-48e6-ac10-20e7f7ed39a3,website-business,professional,/sites/system-admin-817e8902,completed,approved,d80d1b00-2b14-4f6a-9529-33b8fd0dcebd,10,0,system-admin-817e8902,published
af3df9fb-bcec-4354-b1bc-e6d5de815afb,website-business,professional,/sites/system-admin-af3df9fb,completed,approved,90b49176-feae-424f-a01a-ab13f560e5a6,10,0,system-admin-af3df9fb,published
f73dfb4a-6085-4e62-ba29-aef09c6474c7,website-business,professional,/sites/system-admin-f73dfb4a,completed,approved,12f94dd9-2948-414c-988b-86b1dfdcf0ba,10,0,system-admin-f73dfb4a,published
13ce2245-3d79-4abe-87bd-93053cf5cddc,website-business,real-estate,/sites/system-admin-13ce2245,completed,approved,42183a79-2067-4236-98d6-83e5f0f4c844,10,0,system-admin-13ce2245,published
26c71a63-ba9c-4fcc-afc3-af75f0ee3861,website-business,real-estate,/sites/system-admin-26c71a63,completed,approved,b834343f-925b-466a-987b-1fb91aa5983f,10,0,system-admin-26c71a63,published
467519af-bb6f-41f9-9533-c6a9c9be8548,website-business,real-estate,/sites/system-admin-467519af,completed,approved,ba4b4f70-150c-4281-86f4-b79862174159,10,0,system-admin-467519af,published
57b58271-9717-464f-aa3e-9d1b038579ed,website-business,real-estate,/sites/system-admin-57b58271,completed,approved,67b7a70d-39c1-471a-92f2-65265f6bf1aa,10,0,system-admin-57b58271,published
af868a5f-5840-477c-b483-bce78b33a770,website-business,real-estate,/sites/system-admin-af868a5f,completed,approved,a3cb80c6-f100-4289-9424-6ce337e76200,10,0,system-admin-af868a5f,published
cf0d95c9-1d7f-4f2e-8153-5246934ba36d,website-business,real-estate,/sites/system-admin-cf0d95c9,completed,approved,9361dacd-e784-485f-a5aa-79c337fd5221,10,0,system-admin-cf0d95c9,published
d2b64a9f-7b0b-4a3f-8c7a-8daf6724d8e0,website-business,real-estate,/sites/system-admin-d2b64a9f,completed,approved,70323916-1f61-4a37-839f-32fc5394961d,10,0,system-admin-d2b64a9f,published
d6fbd478-9ddd-4805-a325-35934bf3c222,website-business,real-estate,/sites/system-admin-d6fbd478,completed,approved,d285bd6a-3258-406b-867b-11a3f72fb03d,10,0,system-admin-d6fbd478,published
135f4b09-786a-472b-97f3-1c43c13c3b04,website-business,real_estate_services,/sites/system-admin-135f4b09,completed,approved,3945cf24-af2c-45bd-85d9-f4f01878749d,10,0,system-admin-135f4b09,published
1dbff7be-4641-48e5-a7b2-07afaf25d74f,website-business,real_estate_services,/sites/system-admin-1dbff7be,completed,approved,dbf446e9-0798-4ea7-8b03-72f15a0cfe41,10,0,system-admin-1dbff7be,published
2afaeb85-311a-47ba-98fa-9091c47ccc31,website-business,real_estate_services,/sites/system-admin-2afaeb85,completed,approved,8a1a767a-166c-49e0-8af9-5fb5b39ecc29,10,0,system-admin-2afaeb85,published
5161455d-5b7c-4a28-9d13-dbb0d4a80a6c,website-business,real_estate_services,/sites/system-admin-5161455d,completed,approved,67a23c1d-e4a7-4805-a5fa-06939e565b89,10,0,system-admin-5161455d,published
5552c28a-7f75-402a-a31c-b138ecdbdcab,website-business,real_estate_services,/sites/system-admin-5552c28a,completed,approved,d71a8afd-f11c-43a5-9c72-c8a07a506473,10,0,system-admin-5552c28a,published
6fd70d7f-1900-4f56-9369-d86f6eda89a6,website-business,real_estate_services,/sites/system-admin-6fd70d7f,completed,approved,bd7aafa2-473a-40ad-985b-79071ff2047d,10,0,system-admin-6fd70d7f,published
7445ca15-d66e-4cb4-bdbd-2972af62959a,website-business,real_estate_services,/sites/system-admin-7445ca15,completed,approved,93bacc3d-8d51-4efe-ad25-7c3fbdbaa5a8,10,0,system-admin-7445ca15,published
79c6ef30-ed22-461b-b293-d42eebc9c1f3,website-business,real_estate_services,/sites/system-admin-79c6ef30,completed,approved,1e62c7c5-f037-4aed-ba8a-2360d4302386,10,0,system-admin-79c6ef30,published
91261e9a-d27e-4e13-846d-1be41c4459d9,website-business,real_estate_services,/sites/system-admin-91261e9a,completed,approved,ecd1d939-80cc-4500-88ce-da367982147b,10,0,system-admin-91261e9a,published
94ed100c-ba14-4c77-86db-c8227fc8a41f,website-business,real_estate_services,/sites/system-admin-94ed100c,completed,approved,4190d55f-ad71-43d7-b74a-66452d1cb4d6,10,0,system-admin-94ed100c,published
be91e503-cd51-465c-ad87-62e0612a0895,website-business,real_estate_services,/sites/system-admin-be91e503,completed,approved,8b557df7-fbac-4a8e-a0ac-c9af47c5919a,10,0,system-admin-be91e503,published
ca6cf632-1ef4-40f9-9def-2ad9d37419b4,website-business,real_estate_services,/sites/system-admin-ca6cf632,completed,approved,dd2bf1e3-4e71-405c-8177-701cc5f34417,10,0,system-admin-ca6cf632,published
e6f6c656-788f-4065-b1ed-e56bfbfc577f,website-business,real_estate_services,/sites/system-admin-e6f6c656,completed,approved,a9ff3e40-101e-49e6-ac2b-85b4eb653ddd,10,0,system-admin-e6f6c656,published
4c30f826-c168-4fed-82ec-fbc8bbad9e27,website-business,retail,/sites/system-admin-4c30f826,completed,approved,3d2ef5cb-2cfe-438e-bbb8-2eecb18390b6,10,0,system-admin-4c30f826,published
50a8917a-ed8a-4818-ace8-0518455756e5,website-business,retail,/sites/system-admin-50a8917a,completed,approved,e645d441-47dc-49b3-827a-20d67c749c49,10,0,system-admin-50a8917a,published
6278ed3e-2155-4d0f-b66c-05e120c71785,website-business,retail,/sites/system-admin-6278ed3e,completed,approved,7ea97b58-5feb-4cb0-a25f-374fa76d10c0,10,0,system-admin-6278ed3e,published
6f125e04-1e67-4642-83f4-28be58121b4a,website-business,retail,/sites/system-admin-6f125e04,completed,approved,ce63693b-aea1-49fe-a6f7-0b8b5375d1fc,10,0,system-admin-6f125e04,published
6fe88010-50dd-4370-9780-0e72b2a198c0,website-business,retail,/sites/system-admin-6fe88010,completed,approved,2c07fd20-6ca7-4700-a29d-629ceeb93b0a,10,0,system-admin-6fe88010,published
72b7ed5c-2e4e-4650-87b1-e864eb4045fa,website-business,retail,/sites/system-admin-72b7ed5c,completed,approved,4c9bc32a-950a-4748-a9ba-1aa4816699f1,10,0,system-admin-72b7ed5c,published
76717e80-611d-4b7f-af2f-18bd2330cc1a,website-business,retail,/sites/system-admin-76717e80,completed,approved,3a87e4cd-dfd7-4df3-a02d-85b9f6cd36ba,10,0,system-admin-76717e80,published
7e5995a5-6053-4914-9caa-34a4041cc624,website-business,retail,/sites/system-admin-7e5995a5,completed,approved,781b9dee-db33-42cc-b254-710f4a7455ce,10,0,system-admin-7e5995a5,published
866b1486-781f-402b-9960-cf87f87d7669,website-business,retail,/sites/system-admin-866b1486,completed,approved,00c32b52-611c-4e9a-b75c-69f6f1c2e982,10,0,system-admin-866b1486,published
87d2a191-ecd9-4faf-953e-45c4385fb7e1,website-business,retail,/sites/system-admin-87d2a191,completed,approved,b11e19e0-a628-431e-905d-aefdfbe08c20,10,0,system-admin-87d2a191,published
ab78cc61-d258-49e1-885d-8c473cce3da2,website-business,retail,/sites/system-admin-ab78cc61,completed,approved,b4075fba-9457-4a9e-b02b-40e993f3d858,10,0,system-admin-ab78cc61,published
f3d93fee-a33b-43a3-9a1f-064c46ea4990,website-business,retail,/sites/system-admin-f3d93fee,completed,approved,11ee832f-8060-4c9c-887c-4147c43e248d,10,0,system-admin-f3d93fee,published
f7fb7191-9327-41fd-83f1-62befa7cd32e,website-business,retail,/sites/system-admin-f7fb7191,completed,approved,4d2daa65-4f10-40b8-b76d-1983ae1cf763,10,0,system-admin-f7fb7191,published
0456b15c-335a-4e29-b1a6-8debf74bc440,website-business,sales,/sites/system-admin-0456b15c,completed,approved,9106b722-1964-4f17-ad42-ad915df418ba,10,0,system-admin-0456b15c,published
15d0e9e3-2f21-4c86-8e6b-28644dac0c92,website-business,sales,/sites/system-admin-15d0e9e3,completed,approved,f0050306-a496-401c-a701-65f2dcdce8fa,10,0,system-admin-15d0e9e3,published
2e667049-69e1-4240-b662-6e4bbf6823e1,website-business,sales,/sites/system-admin-2e667049,completed,approved,6b65433f-929c-4fdd-a019-64d3765984a1,10,0,system-admin-2e667049,published
413e3467-b424-413d-bdbd-11c01772a97f,website-business,sales,/sites/system-admin-413e3467,completed,approved,e829e77e-e7cc-4993-9b58-23397ce5fab4,10,0,system-admin-413e3467,published
566c6a07-0286-4509-97c8-11e1d078b461,website-business,sales,/sites/system-admin-566c6a07,completed,approved,298a3c54-3109-43d5-8641-9b6c5bf4ddf7,10,0,system-admin-566c6a07,published
76ca3c4f-6ef1-46c3-b144-00cc1161285d,website-business,sales,/sites/system-admin-76ca3c4f,completed,approved,9f189bc6-d876-411f-959b-99be8d651cc8,10,0,system-admin-76ca3c4f,published
8cf8988a-eec6-4721-aa1b-cca46afbb631,website-business,sales,/sites/system-admin-8cf8988a,completed,approved,5a29854d-1466-40ab-bb6a-98bfebaa0a0b,10,0,system-admin-8cf8988a,published
9d8d3246-8fe0-4eed-b2e5-12e93d49e7ec,website-business,sales,/sites/system-admin-9d8d3246,completed,approved,16bc8667-3e25-4105-bb06-135250904ae2,10,0,system-admin-9d8d3246,published
c6e9032d-83a7-49f6-b4b5-af1471c04ff1,website-business,sales,/sites/system-admin-c6e9032d,completed,approved,4435ac68-a95d-47a0-88f9-4edff796ddb6,10,0,system-admin-c6e9032d,published
d385921e-b48c-40e1-a3d6-4f7b2b8cf2fe,website-business,sales,/sites/system-admin-d385921e,completed,approved,7b0ffd7e-50ed-44d8-adb5-e9e6d7c24cf7,10,0,system-admin-d385921e,published
d8284319-ff66-4fbc-b739-9f449259d238,website-business,sales,/sites/system-admin-d8284319,completed,approved,a29e101c-4abc-4ee5-968d-c014b3d460e4,10,0,system-admin-d8284319,published
f0cae74d-abcf-44df-8e15-295485401c9c,website-business,sales,/sites/system-admin-f0cae74d,completed,approved,52415b62-5ee7-45b6-a633-32c96aadf3e7,10,0,system-admin-f0cae74d,published
f836869e-fb71-4333-a617-df4339ae8d02,website-business,sales,/sites/system-admin-f836869e,completed,approved,504038c0-c8cd-4eac-87aa-94d81f6ea8fb,10,0,system-admin-f836869e,published
1a7ff88d-3b58-4d18-9285-1bfeeeef39fd,website-business,technology,/sites/system-admin-1a7ff88d,completed,approved,7c9422d2-7449-4a54-be20-7bf0f472addd,10,0,system-admin-1a7ff88d,published
295750eb-cd81-457c-a46c-da27665c7c1f,website-business,technology,/sites/system-admin-295750eb,completed,approved,154c5c00-a95e-479e-a255-52a8b8beb000,10,0,system-admin-295750eb,published
392f6554-fb67-4dbe-bc26-40e45f3d8a4d,website-business,technology,/sites/system-admin-392f6554,completed,approved,8686268e-4975-4a1d-9671-b978d26f5bed,10,0,system-admin-392f6554,published
440d0db3-7c14-418f-a284-2aa4d2d81d58,website-business,technology,/sites/system-admin-440d0db3,completed,approved,814c7d32-ad80-4db3-91ed-b8dabd8fe864,10,0,system-admin-440d0db3,published
45237b51-4c9f-4a6a-8a23-a3cae68e92d9,website-business,technology,/sites/system-admin-45237b51,completed,approved,8e2a0823-f93d-4743-a686-86a8b70a7050,10,0,system-admin-45237b51,published
5abd47f4-f25d-4f9e-8196-202de1300115,website-business,technology,/sites/system-admin-5abd47f4,completed,approved,864beaa8-488e-4906-9f1f-965dfcca502a,10,0,system-admin-5abd47f4,published
93fa8351-4f1c-4359-9c89-91db59b8c8bf,website-business,technology,/sites/system-admin-93fa8351,completed,approved,b3f8c3c5-d0bf-4806-aa8a-58e54e970957,10,0,system-admin-93fa8351,published
a64d57f8-7f22-46a9-b19c-363ff37c8fef,website-business,technology,/sites/system-admin-a64d57f8,completed,approved,01eec1c9-2a60-4e9c-90dc-e94d24315193,10,0,system-admin-a64d57f8,published
cc28a5d6-9263-4126-814e-70672680a2f9,website-business,technology,/sites/system-admin-cc28a5d6,completed,approved,ad335078-726d-4b62-bda7-c25fdc2b6163,10,0,system-admin-cc28a5d6,published
cd3cdd1d-e1e9-47f1-949b-5be141d12870,website-business,technology,/sites/system-admin-cd3cdd1d,completed,approved,b7e0f857-20f4-43e3-97b3-bc4a0af2a75d,10,0,system-admin-cd3cdd1d,published
0d86830e-9897-4cbe-9825-6689250d1cb4,website-business,travel,/sites/system-admin-0d86830e,completed,approved,ff026b71-b3ba-478e-8c6f-4add92704010,10,0,system-admin-0d86830e,published
0ffe7f1a-9851-4a3f-bd6c-67eae0feb2cc,website-business,travel,/sites/system-admin-0ffe7f1a,completed,approved,eee28e41-91fc-4441-b9d0-5c056b9c4607,10,0,system-admin-0ffe7f1a,published
39ce067b-169b-4476-a014-cdd8a1fcdc05,website-business,travel,/sites/system-admin-39ce067b,completed,approved,9628ef8d-73de-4613-be98-5bf9ecad7e89,10,0,system-admin-39ce067b,published
9caf82ed-888e-430d-9d12-8e60a059ed44,website-business,travel,/sites/system-admin-9caf82ed,completed,approved,e9003034-31c7-4dac-9747-0d86ad110e80,10,0,system-admin-9caf82ed,published
a11c5831-39e5-42c9-8cc3-3bfd0168ab6c,website-business,travel,/sites/system-admin-a11c5831,completed,approved,8e82fa56-ccc3-4bbb-8946-c71ac27ca084,10,0,system-admin-a11c5831,published
b76867c9-49a6-49d6-95d1-810c7085b3c9,website-business,travel,/sites/system-admin-b76867c9,completed,approved,1453a6d7-5820-4dc0-96b2-dbac691949d9,10,0,system-admin-b76867c9,published
c6cd6f66-099e-46b0-bea9-8492abeae0fb,website-business,travel,/sites/system-admin-c6cd6f66,completed,approved,7aa2ae78-c1de-4e0c-97de-a3ae571fefb9,10,0,system-admin-c6cd6f66,published
cfa629ff-3c28-4253-8c7e-847a62f79dee,website-business,travel,/sites/system-admin-cfa629ff,completed,approved,2eea698d-58d3-4737-9f5f-d5bb874d6ebc,10,0,system-admin-cfa629ff,published
fd508505-33be-4bcb-9a74-b40bc0de451a,website-business,travel,/sites/system-admin-fd508505,completed,approved,66f25206-a902-4662-946c-e9a761130921,10,0,system-admin-fd508505,published
062caa01-b36d-4d00-bf3f-59c28109d86d,website-business,video_animation,/sites/system-admin-062caa01,completed,approved,69412830-6c2b-4a83-8fdc-d44679ad0695,10,0,system-admin-062caa01,published
0d86d925-3cd4-44ea-8227-4ef51b66c727,website-business,video_animation,/sites/system-admin-0d86d925,completed,approved,3b0f5c78-b058-458e-8b79-86954f03ca40,10,0,system-admin-0d86d925,published
18a6c9a6-2037-44ba-acfe-253b1b3ce23c,website-business,video_animation,/sites/system-admin-18a6c9a6,completed,approved,4533aba0-6ba9-455c-b991-0a61d1895f04,10,0,system-admin-18a6c9a6,published
18cf61da-e330-47f5-9790-2651e97fa84c,website-business,video_animation,/sites/system-admin-18cf61da,completed,approved,ee50d18c-1318-4787-a329-5583f38e9c4a,10,0,system-admin-18cf61da,published
2028657c-db8f-4aed-987f-70b43cb49889,website-business,video_animation,/sites/system-admin-2028657c,completed,approved,067bdc9b-1173-47ec-911b-2277f1db60be,10,0,system-admin-2028657c,published
2658afac-9b80-41a7-afb8-f3d5878a0a2b,website-business,video_animation,/sites/system-admin-2658afac,completed,approved,5f4d11c5-cd7a-42d2-ac47-f4ac5beed878,10,0,system-admin-2658afac,published
4b95d7bf-b53f-431e-ae25-771b1d515825,website-business,video_animation,/sites/system-admin-4b95d7bf,completed,approved,66224808-be34-456b-8ef2-928c1bf530d1,10,0,system-admin-4b95d7bf,published
57a4bd35-f7ad-4e73-b1d2-564cbcaa9d0c,website-business,video_animation,/sites/system-admin-57a4bd35,completed,approved,c61c07e2-4196-447b-808a-1d4d479ab891,10,0,system-admin-57a4bd35,published
75033fdf-53c2-40ba-b4dd-7a97542dd171,website-business,video_animation,/sites/system-admin-75033fdf,completed,approved,88be6bb5-23a3-410c-bf14-ea96bcf3b39e,10,0,system-admin-75033fdf,published
7a7c0cab-9ce0-48e2-a955-0637fa6fc30f,website-business,video_animation,/sites/system-admin-7a7c0cab,completed,approved,301a060a-9e80-435d-aee1-ad294f49a609,10,0,system-admin-7a7c0cab,published
ce67ef40-db73-4c86-a07c-b86f203ab2a6,website-business,video_animation,/sites/system-admin-ce67ef40,completed,approved,f6cf5ea8-8431-48b9-95d6-206517af63d8,10,0,system-admin-ce67ef40,published
db138c59-2e19-4fb8-9257-358ee91d0388,website-business,video_animation,/sites/system-admin-db138c59,completed,approved,8eaeb06b-d828-425c-b4e2-92938be232df,10,0,system-admin-db138c59,published
dd16efd2-a0e4-4270-86a8-d4b2f9f150f6,website-business,video_animation,/sites/system-admin-dd16efd2,completed,approved,35261d02-6ab5-46d2-81b9-dfd3a9639501,10,0,system-admin-dd16efd2,published
f41442b3-630d-42a2-8ff1-f966a270312d,website-business,video_animation,/sites/system-admin-f41442b3,completed,approved,e7c326f3-03d4-4cbe-8ff9-ebb3292b271f,10,0,system-admin-f41442b3,published
fdc05c59-4f55-4eb5-af8e-142d19d7f125,website-business,video_animation,/sites/system-admin-fdc05c59,completed,approved,c3a558c2-f907-43bd-8191-b5fe07f0c87b,10,0,system-admin-fdc05c59,published
016bd2e2-257d-44eb-a8d0-15574b935764,website-business,web3,/sites/system-admin-016bd2e2,completed,approved,4b2845fe-53e9-44db-ba90-5546a3f62b35,10,0,system-admin-016bd2e2,published
0d7e0849-68e6-49b1-92f6-b68c50a746d7,website-business,web3,/sites/system-admin-0d7e0849,completed,approved,2b3b40f1-20cb-4a49-ae38-048e908e5f04,10,0,system-admin-0d7e0849,published
23d6eac2-3214-4abf-8c5e-41e95ba34a0f,website-business,web3,/sites/system-admin-23d6eac2,completed,approved,b54fdce3-98ff-42de-a6d9-abe4a8bfceef,10,0,system-admin-23d6eac2,published
2a4c4321-1351-4e1a-b59f-5de6cfe3b50d,website-business,web3,/sites/system-admin-2a4c4321,completed,approved,3b1422ef-6b83-43fb-a223-ac60fd8aaacb,10,0,system-admin-2a4c4321,published
3d74d9fe-88a7-46ee-a96a-abf0f93c4f8e,website-business,web3,/sites/system-admin-3d74d9fe,completed,approved,ad9f0979-3ef7-4f5d-ac01-caa4c755214f,10,0,system-admin-3d74d9fe,published
41945459-6cad-48ac-b3ea-c88368641fe3,website-business,web3,/sites/system-admin-41945459,completed,approved,87441472-3beb-45f5-b415-083cf12c8836,10,0,system-admin-41945459,published
467d9e3b-e324-4b2c-b206-12d7890e5d41,website-business,web3,/sites/system-admin-467d9e3b,completed,approved,0fafbc46-fd12-47e2-b21b-1f366ef85cec,10,0,system-admin-467d9e3b,published
6044e0b5-e84b-4633-9fff-a34b24508358,website-business,web3,/sites/system-admin-6044e0b5,completed,approved,ca759cc6-9824-431b-b844-688c3c919031,10,0,system-admin-6044e0b5,published
72db6cd1-ba70-467e-9794-64e71f4eda81,website-business,web3,/sites/system-admin-72db6cd1,completed,approved,a813c1e3-caf1-42b3-83bc-6ff68202fad7,10,0,system-admin-72db6cd1,published
7a90758d-dfb6-47ff-9a90-3592e37dc49c,website-business,web3,/sites/system-admin-7a90758d,completed,approved,e32252b4-54de-4515-9920-b87dd50cf751,10,0,system-admin-7a90758d,published
7ad99adc-6fd9-47d0-8551-13b03647f8d7,website-business,web3,/sites/system-admin-7ad99adc,completed,approved,65c63709-718a-4c67-9707-8a314ae0131b,10,0,system-admin-7ad99adc,published
8926ff9e-5e9b-426c-8bda-b231c2aa6242,website-business,web3,/sites/system-admin-8926ff9e,completed,approved,5b99b06d-eaf4-4b12-84d2-6d056d4a65d3,10,0,system-admin-8926ff9e,published
8e422c78-f57e-4a2e-978a-35b297ef630b,website-business,web3,/sites/system-admin-8e422c78,completed,approved,6b2976ad-524a-4e92-9bc6-bbcbd1d2b0ee,10,0,system-admin-8e422c78,published
9f4c416c-9fd5-4e01-8d1d-8edbf1bacaf7,website-business,web3,/sites/system-admin-9f4c416c,completed,approved,6d1bd036-ecc8-45e8-8185-d22a8236dc69,10,0,system-admin-9f4c416c,published
e6679e8e-9444-4bd3-b334-9a865b18c58f,website-business,web3,/sites/system-admin-e6679e8e,completed,approved,ac627f08-57e9-464b-bf66-531ef1d3f386,10,0,system-admin-e6679e8e,published
eba2260c-1314-4d66-9fe0-2dcb591167a1,website-business,web3,/sites/system-admin-eba2260c,completed,approved,c737ae22-976d-406b-8ba2-493e17da2a58,10,0,system-admin-eba2260c,published
1c9dce6b-af71-45fd-a3da-553d8afdcba3,website-business,writing_translation,/sites/system-admin-1c9dce6b,completed,approved,ea118835-1a9f-4bf0-806d-950f0ad80b3b,10,0,system-admin-1c9dce6b,published
1d2078fe-c8c0-47af-98be-1a3b5796fa35,website-business,writing_translation,/sites/system-admin-1d2078fe,completed,approved,309ce3f1-7afe-456e-b003-40e26e4c423f,10,0,system-admin-1d2078fe,published
336ffe62-4cda-4985-929b-8b5fc66470aa,website-business,writing_translation,/sites/system-admin-336ffe62,completed,approved,597beefa-638c-4f65-97d9-60df9190f023,10,0,system-admin-336ffe62,published
38a9bfc8-beef-44ce-a6e0-ebc01b5e8d59,website-business,writing_translation,/sites/system-admin-38a9bfc8,completed,approved,a7765077-6fff-4c22-9e14-5fe981eb8bd9,10,0,system-admin-38a9bfc8,published
3d53bc63-dd52-407f-af69-987d23a29270,website-business,writing_translation,/sites/system-admin-3d53bc63,completed,approved,96630aae-524d-4f9b-ad9a-450b99837582,10,0,system-admin-3d53bc63,published
4c8624b3-75cd-4271-89dd-ae47ea29c7cd,website-business,writing_translation,/sites/system-admin-4c8624b3,completed,approved,b30dd5af-4708-42b8-a693-8c5f12503ed6,10,0,system-admin-4c8624b3,published
4d219ad9-e37b-4c42-adb9-ec1446cc259b,website-business,writing_translation,/sites/system-admin-4d219ad9,completed,approved,e07cc0e6-3e7c-4e46-8bf2-5fe37dfd2034,10,0,system-admin-4d219ad9,published
7b86e296-d7b1-47f6-9302-8deaac276700,website-business,writing_translation,/sites/system-admin-7b86e296,completed,approved,881b523d-b639-46fc-bdf8-6d0e0c905183,10,0,system-admin-7b86e296,published
7ed9f15c-4b2d-4d32-a24f-4a877bd71930,website-business,writing_translation,/sites/system-admin-7ed9f15c,completed,approved,652931af-b1e6-40c7-bb1d-6e0f30e0249b,10,0,system-admin-7ed9f15c,published
93bd8746-01d1-4c4d-9c53-07a71a32c202,website-business,writing_translation,/sites/system-admin-93bd8746,completed,approved,97e8046e-b54b-496c-afed-b6e51131dd0b,10,0,system-admin-93bd8746,published
94de8b1e-bb8b-4c1d-99d3-7480e60b4e9c,website-business,writing_translation,/sites/system-admin-94de8b1e,completed,approved,84570118-a8a2-4080-8ce4-ff43ba225261,10,0,system-admin-94de8b1e,published
9a3b49fe-62c1-4554-b638-08de22d910b6,website-business,writing_translation,/sites/system-admin-9a3b49fe,completed,approved,9871718e-0bb4-483b-a7da-20014c6023b5,10,0,system-admin-9a3b49fe,published
ca8da7c4-b566-454e-8bb3-28875de425b6,website-business,writing_translation,/sites/system-admin-ca8da7c4,completed,approved,508c910d-b655-443b-9ec5-ea3b050ba557,10,0,system-admin-ca8da7c4,published
d93cf8ba-dece-4825-a6b4-b35c9d01a5b3,website-business,writing_translation,/sites/system-admin-d93cf8ba,completed,approved,fbd89d9c-020b-4052-a7f5-30a887307686,10,0,system-admin-d93cf8ba,published
db61a732-cf78-4ec2-b82c-8acf62f10772,website-business,writing_translation,/sites/system-admin-db61a732,completed,approved,621ae1e7-da75-4f18-a391-5f8c21c05f9a,10,0,system-admin-db61a732,published
fea17c16-5246-42c2-a0af-5f1e519be3d6,website-business,writing_translation,/sites/system-admin-fea17c16,completed,approved,5648bdb1-ae5b-4f51-b400-72983c3203a0,10,0,system-admin-fea17c16,published
05b5ee52-3881-42e5-b315-6e05ec102937,website-ecommerce,admin_support,/sites/system-admin-05b5ee52,completed,approved,947c1121-e0f4-433b-adfe-9c6d6ef6fcd9,8,8,system-admin-05b5ee52,published
17c27a5d-c1b6-4bba-bfb3-eaccf9681c80,website-ecommerce,admin_support,/sites/system-admin-17c27a5d,completed,approved,e38e7097-3561-4e4e-ad60-e6ee0557af12,8,8,system-admin-17c27a5d,published
56320206-7cf8-4c90-8737-e47595690f13,website-ecommerce,admin_support,/sites/system-admin-56320206,completed,approved,b01fd1be-d5a5-4a2b-a519-e6a62c98ff8a,8,8,system-admin-56320206,published
67ff467d-9c2a-4f92-8bc9-404ff559f5f5,website-ecommerce,admin_support,/sites/system-admin-67ff467d,completed,approved,dd9c0ade-c64c-4554-a725-3abc3861adff,8,8,system-admin-67ff467d,published
8820ac48-640b-47d8-adbd-62c6719fae4b,website-ecommerce,admin_support,/sites/system-admin-8820ac48,completed,approved,8bcbeeef-d70b-4a68-b20f-a152cea16682,8,8,system-admin-8820ac48,published
9ab66bb4-95dd-49bc-a663-24a2d22ed97f,website-ecommerce,admin_support,/sites/system-admin-9ab66bb4,completed,approved,7da584cc-a6d4-4a3c-aec2-7c6f85ac16c6,8,8,system-admin-9ab66bb4,published
d297a82f-cdcc-4046-bf60-7983a3b25364,website-ecommerce,admin_support,/sites/system-admin-d297a82f,completed,approved,c226b2a8-2c87-41f0-86e3-a3cdae9020dc,8,8,system-admin-d297a82f,published
d3b87d61-5bb7-4e06-9b92-c334e380094c,website-ecommerce,admin_support,/sites/system-admin-d3b87d61,completed,approved,fe37ec14-9bcc-493d-94bc-61958bcc198b,8,8,system-admin-d3b87d61,published
0cb60820-1753-495e-9f54-89deea2991ef,website-ecommerce,agriculture,/sites/system-admin-0cb60820,completed,approved,1b194a77-1390-4b00-b834-54ecf98f4642,8,8,system-admin-0cb60820,published
8d15bb61-5465-4874-9e1f-40cb60d3b743,website-ecommerce,agriculture,/sites/system-admin-8d15bb61,completed,approved,77812a7d-a3a6-490b-8abb-78727c931f17,8,8,system-admin-8d15bb61,published
a5c544d0-edf7-42fd-bad1-2bc9493782f0,website-ecommerce,agriculture,/sites/system-admin-a5c544d0,completed,approved,47e22da5-2771-481e-a2a0-9d75a3135442,8,8,system-admin-a5c544d0,published
b67c2a10-cef3-4fc2-854d-680747c547ec,website-ecommerce,agriculture,/sites/system-admin-b67c2a10,completed,approved,c7326e17-7ca1-4b49-a77a-18fafbd1e112,8,8,system-admin-b67c2a10,published
b7b0e6f5-6c54-47e2-bd0b-c1d375d13d34,website-ecommerce,agriculture,/sites/system-admin-b7b0e6f5,completed,approved,dd05a425-1815-4976-bfd9-e24020a98a18,8,8,system-admin-b7b0e6f5,published
dc4433c6-062e-43a7-bf1e-df44e8def13c,website-ecommerce,agriculture,/sites/system-admin-dc4433c6,completed,approved,63906f4f-d0ec-4aac-9381-4eb27f5d1a51,8,8,system-admin-dc4433c6,published
e0c4d12a-2003-4da9-a127-b540272edb86,website-ecommerce,agriculture,/sites/system-admin-e0c4d12a,completed,approved,4c41038d-4039-4540-8e0f-f3c141ed26f0,8,8,system-admin-e0c4d12a,published
e80fe4bd-d456-4af4-95fc-656a2d552aca,website-ecommerce,agriculture,/sites/system-admin-e80fe4bd,completed,approved,71937f24-b98e-4b39-a1c5-552ba1976dc3,8,8,system-admin-e80fe4bd,published
3c520bcf-2bfc-416d-90c2-867dccb8ccd9,website-ecommerce,ai_data,/sites/system-admin-3c520bcf,completed,approved,a3f914ee-d528-4c52-bacf-e59a1668201d,8,8,system-admin-3c520bcf,published
626c275c-5624-4921-ace0-d3f8f1632bfd,website-ecommerce,ai_data,/sites/system-admin-626c275c,completed,approved,5c8ba068-4cbe-41e0-9e08-8388d7285965,8,8,system-admin-626c275c,published
8383642b-39b4-4d52-854c-8b8493adc4b6,website-ecommerce,ai_data,/sites/system-admin-8383642b,completed,approved,612c433f-af4c-4ab3-bf24-4efa90eef665,8,8,system-admin-8383642b,published
b9a82e7f-56ef-476c-bad5-10f81bc26aa2,website-ecommerce,ai_data,/sites/system-admin-b9a82e7f,completed,approved,e8c9a95f-cb83-48c6-a6f6-0c8689d891a2,8,8,system-admin-b9a82e7f,published
c566451c-68ce-4d47-bc5c-44c1202f78ec,website-ecommerce,ai_data,/sites/system-admin-c566451c,completed,approved,df39b631-d3b3-4011-8569-5722cd3bafa7,8,8,system-admin-c566451c,published
c99aba1c-3c58-40c6-9ccc-d30fd2b65778,website-ecommerce,ai_data,/sites/system-admin-c99aba1c,completed,approved,e0805c12-4471-4678-a286-7301b9b94fd1,8,8,system-admin-c99aba1c,published
f56501de-c2e8-4ea2-b6da-2d852373c90f,website-ecommerce,ai_data,/sites/system-admin-f56501de,completed,approved,248c9164-258c-4475-ae12-6121a07f1dbb,8,8,system-admin-f56501de,published
f806d748-8dc3-436d-8622-f3aff8ec4439,website-ecommerce,ai_data,/sites/system-admin-f806d748,completed,approved,cf19aa12-6c68-462c-b546-c22e9a24d41c,8,8,system-admin-f806d748,published
0a2dfebf-deb8-48b7-912b-72e466aa1665,website-ecommerce,audio_music,/sites/system-admin-0a2dfebf,completed,approved,9373b65f-efb4-4106-b788-da8691c384d8,8,8,system-admin-0a2dfebf,published
5f4f8ef8-e165-49d0-b1ee-16fb6561754d,website-ecommerce,audio_music,/sites/system-admin-5f4f8ef8,completed,approved,b5a1c761-6a90-4061-89ee-c2a7a143b9a2,8,8,system-admin-5f4f8ef8,published
747f352b-e621-4e2d-9cae-3f6b0f179a8d,website-ecommerce,audio_music,/sites/system-admin-747f352b,completed,approved,921418d2-8ec1-4aab-964e-9ec0a0e91e3f,8,8,system-admin-747f352b,published
8da3701a-bc7c-437b-b116-88c8a72b0a6e,website-ecommerce,audio_music,/sites/system-admin-8da3701a,completed,approved,66a3f07b-bb49-4f31-a95d-a889af122ebc,8,8,system-admin-8da3701a,published
98e6da88-965a-4aa4-8fba-1574ddeb024f,website-ecommerce,audio_music,/sites/system-admin-98e6da88,completed,approved,b300da8e-d723-464e-87ad-ad5e1bd8771e,8,8,system-admin-98e6da88,published
b69acd19-a910-4839-bfb0-fb3d155cfbd5,website-ecommerce,audio_music,/sites/system-admin-b69acd19,completed,approved,ef009bfc-b620-49c0-b2d2-8e7e9d6ce356,8,8,system-admin-b69acd19,published
deefd650-9475-4495-affa-7d7416c8129d,website-ecommerce,audio_music,/sites/system-admin-deefd650,completed,approved,5774ebb4-b1fc-407c-94bd-b1e92c93357f,8,8,system-admin-deefd650,published
25f7726e-ac36-4007-bb44-6570cc907ca8,website-ecommerce,automotive,/sites/system-admin-25f7726e,completed,approved,5f9252cf-433a-480c-ab2c-b5993b550bed,8,8,system-admin-25f7726e,published
6284a991-df61-413d-8661-7b4403b347bf,website-ecommerce,automotive,/sites/system-admin-6284a991,completed,approved,6ff988fe-56a5-4d9d-b2a8-373fcd67eb1e,8,8,system-admin-6284a991,published
6ed0958a-34c4-454e-8b5e-8355c85d3cb8,website-ecommerce,automotive,/sites/system-admin-6ed0958a,completed,approved,bdf0ed61-b2ac-4941-be9e-a9f4cc1c1a17,8,8,system-admin-6ed0958a,published
8ad6427f-6438-42e0-adc9-cd3fb2941b5a,website-ecommerce,automotive,/sites/system-admin-8ad6427f,completed,approved,3d110a87-557e-4758-8333-5896b233e374,8,8,system-admin-8ad6427f,published
937d8ca9-e023-4d71-8f4f-9514241fb137,website-ecommerce,automotive,/sites/system-admin-937d8ca9,completed,approved,41075a16-5696-4734-8519-c268d508d97f,8,8,system-admin-937d8ca9,published
954027c1-6133-403d-96b6-ad64ced69b87,website-ecommerce,automotive,/sites/system-admin-954027c1,completed,approved,1e8ab813-e213-4b0b-8cc7-a72dc97b0da5,8,8,system-admin-954027c1,published
b256f0fb-3eef-4c43-bda1-6bf5fb05288c,website-ecommerce,automotive,/sites/system-admin-b256f0fb,completed,approved,88b71abc-3eb8-44a1-bac6-37aba5ad8de2,8,8,system-admin-b256f0fb,published
eff77d36-85d9-4bfc-9f16-8954c102a010,website-ecommerce,automotive,/sites/system-admin-eff77d36,completed,approved,a0a8e645-f1fa-4bf7-970b-ce8809b0a122,8,8,system-admin-eff77d36,published
1c3fdfd6-a9fb-43d3-a154-6c58a3873db2,website-ecommerce,beauty,/sites/system-admin-1c3fdfd6,completed,approved,9bd6e992-048f-4d6f-8a6e-a2bad6667022,8,8,system-admin-1c3fdfd6,published
33eb1724-eea9-4669-bfbb-58947d4837f8,website-ecommerce,beauty,/sites/system-admin-33eb1724,completed,approved,dcba90c8-505f-413b-b5e2-ca7edd91c4e5,8,8,system-admin-33eb1724,published
35b347ee-ead1-4004-9843-7d215e2a9db1,website-ecommerce,beauty,/sites/system-admin-35b347ee,completed,approved,c11dd0cc-aded-422d-a5ff-e515b110b3e7,8,8,system-admin-35b347ee,published
40ea9547-fa9d-47aa-8cc0-599ff0c0ad71,website-ecommerce,beauty,/sites/system-admin-40ea9547,completed,approved,2fc3f667-313b-47d6-b4b9-7b6e7819429f,8,8,system-admin-40ea9547,published
776bc024-fa4c-4a7d-9897-88e542189d42,website-ecommerce,beauty,/sites/system-admin-776bc024,completed,approved,a966f0a6-4950-47cd-a977-754fc29d727e,8,8,system-admin-776bc024,published
7ff02c90-2b05-4b05-b91c-45777034a457,website-ecommerce,beauty,/sites/system-admin-7ff02c90,completed,approved,38ed39bd-0610-46f2-bfa3-07077c8aa8ca,8,8,system-admin-7ff02c90,published
d44ac97e-6efe-4e36-ba1f-efe8fbe78233,website-ecommerce,beauty,/sites/system-admin-d44ac97e,completed,approved,462305eb-de3e-4427-89de-29007a57545d,8,8,system-admin-d44ac97e,published
f1315a83-0b34-4414-9184-4bf86aa81e5f,website-ecommerce,beauty,/sites/system-admin-f1315a83,completed,approved,fce5ea10-2596-4874-86eb-9ee07bf6a8c5,8,8,system-admin-f1315a83,published
02877aaf-8d93-4970-a99e-a38688463629,website-ecommerce,business_consulting,/sites/system-admin-02877aaf,completed,approved,79aae9c1-4afc-4906-9a74-76f61c24c2dc,8,8,system-admin-02877aaf,published
1e35fc0a-dc42-48cd-8336-b7c880a088b8,website-ecommerce,business_consulting,/sites/system-admin-1e35fc0a,completed,approved,43985f92-b8f9-462a-bc9d-7aebb5d8bc88,8,8,system-admin-1e35fc0a,published
3254f03a-9220-4071-87f0-32fe2b87504d,website-ecommerce,business_consulting,/sites/system-admin-3254f03a,completed,approved,af8b6104-f920-4a28-a6a6-17add40148d5,8,8,system-admin-3254f03a,published
4606208c-c834-4f1f-ad15-358af2c22784,website-ecommerce,business_consulting,/sites/system-admin-4606208c,completed,approved,15658255-ec08-4bff-9741-4f2056ca73a5,8,8,system-admin-4606208c,published
563ceb96-6667-4798-aad6-37eeec4e0520,website-ecommerce,business_consulting,/sites/system-admin-563ceb96,completed,approved,d10b15df-5592-452c-b192-b1a78c6641ac,8,8,system-admin-563ceb96,published
8d622456-b3a3-48b8-8074-bc7e76015626,website-ecommerce,business_consulting,/sites/system-admin-8d622456,completed,approved,b1ba8ba0-a545-41fd-8f0b-866b3b7789ad,8,8,system-admin-8d622456,published
d7a40b3c-e4b2-46d0-bc2e-2bfe118ed937,website-ecommerce,business_consulting,/sites/system-admin-d7a40b3c,completed,approved,6690bce1-c592-4e91-94f8-f278c0974c27,8,8,system-admin-d7a40b3c,published
062814a2-39db-40e1-b2e0-cff894e5768b,website-ecommerce,community_moderation,/sites/system-admin-062814a2,completed,approved,19a4e610-f971-49b8-91d4-316cb57a2bcd,8,8,system-admin-062814a2,published
48dc668b-dfc3-4e6a-9f67-c2990d592c73,website-ecommerce,community_moderation,/sites/system-admin-48dc668b,completed,approved,a58d36df-d82c-4e3f-822c-d33bad4185e6,8,8,system-admin-48dc668b,published
5574853a-90e3-4935-a300-f5a25cd928f8,website-ecommerce,community_moderation,/sites/system-admin-5574853a,completed,approved,9db8ed82-06ca-4c3e-ac33-fa5f713e8c7f,8,8,system-admin-5574853a,published
5e1bbcd3-5387-49ce-8bde-1795b4fa53a2,website-ecommerce,community_moderation,/sites/system-admin-5e1bbcd3,completed,approved,00e305d2-9ce9-4b3d-a250-0d5d16e7726a,8,8,system-admin-5e1bbcd3,published
7582a323-4e94-40a6-a920-3bc528ae5d74,website-ecommerce,community_moderation,/sites/system-admin-7582a323,completed,approved,6d445e47-3e65-4a76-ac53-6314f1a6cf28,8,8,system-admin-7582a323,published
7f09362b-8d2d-4bb9-90da-36a047efda1d,website-ecommerce,community_moderation,/sites/system-admin-7f09362b,completed,approved,f300ee5b-69b0-4d03-97ac-7a48931818cb,8,8,system-admin-7f09362b,published
9c902ab3-61d7-4495-b761-a28ec4a4ccd3,website-ecommerce,community_moderation,/sites/system-admin-9c902ab3,completed,approved,1b5f9033-6c63-416d-880b-f6bee193b053,8,8,system-admin-9c902ab3,published
377cc8b7-0a3b-4a67-b034-fa13921b08bd,website-ecommerce,construction,/sites/system-admin-377cc8b7,completed,approved,7e7fa2c1-7570-41ed-8e37-6272b76f4d0b,8,8,system-admin-377cc8b7,published
3b7e6e4f-c193-4014-abe6-406f277eb99f,website-ecommerce,construction,/sites/system-admin-3b7e6e4f,completed,approved,c30147a8-89a6-42ba-a540-bbe16718cd54,8,8,system-admin-3b7e6e4f,published
5522d02a-c9d0-459a-8282-d513327cbdf3,website-ecommerce,construction,/sites/system-admin-5522d02a,completed,approved,bdf536da-63a9-422c-9477-7e9c3bde68a0,8,8,system-admin-5522d02a,published
5be44bfb-896e-4a20-aa17-5d0425a4bb36,website-ecommerce,construction,/sites/system-admin-5be44bfb,completed,approved,f3927f42-5ab1-409b-85e7-7e3e25fb01b6,8,8,system-admin-5be44bfb,published
68362641-2f98-4c99-8bf7-2dfa50becfc2,website-ecommerce,construction,/sites/system-admin-68362641,completed,approved,c8f2216b-3452-49f8-8037-d09a362f556f,8,8,system-admin-68362641,published
a0457760-f682-4750-b093-3c8ee0c790b8,website-ecommerce,construction,/sites/system-admin-a0457760,completed,approved,35d5eb51-7cb3-4d0c-9479-c451b043dbcf,8,8,system-admin-a0457760,published
b37d0447-c261-439a-9d1e-a91889ab309c,website-ecommerce,construction,/sites/system-admin-b37d0447,completed,approved,677a5a2d-0210-42d2-85ca-63373ce8d926,8,8,system-admin-b37d0447,published
c4fc707f-841a-43e6-881e-a71fa1c313c2,website-ecommerce,construction,/sites/system-admin-c4fc707f,completed,approved,63578751-baf1-4cc3-9fd9-bd284f71fbbd,8,8,system-admin-c4fc707f,published
12115b71-9397-4793-be9b-26c7a15e346c,website-ecommerce,creator_services,/sites/system-admin-12115b71,completed,approved,274f3e30-199a-4bb6-a6cb-21f1556e5178,8,8,system-admin-12115b71,published
271e63aa-603a-44fa-b650-a5a6cd85c7c0,website-ecommerce,creator_services,/sites/system-admin-271e63aa,completed,approved,9ed22398-0d94-4b1a-90ec-63ec13eb90b3,8,8,system-admin-271e63aa,published
798003de-8a88-4c49-90fd-8d520b02e3d9,website-ecommerce,creator_services,/sites/system-admin-798003de,completed,approved,e0574284-1a9d-445d-9ca1-c6f2b472ca58,8,8,system-admin-798003de,published
79e14f7c-8163-4e09-bdeb-1b64a444f06a,website-ecommerce,creator_services,/sites/system-admin-79e14f7c,completed,approved,9a24d366-3ee0-4957-92b1-a5b9e46405fe,8,8,system-admin-79e14f7c,published
dcdaf81b-46d4-4fc5-a920-68631922dd82,website-ecommerce,creator_services,/sites/system-admin-dcdaf81b,completed,approved,cdd7dda2-f08a-4790-934b-ea7dd2d1dd98,8,8,system-admin-dcdaf81b,published
de2030f0-f82a-4170-8bd1-7d1daf8a400e,website-ecommerce,creator_services,/sites/system-admin-de2030f0,completed,approved,2f36be42-a03b-4756-9953-f4e3bc1320b8,8,8,system-admin-de2030f0,published
f530197f-66d5-44e2-bef0-619cf446372f,website-ecommerce,creator_services,/sites/system-admin-f530197f,completed,approved,ea671569-d8e4-4502-9736-f2fe556f75f4,8,8,system-admin-f530197f,published
1bc47978-71a2-42ca-b8b8-f2ae3f376726,website-ecommerce,customer_service,/sites/system-admin-1bc47978,completed,approved,4d49ef55-4f51-4486-8205-cfba0544e605,8,8,system-admin-1bc47978,published
5dcf21ac-ec4e-4d79-a2cd-e865ae6bc4b0,website-ecommerce,customer_service,/sites/system-admin-5dcf21ac,completed,approved,952d3c39-41b0-456a-a3f1-25e9035b2adb,8,8,system-admin-5dcf21ac,published
6c815e1e-8e57-4b41-83ba-8d79be40540b,website-ecommerce,customer_service,/sites/system-admin-6c815e1e,completed,approved,2f2a739f-dc79-46a3-8f75-f752c69fad87,8,8,system-admin-6c815e1e,published
89596e46-3f47-48ce-9de5-d2cd9549e9d4,website-ecommerce,customer_service,/sites/system-admin-89596e46,completed,approved,2620356b-dc74-43a6-8531-438880bdb3fe,8,8,system-admin-89596e46,published
8ee5ed26-9174-4072-88a2-13c57b78453b,website-ecommerce,customer_service,/sites/system-admin-8ee5ed26,completed,approved,5e2c0f5b-3183-4031-ad60-26154987bfe0,8,8,system-admin-8ee5ed26,published
9d5a3e4c-96ca-4310-86d8-46eaedaf8c42,website-ecommerce,customer_service,/sites/system-admin-9d5a3e4c,completed,approved,5b37cfea-da7a-47d4-a166-4bc3a00dc77d,8,8,system-admin-9d5a3e4c,published
ddf5a5e6-51a9-4bc1-9a14-806e2dac188b,website-ecommerce,customer_service,/sites/system-admin-ddf5a5e6,completed,approved,ccd0c9a2-9cd2-49bd-9321-e453a9075c6b,8,8,system-admin-ddf5a5e6,published
02cc49cf-58b4-4f5e-80a2-137bd989b0e6,website-ecommerce,design_creative,/sites/system-admin-02cc49cf,completed,approved,049a9690-27ad-4931-ada8-66d83eaf37fd,8,8,system-admin-02cc49cf,published
13c94c25-d360-469d-9b73-bfdf2017a66e,website-ecommerce,design_creative,/sites/system-admin-13c94c25,completed,approved,6401d082-2894-4039-83e8-c6246861566b,8,8,system-admin-13c94c25,published
451bb385-1e03-41f0-88b3-96b5575e51db,website-ecommerce,design_creative,/sites/system-admin-451bb385,completed,approved,7a01259d-1345-432c-9e13-1bc1ea4b1999,8,8,system-admin-451bb385,published
4c44ad7b-e2e7-42c5-a8f5-c1dfc0bf4fb1,website-ecommerce,design_creative,/sites/system-admin-4c44ad7b,completed,approved,e132561a-6b2c-4daa-a96c-3c3c41d38fc8,8,8,system-admin-4c44ad7b,published
af558d55-0470-4382-a9bc-af5b0b2132bb,website-ecommerce,design_creative,/sites/system-admin-af558d55,completed,approved,efde1d27-acce-49d4-8106-a3eb08dcefb4,8,8,system-admin-af558d55,published
c0f9a7d7-40e1-44f6-85d5-57d33a70eeac,website-ecommerce,design_creative,/sites/system-admin-c0f9a7d7,completed,approved,b3106120-b4fd-470b-b8f0-d92a95f8fa78,8,8,system-admin-c0f9a7d7,published
c20db014-3168-4706-8436-340c01dd7ef8,website-ecommerce,design_creative,/sites/system-admin-c20db014,completed,approved,9a75079c-d1e3-4320-be60-64c9f4ffe495,8,8,system-admin-c20db014,published
1d6013de-d155-468c-ad43-1ca402aff21b,website-ecommerce,development_it,/sites/system-admin-1d6013de,completed,approved,253d7254-16d1-449f-bf34-61f6d4194a66,8,8,system-admin-1d6013de,published
23492376-8f88-476b-a8ab-06c4f7b1c37b,website-ecommerce,development_it,/sites/system-admin-23492376,completed,approved,f4f33d2a-1f67-4187-8ae3-c302492bb068,8,8,system-admin-23492376,published
770101f2-b856-457e-85f7-14e5a036ebc9,website-ecommerce,development_it,/sites/system-admin-770101f2,completed,approved,97d45be9-dcc7-4483-9a63-88ea3a37b539,8,8,system-admin-770101f2,published
7ee41878-aa91-4ae4-8751-b018cbe88ebb,website-ecommerce,development_it,/sites/system-admin-7ee41878,completed,approved,0113d9e0-b1e4-4ceb-a5d5-a8060361f1d0,8,8,system-admin-7ee41878,published
86cefb1c-31a9-489e-87af-6eb80832f517,website-ecommerce,development_it,/sites/system-admin-86cefb1c,completed,approved,2720b414-9f1b-4705-ae31-cb6623a0e1a6,8,8,system-admin-86cefb1c,published
92c66a47-81bd-4c44-8f1d-5ba00b1b2563,website-ecommerce,development_it,/sites/system-admin-92c66a47,completed,approved,afccaedc-0fe1-4eca-91a9-544b22ce8c93,8,8,system-admin-92c66a47,published
b67e95e2-1fe9-4b8e-9868-cde0f07ae218,website-ecommerce,development_it,/sites/system-admin-b67e95e2,completed,approved,6883908d-f052-46b5-a04a-066fcd1d331d,8,8,system-admin-b67e95e2,published
0b22860f-a4a2-4737-be10-bad6181d5981,website-ecommerce,ecommerce,/sites/system-admin-0b22860f,completed,approved,d1a14107-dca1-40de-8074-4905ec73f0de,8,8,system-admin-0b22860f,published
27745b64-9097-4a2e-b3ba-0a4ea2f543b8,website-ecommerce,ecommerce,/sites/system-admin-27745b64,completed,approved,2bce8a07-aeec-400e-a979-6ddb1d756249,8,8,system-admin-27745b64,published
478a1a21-14ed-4d7e-a4ac-49fec1153871,website-ecommerce,ecommerce,/sites/system-admin-478a1a21,completed,approved,49388125-412f-48d2-a2ad-7981192045ee,8,8,system-admin-478a1a21,published
6eff5185-b1c0-4ffc-aa3e-90d34519174d,website-ecommerce,ecommerce,/sites/system-admin-6eff5185,completed,approved,9e23b845-6f13-48bc-b90f-546047821e53,8,8,system-admin-6eff5185,published
87076c4f-8076-4256-b0db-5ae7fe0bc4c8,website-ecommerce,ecommerce,/sites/system-admin-87076c4f,completed,approved,e5daa87d-b620-4282-8c4c-e9a209e73210,8,8,system-admin-87076c4f,published
ba9f7ad8-7901-4e87-92a3-b7bedbb30fc4,website-ecommerce,ecommerce,/sites/system-admin-ba9f7ad8,completed,approved,542cd31d-db64-4e65-81f7-1d3ca420ef9d,8,8,system-admin-ba9f7ad8,published
bab4b40c-7bb1-4d8a-a6b8-fd5582657e58,website-ecommerce,ecommerce,/sites/system-admin-bab4b40c,completed,approved,d83ec04e-97d4-4d72-9408-32d928ffd26e,8,8,system-admin-bab4b40c,published
18160e2d-28b4-4ca8-acb1-b109ff096dff,website-ecommerce,education,/sites/system-admin-18160e2d,completed,approved,caed216f-d14b-447f-9863-2f0c537462b4,8,8,system-admin-18160e2d,published
2a40d173-9c52-4cad-9bf0-ecd01028ee22,website-ecommerce,education,/sites/system-admin-2a40d173,completed,approved,ebb71d1d-583e-407a-94dc-a8071c2b6173,8,8,system-admin-2a40d173,published
68b12550-04bb-452d-8190-f4018b3abc56,website-ecommerce,education,/sites/system-admin-68b12550,completed,approved,6edf80bd-8e3d-4479-af50-7a102bbd9eca,8,8,system-admin-68b12550,published
ad4e32d8-edb1-4c91-9dcd-2afe3ec1f05d,website-ecommerce,education,/sites/system-admin-ad4e32d8,completed,approved,5f2ef95d-907a-4199-b8cf-bc297cf5b348,8,8,system-admin-ad4e32d8,published
b165c8cc-6612-42c8-a0ff-d254323a0d0a,website-ecommerce,education,/sites/system-admin-b165c8cc,completed,approved,769d373b-4894-4a53-a7d8-6ac56cae5d09,8,8,system-admin-b165c8cc,published
e207efe7-3705-4ce6-8ac3-fa18c3cdd864,website-ecommerce,education,/sites/system-admin-e207efe7,completed,approved,91fdec0e-fa1f-43ab-abd9-a76893f4afe9,8,8,system-admin-e207efe7,published
e432ba45-bdae-4417-a92e-707bd0b0dc97,website-ecommerce,education,/sites/system-admin-e432ba45,completed,approved,340c028e-6b6e-44c1-8d69-917676aa1000,8,8,system-admin-e432ba45,published
e988b0cf-fb4d-462b-8d23-320055f6037d,website-ecommerce,education,/sites/system-admin-e988b0cf,completed,approved,339bb2f5-38bb-404d-8407-904c32612762,8,8,system-admin-e988b0cf,published
f79a4f37-45bd-479a-8183-86a9380202d4,website-ecommerce,education,/sites/system-admin-f79a4f37,completed,approved,7da6edfb-52e8-48a1-898d-31a4bd87f0a8,8,8,system-admin-f79a4f37,published
5594e8a6-1a9c-4bd3-9ed8-e9d87485fd2e,website-ecommerce,education_training,/sites/system-admin-5594e8a6,completed,approved,1437be1d-04bc-4435-b86c-8fd4d720f468,8,8,system-admin-5594e8a6,published
5a751065-04af-4908-a7e4-3287559e8fab,website-ecommerce,education_training,/sites/system-admin-5a751065,completed,approved,b205d740-d2ae-4c10-b079-03a8f19256f3,8,8,system-admin-5a751065,published
86ddee09-a135-4c1b-94a8-0077459c3029,website-ecommerce,education_training,/sites/system-admin-86ddee09,completed,approved,8885e67e-de87-4a94-8f05-3ef678450db6,8,8,system-admin-86ddee09,published
bb5ad32d-feeb-42bb-bd4b-dc5ffac42907,website-ecommerce,education_training,/sites/system-admin-bb5ad32d,completed,approved,0cfd8f2a-9a1f-402e-9fff-7f37be419cca,8,8,system-admin-bb5ad32d,published
ccf477cd-c217-4660-8aaf-0e4a6b22bae0,website-ecommerce,education_training,/sites/system-admin-ccf477cd,completed,approved,9ef963e0-c489-4cd0-a349-696b370dbe43,8,8,system-admin-ccf477cd,published
e8dafe8b-7bae-48dc-ad97-64666adeed9c,website-ecommerce,education_training,/sites/system-admin-e8dafe8b,completed,approved,78506c8e-c60b-4300-a59f-a46038ec3e39,8,8,system-admin-e8dafe8b,published
ec5516d6-4ae2-4710-91d9-3bc78e580eb6,website-ecommerce,education_training,/sites/system-admin-ec5516d6,completed,approved,b2582138-a326-4814-9af5-dea1c664e3a2,8,8,system-admin-ec5516d6,published
078cdf54-d2b3-4d47-a000-69f69557f0f9,website-ecommerce,energy,/sites/system-admin-078cdf54,completed,approved,60d6752e-df3e-47ed-9ded-0ae40e51baba,8,8,system-admin-078cdf54,published
0ad4541d-7e13-4617-8a31-943076f65f89,website-ecommerce,energy,/sites/system-admin-0ad4541d,completed,approved,b26d131e-d4b5-4891-97eb-99402245f9b9,8,8,system-admin-0ad4541d,published
128756ab-adda-4f29-b5e8-0335def71084,website-ecommerce,energy,/sites/system-admin-128756ab,completed,approved,39e1498f-b634-412c-95de-4ef7b2730bc8,8,8,system-admin-128756ab,published
8b640b75-03ba-4513-9c60-d851f5313f81,website-ecommerce,energy,/sites/system-admin-8b640b75,completed,approved,e7019458-b49a-4a9c-b652-153c29cc52a3,8,8,system-admin-8b640b75,published
909b0f73-54e7-4acd-b0ed-6f97e54aa89a,website-ecommerce,energy,/sites/system-admin-909b0f73,completed,approved,c9dfb957-d65f-4120-a279-5a4d42ba0df6,8,8,system-admin-909b0f73,published
e12ee0ab-b51a-42ac-8f88-c6b618fad02a,website-ecommerce,energy,/sites/system-admin-e12ee0ab,completed,approved,b9882b3e-01b7-4eee-8dae-3a9e70966539,8,8,system-admin-e12ee0ab,published
f7937061-aa33-4542-9e28-f57744b7549d,website-ecommerce,energy,/sites/system-admin-f7937061,completed,approved,5f112101-5e37-42f9-bac2-659c0ad4b98d,8,8,system-admin-f7937061,published
1709c4d6-15fa-4cd4-9cc1-fb1c8e1c64b2,website-ecommerce,engineering_architecture,/sites/system-admin-1709c4d6,completed,approved,a80298fb-d1f0-4d78-930b-92b8a726a2a1,8,8,system-admin-1709c4d6,published
1a04ec7d-19f2-44d9-b263-df360acb76dc,website-ecommerce,engineering_architecture,/sites/system-admin-1a04ec7d,completed,approved,79fe753a-90a8-46ad-95ea-90a49c466021,8,8,system-admin-1a04ec7d,published
28928fe1-c848-49eb-8b0e-3deb1d5b80af,website-ecommerce,engineering_architecture,/sites/system-admin-28928fe1,completed,approved,cdb4e2d1-036a-40d4-953b-fbb5aa5edefa,8,8,system-admin-28928fe1,published
30ac990d-f1c1-4dde-a964-a944eb449c04,website-ecommerce,engineering_architecture,/sites/system-admin-30ac990d,completed,approved,bbdf93b8-5770-4431-892d-89fa14b36013,8,8,system-admin-30ac990d,published
66e51660-7e4d-4e2a-9bae-4f1c8d316153,website-ecommerce,engineering_architecture,/sites/system-admin-66e51660,completed,approved,b2d6f06d-62cd-4611-b346-2b7cb32d76c3,8,8,system-admin-66e51660,published
7b21232b-c47b-443d-a6a7-510d9fa1075b,website-ecommerce,engineering_architecture,/sites/system-admin-7b21232b,completed,approved,00a5bebd-1a7d-4e44-a9b3-673b9b96a5db,8,8,system-admin-7b21232b,published
ebe09b1c-88b5-4130-b05b-097ba323f99a,website-ecommerce,engineering_architecture,/sites/system-admin-ebe09b1c,completed,approved,40afe819-6c84-4c42-808e-897c6e17bb6d,8,8,system-admin-ebe09b1c,published
11a9d9c0-7d02-44d4-9ca3-1ffd497fbe0a,website-ecommerce,engineering_science,/sites/system-admin-11a9d9c0,completed,approved,d4a7bfd9-5c10-442a-91a6-e31aa7a22603,8,8,system-admin-11a9d9c0,published
1f226663-8de9-47b3-b213-3c9cca055b0a,website-ecommerce,engineering_science,/sites/system-admin-1f226663,completed,approved,e5c179eb-84e6-44b2-862c-7bc7b4d810c8,8,8,system-admin-1f226663,published
449fe8d9-81c0-49f5-96ea-a76e0f112eea,website-ecommerce,engineering_science,/sites/system-admin-449fe8d9,completed,approved,1596c9a3-904b-41dc-8320-30000da5878b,8,8,system-admin-449fe8d9,published
6a240bbd-fab3-4c9c-9006-2852cb55cc56,website-ecommerce,engineering_science,/sites/system-admin-6a240bbd,completed,approved,fabecf15-0417-496f-bceb-db07e138caec,8,8,system-admin-6a240bbd,published
8579fc83-4c83-403a-ba92-cc80e20cbd07,website-ecommerce,engineering_science,/sites/system-admin-8579fc83,completed,approved,5b7c8508-e73f-4d11-a9f2-1a5cdfb07b02,8,8,system-admin-8579fc83,published
b1076ed9-321e-404b-8ed7-cc6f5499e2ec,website-ecommerce,engineering_science,/sites/system-admin-b1076ed9,completed,approved,cc063a5c-2a2b-4d62-a0ed-ece1f8e98e05,8,8,system-admin-b1076ed9,published
f6f7660c-e4dc-4665-9a59-e3dc6972defc,website-ecommerce,engineering_science,/sites/system-admin-f6f7660c,completed,approved,a106f530-8309-4c0c-a6e1-11f843dcb387,8,8,system-admin-f6f7660c,published
266116e8-64d1-402b-88fe-ab085726b2c6,website-ecommerce,entertainment,/sites/system-admin-266116e8,completed,approved,4e3bbde4-2f42-474e-af30-86c13d76186e,8,8,system-admin-266116e8,published
5c463f35-5799-4142-93f7-6d72cc16bc4f,website-ecommerce,entertainment,/sites/system-admin-5c463f35,completed,approved,22d28a0b-6df5-4405-a5f1-6acb71ab562c,8,8,system-admin-5c463f35,published
a0d20e33-50d5-47d9-927c-52b8b6615e6d,website-ecommerce,entertainment,/sites/system-admin-a0d20e33,completed,approved,03217811-bdf9-46ba-97da-9e5e2d6897dc,8,8,system-admin-a0d20e33,published
b17dfbab-fb51-435a-9e80-6d5b96fc509b,website-ecommerce,entertainment,/sites/system-admin-b17dfbab,completed,approved,e4ef58a1-484f-413b-adac-b05543e137f4,8,8,system-admin-b17dfbab,published
c59617f2-7e03-489c-91f5-2d9d5166199b,website-ecommerce,entertainment,/sites/system-admin-c59617f2,completed,approved,804120ec-33a1-43a8-a90c-306f30438f03,8,8,system-admin-c59617f2,published
d75cf0b5-166b-4d20-9428-3bbec6023365,website-ecommerce,entertainment,/sites/system-admin-d75cf0b5,completed,approved,824e99b9-2181-49c1-a42a-261efd5ff0c2,8,8,system-admin-d75cf0b5,published
d9193113-335d-4ebd-81e7-3e61fcc6113d,website-ecommerce,entertainment,/sites/system-admin-d9193113,completed,approved,0d044474-c7c1-41c5-8d6d-8df41c0eff2c,8,8,system-admin-d9193113,published
01c109d5-d535-44d8-a6dd-4807c3a1abc8,website-ecommerce,finance,/sites/system-admin-01c109d5,completed,approved,2a44e64c-3c88-4cd4-a6d6-5c1de58854ea,8,8,system-admin-01c109d5,published
33c9a1e0-c2d7-4345-9531-10f53822af16,website-ecommerce,finance,/sites/system-admin-33c9a1e0,completed,approved,99ee1fe7-ac8f-4067-a313-e78576a9e7cb,8,8,system-admin-33c9a1e0,published
381fbbd9-1e96-4446-8a16-da227e1ce6f3,website-ecommerce,finance,/sites/system-admin-381fbbd9,completed,approved,f6e9c60a-70c7-4375-9f54-8eeafec01fc1,8,8,system-admin-381fbbd9,published
3984bfff-68be-4b37-8ee0-d36b8c6380e4,website-ecommerce,finance,/sites/system-admin-3984bfff,completed,approved,c1e3f8a2-cd16-44ad-8056-469e3425e988,8,8,system-admin-3984bfff,published
3a6e7117-5551-45b7-a489-c31bad7de5c6,website-ecommerce,finance,/sites/system-admin-3a6e7117,completed,approved,73c5773e-e5ad-4575-8c77-1f44c647e165,8,8,system-admin-3a6e7117,published
9c24d1b4-91f4-4f6f-a813-34f6c187123f,website-ecommerce,finance,/sites/system-admin-9c24d1b4,completed,approved,f14e4205-43e3-4d7e-8a2e-c8d845744518,8,8,system-admin-9c24d1b4,published
9fcb2c67-85bd-4728-8af0-2a408cdca785,website-ecommerce,finance,/sites/system-admin-9fcb2c67,completed,approved,00e8a59e-06bd-43da-9306-ae277e3ae339,8,8,system-admin-9fcb2c67,published
a457381d-bee5-492e-8836-9099b5833f4c,website-ecommerce,finance,/sites/system-admin-a457381d,completed,approved,47e90727-e341-4407-91cc-486eefe81e8d,8,8,system-admin-a457381d,published
220ac8af-3ada-4b1e-beb1-4ea4c9ac9c49,website-ecommerce,finance_accounting,/sites/system-admin-220ac8af,completed,approved,33b09c8f-f3dc-44fe-ad53-4e34f10725b1,8,8,system-admin-220ac8af,published
3131c4ec-9b29-4071-9db1-58887b275346,website-ecommerce,finance_accounting,/sites/system-admin-3131c4ec,completed,approved,62df9a7b-c0b3-400a-b00e-078813923488,8,8,system-admin-3131c4ec,published
6287eb16-0c94-4fda-87ff-2633fcc45421,website-ecommerce,finance_accounting,/sites/system-admin-6287eb16,completed,approved,e0472965-7efa-435d-b99b-fb8d38da6a47,8,8,system-admin-6287eb16,published
6bf71d9a-6032-4b9b-a8dd-3b9e7ddde214,website-ecommerce,finance_accounting,/sites/system-admin-6bf71d9a,completed,approved,86bc489f-047a-4951-a974-d05d1e84f28e,8,8,system-admin-6bf71d9a,published
6d6fb0ad-2ed5-4a11-85ca-af079b4476ea,website-ecommerce,finance_accounting,/sites/system-admin-6d6fb0ad,completed,approved,bb795fc5-fc8e-4eab-ab7d-691ada088113,8,8,system-admin-6d6fb0ad,published
77aaa2e5-5632-45d3-a7f2-523e28b19d60,website-ecommerce,finance_accounting,/sites/system-admin-77aaa2e5,completed,approved,d3970489-051d-45c0-9625-1736204abf74,8,8,system-admin-77aaa2e5,published
b5b85d1c-614e-4b72-bc9b-321b2d79db20,website-ecommerce,finance_accounting,/sites/system-admin-b5b85d1c,completed,approved,a1dd7c93-39d7-42a6-bbc6-01b60dc1869c,8,8,system-admin-b5b85d1c,published
dcd2780a-2cb7-4cf9-839d-3b7cc2673fd9,website-ecommerce,finance_accounting,/sites/system-admin-dcd2780a,completed,approved,1694bb27-9bc6-4a15-b7e1-96f3c7da9d68,8,8,system-admin-dcd2780a,published
203a0c9e-1b95-40a2-8d20-d3c03ac05167,website-ecommerce,fitness,/sites/system-admin-203a0c9e,completed,approved,407a9c1f-0b29-4e9c-8203-d098d16ca52c,8,8,system-admin-203a0c9e,published
39a90e89-bcdd-45cc-ad01-e920d465fef8,website-ecommerce,fitness,/sites/system-admin-39a90e89,completed,approved,229b0a11-3c79-4468-8006-91fc9773bdd4,8,8,system-admin-39a90e89,published
5d286b90-7a2c-49a1-a1d2-89eb6100b7f2,website-ecommerce,fitness,/sites/system-admin-5d286b90,completed,approved,9f4bbbfb-06b0-4c5a-b0a7-ffd97d09b454,8,8,system-admin-5d286b90,published
70a86a97-7cb6-451d-a961-afc1901ba9ec,website-ecommerce,fitness,/sites/system-admin-70a86a97,completed,approved,ec234059-ca66-4af8-8c08-bba41d0890e9,8,8,system-admin-70a86a97,published
7274913c-8b1d-4705-aa0a-76db11c351be,website-ecommerce,fitness,/sites/system-admin-7274913c,completed,approved,6e379087-e408-4852-95ff-7b6d0da1ed73,8,8,system-admin-7274913c,published
8fba053b-ec1a-496c-be79-5e88a1abeedf,website-ecommerce,fitness,/sites/system-admin-8fba053b,completed,approved,8c97ff35-0b76-4270-86c7-79e6124f4081,8,8,system-admin-8fba053b,published
e3c0ba96-0b5f-4df5-82ab-774d442b4063,website-ecommerce,fitness,/sites/system-admin-e3c0ba96,completed,approved,f4d4001a-23da-4214-8c97-cde3dd0eeae3,8,8,system-admin-e3c0ba96,published
03b30e46-9dd2-4477-8d45-3dd2de452cfc,website-ecommerce,government,/sites/system-admin-03b30e46,completed,approved,d2668596-012e-4e54-8c1a-61295c008d44,8,8,system-admin-03b30e46,published
0fef4f54-bdb3-4559-8a0d-a3b369f561b4,website-ecommerce,government,/sites/system-admin-0fef4f54,completed,approved,02133088-53cf-4279-975a-127839f7150e,8,8,system-admin-0fef4f54,published
8ccdfaec-11c4-4826-a97c-768df68c6527,website-ecommerce,government,/sites/system-admin-8ccdfaec,completed,approved,d221dd2e-482f-4652-9400-a8e1213e646f,8,8,system-admin-8ccdfaec,published
d5bdea8b-8f43-44c7-b5e5-8714d57cee9f,website-ecommerce,government,/sites/system-admin-d5bdea8b,completed,approved,2d7cc684-69e6-4b41-bad8-2c08f01de54f,8,8,system-admin-d5bdea8b,published
dd761198-1ab8-4601-9676-9e3fa4b9a78a,website-ecommerce,government,/sites/system-admin-dd761198,completed,approved,c8245936-13c9-4e1b-a07d-798c0ff14db4,8,8,system-admin-dd761198,published
e1dddd5d-d967-429f-ae11-580a32b72587,website-ecommerce,government,/sites/system-admin-e1dddd5d,completed,approved,8a370fba-da87-4ad2-a062-4ab7bad8707a,8,8,system-admin-e1dddd5d,published
f5087bf1-633e-411b-ae82-b7279e07d479,website-ecommerce,government,/sites/system-admin-f5087bf1,completed,approved,eccd2db0-c3f0-4561-adc6-6ecab36e9659,8,8,system-admin-f5087bf1,published
0341add6-50a5-4979-bb31-988e490eacd9,website-ecommerce,healthcare,/sites/system-admin-0341add6,completed,approved,d0b21be1-504f-4270-82a3-9f2076eee327,8,8,system-admin-0341add6,published
074eabeb-99bd-4543-81a8-03a24c6cc4a2,website-ecommerce,healthcare,/sites/system-admin-074eabeb,completed,approved,3ce7e704-4ff3-4f6d-bad6-e69445c56c6e,8,8,system-admin-074eabeb,published
29bcf937-7a62-49c2-ace4-58f4d18522dd,website-ecommerce,healthcare,/sites/system-admin-29bcf937,completed,approved,66bbb643-e188-46c0-8c91-a3243361a56b,8,8,system-admin-29bcf937,published
39c0dd91-4b57-40ac-a467-3f6c0f44ce74,website-ecommerce,healthcare,/sites/system-admin-39c0dd91,completed,approved,2dd00fa3-fcdf-4738-9ba0-64afabc62cb9,8,8,system-admin-39c0dd91,published
49f68a7d-b2dd-41a0-9a7d-3cdf1a29b697,website-ecommerce,healthcare,/sites/system-admin-49f68a7d,completed,approved,dcb6a89a-9311-4fa0-ab6d-b0994cc9dca5,8,8,system-admin-49f68a7d,published
70d9ae6b-c2e4-4eb1-9bd4-063ad5091bc0,website-ecommerce,healthcare,/sites/system-admin-70d9ae6b,completed,approved,c4a8d478-53b7-4f29-9293-ad213a2f35eb,8,8,system-admin-70d9ae6b,published
7fe1ca91-9a66-4380-afd8-1983e4422cdf,website-ecommerce,healthcare,/sites/system-admin-7fe1ca91,completed,approved,ea3153b0-6f49-40bb-9106-cea9ba3fafe9,8,8,system-admin-7fe1ca91,published
d1781cde-8138-44ee-8f79-3a18dc9a6f35,website-ecommerce,healthcare,/sites/system-admin-d1781cde,completed,approved,1fe170dc-4a70-4cf6-99e4-d0e7a60480dc,8,8,system-admin-d1781cde,published
161c7c49-1fea-4958-a486-3b952bdc4a19,website-ecommerce,home_services,/sites/system-admin-161c7c49,completed,approved,f5bd80d1-e40a-4661-9d33-4cde47988365,8,8,system-admin-161c7c49,published
285a60af-28bb-4399-8a0b-844b5260f3e0,website-ecommerce,home_services,/sites/system-admin-285a60af,completed,approved,bab6a260-d8b0-4d13-b711-083698907ca9,8,8,system-admin-285a60af,published
2e5774ca-b0ea-40fc-9411-d03566ad0c8c,website-ecommerce,home_services,/sites/system-admin-2e5774ca,completed,approved,d1b91ac1-77c9-4521-a640-8775d11574f2,8,8,system-admin-2e5774ca,published
34110f5b-1c04-4329-baff-2904e09f9f94,website-ecommerce,home_services,/sites/system-admin-34110f5b,completed,approved,47046dc2-08ad-4b8c-9d65-fc600f930fe6,8,8,system-admin-34110f5b,published
4132542a-98a2-48ab-8e17-96f3a7704969,website-ecommerce,home_services,/sites/system-admin-4132542a,completed,approved,ce898508-84ae-4345-8543-e3bd184d4390,8,8,system-admin-4132542a,published
d6ae70c2-cec0-434e-9dbf-25024ac6619d,website-ecommerce,home_services,/sites/system-admin-d6ae70c2,completed,approved,ab3a76d4-8e6a-4856-9c4a-5d62a28e6334,8,8,system-admin-d6ae70c2,published
0f21fec6-8b0b-484d-82e6-b15ed02a34eb,website-ecommerce,hospitality,/sites/system-admin-0f21fec6,completed,approved,b96326de-9499-4de0-bd88-2bdb25707351,8,8,system-admin-0f21fec6,published
11702cba-ecc1-4381-a4e5-15d5d17e376c,website-ecommerce,hospitality,/sites/system-admin-11702cba,completed,approved,f14818e0-c5ae-42e0-991b-48be0b030186,8,8,system-admin-11702cba,published
46b22277-7021-4186-9c1a-7b32202f7fe5,website-ecommerce,hospitality,/sites/system-admin-46b22277,completed,approved,0a9ae4be-ff1b-4915-a585-4cefb627ed6c,8,8,system-admin-46b22277,published
57908920-6460-4c64-b6eb-22d1ac3f980c,website-ecommerce,hospitality,/sites/system-admin-57908920,completed,approved,b4b4b441-970d-4b34-923f-9e97f60f1b5d,8,8,system-admin-57908920,published
58163dd7-8dec-407d-bf76-e35bc47a10ad,website-ecommerce,hospitality,/sites/system-admin-58163dd7,completed,approved,87480a5b-594e-4b35-b8b0-8063cdc30759,8,8,system-admin-58163dd7,published
66bae81f-19cc-438e-8100-001256fdf30f,website-ecommerce,hospitality,/sites/system-admin-66bae81f,completed,approved,148951a8-d5d4-48e7-a696-207f5fdd0de1,8,8,system-admin-66bae81f,published
80142646-abb9-4394-9069-e31a845a1697,website-ecommerce,hospitality,/sites/system-admin-80142646,completed,approved,08d3d785-1d0f-4e33-9284-fc3e194585cb,8,8,system-admin-80142646,published
8115a54d-01d7-4e78-a470-be22d03a3102,website-ecommerce,hospitality,/sites/system-admin-8115a54d,completed,approved,6ce785a2-a2ea-4436-ac38-20a4a8c6e45b,8,8,system-admin-8115a54d,published
93af439a-241f-47e1-b487-30c04d9fd937,website-ecommerce,hospitality,/sites/system-admin-93af439a,completed,approved,ac8ca3a7-1d1c-4e68-abd0-7db6c3b62949,8,8,system-admin-93af439a,published
024a7244-ca50-422d-87e1-76000cbea20b,website-ecommerce,hr_recruiting,/sites/system-admin-024a7244,completed,approved,679389b9-8c3b-4bfa-808e-c8796152533b,8,8,system-admin-024a7244,published
101b83c0-7540-44a6-bd83-dd75b70e3dca,website-ecommerce,hr_recruiting,/sites/system-admin-101b83c0,completed,approved,f15258b0-783c-4e63-99dc-621c18258774,8,8,system-admin-101b83c0,published
687d6d1e-1739-4f80-84bc-4dc941ad0df2,website-ecommerce,hr_recruiting,/sites/system-admin-687d6d1e,completed,approved,8d2a234c-0172-495f-ab9d-b96a2ca8ea4d,8,8,system-admin-687d6d1e,published
6d8c7fa3-bb4f-42f1-a762-f7d9dc65d968,website-ecommerce,hr_recruiting,/sites/system-admin-6d8c7fa3,completed,approved,405e0e82-6ff7-4071-9714-b4d70cac85ce,8,8,system-admin-6d8c7fa3,published
c8e29fbb-dfb3-4439-8477-44eedf7795d9,website-ecommerce,hr_recruiting,/sites/system-admin-c8e29fbb,completed,approved,797d8a97-c4fe-4563-97cb-6a2fae7ed1fc,8,8,system-admin-c8e29fbb,published
cc1d72b1-3641-4920-8a79-fc7e6ebe089b,website-ecommerce,hr_recruiting,/sites/system-admin-cc1d72b1,completed,approved,07386997-09a2-49df-89d4-c3e3b66bbc90,8,8,system-admin-cc1d72b1,published
dec91585-7e14-4b47-9c08-3a6358d9a652,website-ecommerce,hr_recruiting,/sites/system-admin-dec91585,completed,approved,46b544a8-5481-4e7f-b5de-5f522a9e46b5,8,8,system-admin-dec91585,published
e3e401c6-f5f5-4b15-9a92-841fd8dad673,website-ecommerce,hr_recruiting,/sites/system-admin-e3e401c6,completed,approved,08faccd3-6f22-4730-9e3f-f868ecae85f5,8,8,system-admin-e3e401c6,published
345c0582-b317-46e1-9435-8de0e8010bc8,website-ecommerce,industrial,/sites/system-admin-345c0582,completed,approved,55d37b01-5228-4b6d-b730-1e9fd1d782af,8,8,system-admin-345c0582,published
65c11b5a-681a-4bb1-ac54-e6fad95bffb6,website-ecommerce,industrial,/sites/system-admin-65c11b5a,completed,approved,64b9aafb-24f2-4dd4-9884-1b93689645d3,8,8,system-admin-65c11b5a,published
6cc05295-aeee-4ee3-bdc1-70d87aa92ef9,website-ecommerce,industrial,/sites/system-admin-6cc05295,completed,approved,24e13cf8-4d5c-4bad-ad58-7e2a34ddd4e9,8,8,system-admin-6cc05295,published
8ff665fd-f3af-4f25-904e-b4183dca03f6,website-ecommerce,industrial,/sites/system-admin-8ff665fd,completed,approved,30bb579d-26ea-44fb-b3b4-e420de0d8329,8,8,system-admin-8ff665fd,published
c07c30ce-8358-46c3-bc69-749b78332d98,website-ecommerce,industrial,/sites/system-admin-c07c30ce,completed,approved,2c18f5e2-661b-49aa-be93-fc874b3cec64,8,8,system-admin-c07c30ce,published
fb3afc62-c3d5-43b1-a048-5a40f5e23942,website-ecommerce,industrial,/sites/system-admin-fb3afc62,completed,approved,24522b6d-e559-4064-bbc3-9add9835b710,8,8,system-admin-fb3afc62,published
2a35bc16-7607-4825-8f94-48d9a82336e7,website-ecommerce,legal,/sites/system-admin-2a35bc16,completed,approved,9df467d1-a832-42a3-b085-ffce7b92ed05,8,8,system-admin-2a35bc16,published
3519f295-5abf-4335-bee0-a4884c2a6c08,website-ecommerce,legal,/sites/system-admin-3519f295,completed,approved,690409ac-c052-48fd-9e1c-064dec34ebce,8,8,system-admin-3519f295,published
4a91abfb-0936-4d9d-a324-8e4e1e2ecb5a,website-ecommerce,legal,/sites/system-admin-4a91abfb,completed,approved,95704f86-ea58-47f9-90a1-58f0cf70703d,8,8,system-admin-4a91abfb,published
5e9c59e6-e691-4028-b8e2-10786e1fc6c9,website-ecommerce,legal,/sites/system-admin-5e9c59e6,completed,approved,b6805911-049b-4b65-9bb6-875ba66d16f8,8,8,system-admin-5e9c59e6,published
75c2dd57-fd01-4499-8f4f-108fce25c217,website-ecommerce,legal,/sites/system-admin-75c2dd57,completed,approved,3135b592-0716-495b-b5c3-1af77ecbb64b,8,8,system-admin-75c2dd57,published
76d602a7-1195-404d-97b2-278a5a5f0eda,website-ecommerce,legal,/sites/system-admin-76d602a7,completed,approved,6ae7590a-65c1-4482-af5c-9cd04c9457fd,8,8,system-admin-76d602a7,published
cbcffb01-0c8b-4b29-9dd5-22320b98a223,website-ecommerce,legal,/sites/system-admin-cbcffb01,completed,approved,47f11c5f-870d-4ebb-af8a-eca06e15a7a7,8,8,system-admin-cbcffb01,published
f7b48823-46b3-4f82-8326-dda07c6d91e8,website-ecommerce,legal,/sites/system-admin-f7b48823,completed,approved,8074c952-e6b5-41aa-8cf6-e9514c7f656b,8,8,system-admin-f7b48823,published
01c48c9a-7b50-4fd7-b28a-96e1ce18c00e,website-ecommerce,legal_services,/sites/system-admin-01c48c9a,completed,approved,8f4eec81-ea12-449d-b5fa-4579585b6569,8,8,system-admin-01c48c9a,published
098c6946-c7c0-4d83-9432-4b2de1ef85b9,website-ecommerce,legal_services,/sites/system-admin-098c6946,completed,approved,7de495c9-b5d4-41e7-b450-cd622ec79dc2,8,8,system-admin-098c6946,published
25ea97e6-2db2-4967-9edb-002ee5c1d723,website-ecommerce,legal_services,/sites/system-admin-25ea97e6,completed,approved,d742f73d-1aa6-4bc6-babf-ca70c58b34f5,8,8,system-admin-25ea97e6,published
2d1bde87-a9a6-4f79-a4f1-a3dc6b1e8a6f,website-ecommerce,legal_services,/sites/system-admin-2d1bde87,completed,approved,c241f02a-2839-4398-bad3-1c03a243a997,8,8,system-admin-2d1bde87,published
9adb6cee-47ab-4599-86e0-db7db0b7a2c1,website-ecommerce,legal_services,/sites/system-admin-9adb6cee,completed,approved,2219465f-7a17-411b-bcbc-f922921304e1,8,8,system-admin-9adb6cee,published
a0f45341-d9c6-4eb2-82ba-fbac8042ec08,website-ecommerce,legal_services,/sites/system-admin-a0f45341,completed,approved,2dd1c598-9d3a-4dd6-96bc-5956f39ba54f,8,8,system-admin-a0f45341,published
dba94980-21ca-4289-a118-b37a42d2a430,website-ecommerce,legal_services,/sites/system-admin-dba94980,completed,approved,86f0a8b4-b556-4843-9c8b-f47b1dba0a0d,8,8,system-admin-dba94980,published
08208b3d-20b4-4284-b4a4-3ff0e11ecce0,website-ecommerce,localization,/sites/system-admin-08208b3d,completed,approved,540dd434-a8a2-4471-bfa0-efbf16aee511,8,8,system-admin-08208b3d,published
1d024db8-0f9a-4cd7-a9d0-d7f50ee23d66,website-ecommerce,localization,/sites/system-admin-1d024db8,completed,approved,1772f9e4-1de8-40df-8f5b-5d94239fc53c,8,8,system-admin-1d024db8,published
6a7e393a-8519-456c-ba22-e96417183fc5,website-ecommerce,localization,/sites/system-admin-6a7e393a,completed,approved,08c23d32-57e4-4640-89e5-3941a0ebd253,8,8,system-admin-6a7e393a,published
7bb6c1b1-5ed4-4d8d-9065-2d6030d10c7d,website-ecommerce,localization,/sites/system-admin-7bb6c1b1,completed,approved,458ec7fc-a0cc-4f9b-a4bc-43e8e4f3a264,8,8,system-admin-7bb6c1b1,published
7ed5563d-555c-490b-9849-8eabe9cd81da,website-ecommerce,localization,/sites/system-admin-7ed5563d,completed,approved,63e47c9c-6945-4ace-a09f-8a4d50c4ea95,8,8,system-admin-7ed5563d,published
8c2717dc-1edd-4a21-8124-68dddbf870db,website-ecommerce,localization,/sites/system-admin-8c2717dc,completed,approved,99ddc0df-ac4b-4521-987a-f5b51c68b1cf,8,8,system-admin-8c2717dc,published
95c1ae11-505b-432e-93c4-543224701b1e,website-ecommerce,localization,/sites/system-admin-95c1ae11,completed,approved,9dffdf25-2076-45dd-bc29-2b7673313491,8,8,system-admin-95c1ae11,published
99fceaba-5c5e-44e6-a318-63e2995c80a7,website-ecommerce,localization,/sites/system-admin-99fceaba,completed,approved,f319f48c-56ca-4941-822e-69b7df01e2a9,8,8,system-admin-99fceaba,published
ccefcfd2-9979-469e-a3df-bac9212bcb7a,website-ecommerce,localization,/sites/system-admin-ccefcfd2,completed,approved,5206c544-910b-400c-86a6-1fd30673ca75,8,8,system-admin-ccefcfd2,published
e3c01403-3835-45fe-9624-ba7a3cd389d4,website-ecommerce,localization,/sites/system-admin-e3c01403,completed,approved,b82b2fbb-0fb1-4144-95cc-c1cdede8b4e7,8,8,system-admin-e3c01403,published
3936dfe2-8eb0-4c95-bd51-a5dd302581f8,website-ecommerce,logistics,/sites/system-admin-3936dfe2,completed,approved,5fb7b104-718d-474b-b3ed-dec3f24752e8,8,8,system-admin-3936dfe2,published
60ea4708-8e95-4ba1-8b78-229a28149204,website-ecommerce,logistics,/sites/system-admin-60ea4708,completed,approved,031ff97a-8866-46f5-ba93-cf6bee975e9b,8,8,system-admin-60ea4708,published
66bfbc21-0897-45dd-9a27-492d79a0a2e3,website-ecommerce,logistics,/sites/system-admin-66bfbc21,completed,approved,ab6ddb62-9990-4148-9e28-8c7f91ffd3a4,8,8,system-admin-66bfbc21,published
7381f9de-6614-41e5-bf27-f096c53bb4e2,website-ecommerce,logistics,/sites/system-admin-7381f9de,completed,approved,8417e12a-07b2-4574-90e6-6b2334591036,8,8,system-admin-7381f9de,published
8d7b1c93-060c-47a7-9c77-8154aba12091,website-ecommerce,logistics,/sites/system-admin-8d7b1c93,completed,approved,17997e14-ff98-436c-b8c6-276965fe6432,8,8,system-admin-8d7b1c93,published
8e8c1776-e612-4619-bd87-50cb798123e6,website-ecommerce,logistics,/sites/system-admin-8e8c1776,completed,approved,aef86c84-f9af-4914-9ee3-babd1ba66207,8,8,system-admin-8e8c1776,published
966b24ad-36c0-4838-abd3-4b5f08a99dd6,website-ecommerce,logistics,/sites/system-admin-966b24ad,completed,approved,fe37a5c7-c132-4ab1-acf4-e280c45c0b0b,8,8,system-admin-966b24ad,published
fb320687-4a89-4c80-b8b1-7c30f4dc6570,website-ecommerce,logistics,/sites/system-admin-fb320687,completed,approved,12c28bad-b3a2-4668-b446-1d77b0b8c120,8,8,system-admin-fb320687,published
002a5c48-ea26-42fc-96e5-687782222591,website-ecommerce,manufacturing,/sites/system-admin-002a5c48,completed,approved,fdbb4377-6f61-401e-96ef-9e77db4b1298,8,8,system-admin-002a5c48,published
4879888f-af17-44d9-965a-5e657a2b5e98,website-ecommerce,manufacturing,/sites/system-admin-4879888f,completed,approved,ba4df660-daf1-4d0c-a8d8-633dae4661ed,8,8,system-admin-4879888f,published
4ef1693d-32a2-4f1e-99b1-d395aca0c544,website-ecommerce,manufacturing,/sites/system-admin-4ef1693d,completed,approved,fa4be185-ab40-4e60-ab15-817ab7a19281,8,8,system-admin-4ef1693d,published
5d32cbf6-78f5-49d3-9bea-8910522364d5,website-ecommerce,manufacturing,/sites/system-admin-5d32cbf6,completed,approved,16982f58-c4a5-4512-aa7c-a1a5bdd7a032,8,8,system-admin-5d32cbf6,published
aa9f5d08-dda4-499e-95ae-8e8dbca3efb6,website-ecommerce,manufacturing,/sites/system-admin-aa9f5d08,completed,approved,9bf8fb83-59db-419e-bfef-1c3394e35210,8,8,system-admin-aa9f5d08,published
c9ed80a5-2c71-41c1-a456-5f6285d15dc7,website-ecommerce,manufacturing,/sites/system-admin-c9ed80a5,completed,approved,693de297-b7d6-41d0-adf5-b7da0f043cfe,8,8,system-admin-c9ed80a5,published
ede89a98-4a83-460b-8fc3-3663b6034d43,website-ecommerce,manufacturing,/sites/system-admin-ede89a98,completed,approved,dc3bf67a-3d4f-464f-bea5-47e5a9a23b56,8,8,system-admin-ede89a98,published
f2da7353-9189-4366-8131-a7b038c84931,website-ecommerce,manufacturing,/sites/system-admin-f2da7353,completed,approved,106aca31-0aee-4873-9474-470e8060dc02,8,8,system-admin-f2da7353,published
10756c49-fb38-4446-825b-7998108414dc,website-ecommerce,marketing,/sites/system-admin-10756c49,completed,approved,79b7b5df-4b04-4d07-8508-32888f4431b5,8,8,system-admin-10756c49,published
7137b773-0ca0-4eef-aa8a-c165088285fa,website-ecommerce,marketing,/sites/system-admin-7137b773,completed,approved,5fd14f62-7be0-46e5-acb1-53e710728e1a,8,8,system-admin-7137b773,published
8a56c818-5b06-4c16-b4b7-a2fb4e98bf46,website-ecommerce,marketing,/sites/system-admin-8a56c818,completed,approved,7fe6e0cb-255a-4305-a86a-46263919f69a,8,8,system-admin-8a56c818,published
9444e7d9-0884-42a0-a8b2-a041dc1025e6,website-ecommerce,marketing,/sites/system-admin-9444e7d9,completed,approved,60609050-a93e-4fcf-ac88-62cd995db655,8,8,system-admin-9444e7d9,published
9ead365d-550a-498b-867e-d6b279c18b23,website-ecommerce,marketing,/sites/system-admin-9ead365d,completed,approved,db019771-bf51-431e-8827-18198d87d0df,8,8,system-admin-9ead365d,published
a4720cf2-e04e-449f-ad99-4a06d092a1b7,website-ecommerce,marketing,/sites/system-admin-a4720cf2,completed,approved,1ad9c778-25e4-47a5-85ee-f62927f61d08,8,8,system-admin-a4720cf2,published
c91d2746-3896-4360-8a3e-0efb31d0651f,website-ecommerce,marketing,/sites/system-admin-c91d2746,completed,approved,697c62fa-42aa-4736-8a73-05d5379db0fe,8,8,system-admin-c91d2746,published
d0945b2a-b456-4ff7-bafb-330a77dde6c0,website-ecommerce,marketing,/sites/system-admin-d0945b2a,completed,approved,4a21c8f6-67bd-4c05-973d-ebc23f0b11ac,8,8,system-admin-d0945b2a,published
d4f12bd0-990c-4431-899b-f4b7844c3a27,website-ecommerce,marketing,/sites/system-admin-d4f12bd0,completed,approved,7ebc6a1d-5905-4e6e-89c8-77ca0563f3aa,8,8,system-admin-d4f12bd0,published
d9d11d34-cc55-424a-ac57-1f8f58ce83ad,website-ecommerce,marketing,/sites/system-admin-d9d11d34,completed,approved,ba0136a6-12f4-4b64-b388-1ea143c5cad3,8,8,system-admin-d9d11d34,published
da2ffd08-926f-4288-8130-83cdc1423b59,website-ecommerce,marketing,/sites/system-admin-da2ffd08,completed,approved,7300e678-ec96-4a9d-a8ff-9738caa310e3,8,8,system-admin-da2ffd08,published
f9f28ac8-c101-453c-9849-0146bb000f19,website-ecommerce,marketing,/sites/system-admin-f9f28ac8,completed,approved,a0858ec5-927b-4acc-a878-e2ebaecce046,8,8,system-admin-f9f28ac8,published
0bf327f7-5686-430d-96d7-9b4709189571,website-ecommerce,media,/sites/system-admin-0bf327f7,completed,approved,dc3ac7e8-7445-43ad-b79e-209e53d014e8,8,8,system-admin-0bf327f7,published
415d6e5b-c8da-40b9-91bf-a637ad13f8bf,website-ecommerce,media,/sites/system-admin-415d6e5b,completed,approved,6f7da8f9-9b9f-4887-8bd8-29d72d7ee43b,8,8,system-admin-415d6e5b,published
42ff55ba-7527-47f4-8760-9061d4a08f99,website-ecommerce,media,/sites/system-admin-42ff55ba,completed,approved,8ee73576-1d4e-4b65-a3dc-541fec71587a,8,8,system-admin-42ff55ba,published
6ed79b61-5a76-4b2b-9d76-456fa5be1c9c,website-ecommerce,media,/sites/system-admin-6ed79b61,completed,approved,95386d37-932c-4c3d-bb65-a2b7ec081e82,8,8,system-admin-6ed79b61,published
9b445a05-3b26-4a4b-837b-87dfa2432086,website-ecommerce,media,/sites/system-admin-9b445a05,completed,approved,da21dd20-cf07-4991-adac-e8751f227e25,8,8,system-admin-9b445a05,published
b639538e-377c-418f-8c08-c4dbd0124970,website-ecommerce,media,/sites/system-admin-b639538e,completed,approved,e857944e-b1b3-4b91-956a-f5e138d121c6,8,8,system-admin-b639538e,published
bf495b38-3933-428f-9aee-731f990cadb7,website-ecommerce,media,/sites/system-admin-bf495b38,completed,approved,5495b3f2-8fa1-41c1-a5b8-0f62889a9239,8,8,system-admin-bf495b38,published
cc72e29b-69ce-4990-94ee-266211c74fbb,website-ecommerce,media,/sites/system-admin-cc72e29b,completed,approved,8e0bdf4e-f00c-4671-8a18-141bc66426b3,8,8,system-admin-cc72e29b,published
001728ca-005d-4575-a243-b701e3c0b72b,website-ecommerce,nonprofit,/sites/system-admin-001728ca,completed,approved,d31408b2-a59e-420a-a564-5a5fa7d1c3a9,8,8,system-admin-001728ca,published
0bfda1d5-e6e3-47b6-855f-71b403e8bc20,website-ecommerce,nonprofit,/sites/system-admin-0bfda1d5,completed,approved,693dfd1d-e7d7-4e44-b1db-aa8d37a5dfd1,8,8,system-admin-0bfda1d5,published
4d12b484-bccd-46b6-9e7d-ad09ebfb1c4a,website-ecommerce,nonprofit,/sites/system-admin-4d12b484,completed,approved,81f897b2-abf5-479d-8f6d-3baa101a8ce3,8,8,system-admin-4d12b484,published
5a43ecb5-cf89-4870-83a1-b2c29db2b75a,website-ecommerce,nonprofit,/sites/system-admin-5a43ecb5,completed,approved,d038ffe0-a4fc-41a8-99b5-c1c491a37a5d,8,8,system-admin-5a43ecb5,published
67e93154-24eb-48aa-bf29-07907bc5f5e6,website-ecommerce,nonprofit,/sites/system-admin-67e93154,completed,approved,e0440b68-9b6c-4580-86bf-9a37678ff324,8,8,system-admin-67e93154,published
6d1b51b6-b1d8-44c7-802f-667dd1ddcd38,website-ecommerce,nonprofit,/sites/system-admin-6d1b51b6,completed,approved,c20042c8-b327-4688-91ec-61c014831d02,8,8,system-admin-6d1b51b6,published
74b288c5-d1e9-49e5-9215-267667ec7078,website-ecommerce,nonprofit,/sites/system-admin-74b288c5,completed,approved,1f6ff866-4794-4d1f-af85-ba471b3dadda,8,8,system-admin-74b288c5,published
f33f6318-9224-457f-a3d5-84eeeb654412,website-ecommerce,nonprofit,/sites/system-admin-f33f6318,completed,approved,7c53de1b-adc6-442e-9742-9739553c9321,8,8,system-admin-f33f6318,published
22bc144b-2206-46df-b1ec-e267a8a08829,website-ecommerce,pets,/sites/system-admin-22bc144b,completed,approved,d66acc48-9c3d-47a0-802a-aa2701d95498,8,8,system-admin-22bc144b,published
31725d6c-ee7a-4cf1-8be7-26d314046182,website-ecommerce,pets,/sites/system-admin-31725d6c,completed,approved,e5499a04-7b8d-441a-8242-8b89223ba266,8,8,system-admin-31725d6c,published
4ae50ff3-1f8b-4e67-aae0-2c883626103d,website-ecommerce,pets,/sites/system-admin-4ae50ff3,completed,approved,c21e3dc0-8ce3-4201-a617-eeb3f0d89b7d,8,8,system-admin-4ae50ff3,published
698e1091-978e-4b56-bdbd-9d7c45b39ce2,website-ecommerce,pets,/sites/system-admin-698e1091,completed,approved,9b95f13b-a393-43f7-8d7f-f01ef3496fbe,8,8,system-admin-698e1091,published
c20f28bc-2a74-414a-a688-5f29197a9fc0,website-ecommerce,pets,/sites/system-admin-c20f28bc,completed,approved,e8cfaf30-51ad-4c4c-998f-ba4c6f0e7c90,8,8,system-admin-c20f28bc,published
fd176fcb-255b-4f14-b15b-2cd049ebeebc,website-ecommerce,pets,/sites/system-admin-fd176fcb,completed,approved,6ac5d998-0618-4585-9397-fcfa8ddb614a,8,8,system-admin-fd176fcb,published
488fdce2-ca3f-4e2f-bfbe-fb15a18c513b,website-ecommerce,photography,/sites/system-admin-488fdce2,completed,approved,b4b06e70-8754-4f8a-90c8-72efb80858f7,8,8,system-admin-488fdce2,published
4c76f481-add8-4b2f-bdf4-496caf1bda22,website-ecommerce,photography,/sites/system-admin-4c76f481,completed,approved,c92877e2-e860-4b62-bc17-da686cc2ed18,8,8,system-admin-4c76f481,published
81621b5e-cf71-4ae8-a036-b12d78847e14,website-ecommerce,photography,/sites/system-admin-81621b5e,completed,approved,8c883d70-3e10-4358-9a25-b631146a6bc4,8,8,system-admin-81621b5e,published
83ef5420-546f-4c80-8855-a402ae704d5c,website-ecommerce,photography,/sites/system-admin-83ef5420,completed,approved,a127ad86-6b72-45f9-a57a-af46e07e1ffc,8,8,system-admin-83ef5420,published
846a18cf-2bd7-4f21-b726-0b80f8e13239,website-ecommerce,photography,/sites/system-admin-846a18cf,completed,approved,5eba0ca3-38fb-47e9-aee4-d8b56030102c,8,8,system-admin-846a18cf,published
9359d759-c0c9-45e2-b3c4-db3fbe9ebc24,website-ecommerce,photography,/sites/system-admin-9359d759,completed,approved,e5f7da30-d39d-4622-aa34-ca000d81bb01,8,8,system-admin-9359d759,published
b09672d8-ecc6-41ad-98db-8aad583051b5,website-ecommerce,photography,/sites/system-admin-b09672d8,completed,approved,75645ca6-7673-4383-ad77-0ea39df626b2,8,8,system-admin-b09672d8,published
b4881e02-2d1e-4bad-b694-58f68e2797cd,website-ecommerce,photography,/sites/system-admin-b4881e02,completed,approved,5bd679a4-2242-4c72-87ea-974f99db9b57,8,8,system-admin-b4881e02,published
bebec259-d301-4ebb-bf44-588cafc90fe4,website-ecommerce,photography,/sites/system-admin-bebec259,completed,approved,01f1ad14-8c40-4032-a9f2-74b4e8965454,8,8,system-admin-bebec259,published
271b17d6-bbc1-4bc3-af50-0951361e8d4c,website-ecommerce,product_project_management,/sites/system-admin-271b17d6,completed,approved,3dd1178f-c422-4f8e-a517-a65324e28951,8,8,system-admin-271b17d6,published
2a35ac1b-0198-4320-9f0e-8c15e2345753,website-ecommerce,product_project_management,/sites/system-admin-2a35ac1b,completed,approved,6e9d4ed3-4418-4a71-ba2d-0e4bfd915058,8,8,system-admin-2a35ac1b,published
57345389-6336-4ba6-ad68-111c7a3084bb,website-ecommerce,product_project_management,/sites/system-admin-57345389,completed,approved,adefc7bc-29ab-475a-9f23-39d643e96c2e,8,8,system-admin-57345389,published
67624bee-b503-47d7-ad0a-11411129762b,website-ecommerce,product_project_management,/sites/system-admin-67624bee,completed,approved,65474e50-2acf-4536-b076-e8bd2bc05971,8,8,system-admin-67624bee,published
6bb0f72c-0de2-4680-bd04-1e8f44b7849e,website-ecommerce,product_project_management,/sites/system-admin-6bb0f72c,completed,approved,04a3cfa4-9a9c-4049-976a-4b373e374261,8,8,system-admin-6bb0f72c,published
84736391-9797-4a10-b019-018d3f94fe7d,website-ecommerce,product_project_management,/sites/system-admin-84736391,completed,approved,89ad0560-c9c8-4a2b-927e-ef5acdd91946,8,8,system-admin-84736391,published
9e4d5587-3205-4872-b19e-457a240b4894,website-ecommerce,product_project_management,/sites/system-admin-9e4d5587,completed,approved,7843922b-4a2a-43c0-ba3d-491ab3d3a3b8,8,8,system-admin-9e4d5587,published
b1855d9a-ad5b-442f-96ab-d81b4fb2552d,website-ecommerce,product_project_management,/sites/system-admin-b1855d9a,completed,approved,4df0c5bc-212d-4379-836a-c11a717383d9,8,8,system-admin-b1855d9a,published
e0cd94e1-8e0a-4f66-ae78-853219af0a0e,website-ecommerce,product_project_management,/sites/system-admin-e0cd94e1,completed,approved,32798958-e525-49d5-9b6e-97c327e929ab,8,8,system-admin-e0cd94e1,published
fa86982d-f0dc-45cf-a01e-3adef5df4af6,website-ecommerce,product_project_management,/sites/system-admin-fa86982d,completed,approved,1f5431d1-5443-4def-9813-5f8e009160b2,8,8,system-admin-fa86982d,published
08fa4903-2de9-415a-9a9e-306e4efce943,website-ecommerce,professional,/sites/system-admin-08fa4903,completed,approved,c662bd55-2a8f-4855-9eea-7f64c4ecd769,8,8,system-admin-08fa4903,published
484361d1-3d91-42b1-b046-243a5d7d5fa4,website-ecommerce,professional,/sites/system-admin-484361d1,completed,approved,d599aa50-b3c4-449e-a625-53f84a452427,8,8,system-admin-484361d1,published
69079c60-3058-47f7-88b4-288c99731167,website-ecommerce,professional,/sites/system-admin-69079c60,completed,approved,1b3df76b-de9b-403c-bfe9-5a1b7b7c06dd,8,8,system-admin-69079c60,published
6aedc842-ea2a-4a17-9ef1-b41ae741ecc7,website-ecommerce,professional,/sites/system-admin-6aedc842,completed,approved,97eb1209-690d-44dd-98fe-842da7c2bd48,8,8,system-admin-6aedc842,published
7b561a3c-1e87-4c39-8cb9-9d79acfdbc2d,website-ecommerce,professional,/sites/system-admin-7b561a3c,completed,approved,57a45cf9-3f41-4fce-8798-8d3cbad299e6,8,8,system-admin-7b561a3c,published
bf58f67c-04f3-4204-a3cd-e05cc118c0f4,website-ecommerce,professional,/sites/system-admin-bf58f67c,completed,approved,3c289125-db4b-42af-b1f3-751c963368b1,8,8,system-admin-bf58f67c,published
eb79a807-47e7-4a22-80b2-271b95573ab7,website-ecommerce,professional,/sites/system-admin-eb79a807,completed,approved,5193eb5b-86f6-4822-ba68-be4de72c36fd,8,8,system-admin-eb79a807,published
0409f5e1-860a-43d9-abfc-d0173629e8ff,website-ecommerce,real-estate,/sites/system-admin-0409f5e1,completed,approved,e8d7770a-1ec1-4520-a49b-8d3b86ebea54,8,8,system-admin-0409f5e1,published
2536689b-ed9a-4c17-b9e4-4609466230bb,website-ecommerce,real-estate,/sites/system-admin-2536689b,completed,approved,589189d3-d116-4994-8b40-b33bd9a3754f,8,8,system-admin-2536689b,published
25755392-a564-4d00-868a-46db1e7ec8fa,website-ecommerce,real-estate,/sites/system-admin-25755392,completed,approved,2c055769-9366-4432-b52f-5702feb9ff66,8,8,system-admin-25755392,published
86489c76-78d2-4635-978b-0e77c3c6f745,website-ecommerce,real-estate,/sites/system-admin-86489c76,completed,approved,97ef8931-d5ea-4606-a9ee-59165ea2505b,8,8,system-admin-86489c76,published
872a6c80-6f4c-4bc3-9675-fc18ccb68dac,website-ecommerce,real-estate,/sites/system-admin-872a6c80,completed,approved,78570d14-2cea-4cf0-9076-59318266ca23,8,8,system-admin-872a6c80,published
bedbc670-7a2c-40e4-9443-b801a9069fc0,website-ecommerce,real-estate,/sites/system-admin-bedbc670,completed,approved,e53d960a-4411-407e-a751-62e52bae4996,8,8,system-admin-bedbc670,published
ede25285-c723-4d9a-b5ad-37f2f4ad1607,website-ecommerce,real-estate,/sites/system-admin-ede25285,completed,approved,06a3113c-feed-4337-a66c-0748f2919bf8,8,8,system-admin-ede25285,published
07a968cc-4960-4db9-ae3b-31b2b604dab7,website-ecommerce,real_estate_services,/sites/system-admin-07a968cc,completed,approved,5b20c760-dfab-49d5-891a-6690dd22ab64,8,8,system-admin-07a968cc,published
0db275b2-8b70-41eb-8e4f-ed47b008189c,website-ecommerce,real_estate_services,/sites/system-admin-0db275b2,completed,approved,80099d78-d176-4405-a53a-5e3e86e452d0,8,8,system-admin-0db275b2,published
37eda241-0a89-4d0c-a5ac-07cf62243a57,website-ecommerce,real_estate_services,/sites/system-admin-37eda241,completed,approved,98a2a8e8-3445-42aa-bc7b-873115f6579c,8,8,system-admin-37eda241,published
777fd2d6-545e-49bf-b87f-244cf0ec6e76,website-ecommerce,real_estate_services,/sites/system-admin-777fd2d6,completed,approved,38213497-aaf9-47ac-a521-dcd5b927e5a4,8,8,system-admin-777fd2d6,published
7ba5324d-3485-4721-aafe-6c56b8fe0b2b,website-ecommerce,real_estate_services,/sites/system-admin-7ba5324d,completed,approved,738cc50b-63c9-4ef1-a339-fb4511527854,8,8,system-admin-7ba5324d,published
96725ae8-07ef-4a02-96c3-b0dac30c93e3,website-ecommerce,real_estate_services,/sites/system-admin-96725ae8,completed,approved,db769a38-9774-4de3-8a81-01bcafcde13a,8,8,system-admin-96725ae8,published
a1c7d45d-b343-4d86-8b5d-f11d9ea7e4f8,website-ecommerce,real_estate_services,/sites/system-admin-a1c7d45d,completed,approved,a82c49c5-d18f-4572-ac4e-c007b18ec852,8,8,system-admin-a1c7d45d,published
c1333f95-bb93-46c6-bca3-54b2cf38b10d,website-ecommerce,real_estate_services,/sites/system-admin-c1333f95,completed,approved,6b636692-a8d4-4b81-8389-66b8cb750ac2,8,8,system-admin-c1333f95,published
c730cf48-0331-4f2a-a391-20cc48f18c29,website-ecommerce,real_estate_services,/sites/system-admin-c730cf48,completed,approved,17b75676-4137-40af-a449-d2df6ffeb419,8,8,system-admin-c730cf48,published
1494438d-ac0f-4730-9a81-0cfa90ff6540,website-ecommerce,retail,/sites/system-admin-1494438d,completed,approved,6e20e3c1-a2d8-4f32-90ee-0e992f41fde1,8,8,system-admin-1494438d,published
20417c27-8546-4a6d-a804-6f47060b2619,website-ecommerce,retail,/sites/system-admin-20417c27,completed,approved,8348a923-1d57-42aa-b917-0ad95155ac82,8,8,system-admin-20417c27,published
be9920d2-6f98-45a0-baf8-e747dd59b7e1,website-ecommerce,retail,/sites/system-admin-be9920d2,completed,approved,dac2b7b4-18df-4fb9-9bef-39518a1c3cc2,8,8,system-admin-be9920d2,published
c31e7c9b-aa1c-47e1-9a0e-21bae0c2ae78,website-ecommerce,retail,/sites/system-admin-c31e7c9b,completed,approved,282e1b4b-4423-48d4-900f-aad75ea9e8f0,8,8,system-admin-c31e7c9b,published
c8da44d6-872a-497d-be08-1e84486c8d5c,website-ecommerce,retail,/sites/system-admin-c8da44d6,completed,approved,e7654a76-d9d3-46a3-bd3b-bdf263b2b583,8,8,system-admin-c8da44d6,published
cdba0a71-0b1a-4d0a-b899-054f965a70ce,website-ecommerce,retail,/sites/system-admin-cdba0a71,completed,approved,ef5bf1c2-5fb9-4a22-acb5-0b146a10de0d,8,8,system-admin-cdba0a71,published
f275b82c-7b21-4b57-b240-37e53c8ff4f7,website-ecommerce,retail,/sites/system-admin-f275b82c,completed,approved,ed992c0a-14f7-451c-92b4-afc4fd78b116,8,8,system-admin-f275b82c,published
f5008554-fb13-4959-ae0e-cfed4081bd18,website-ecommerce,retail,/sites/system-admin-f5008554,completed,approved,d3beec10-71ea-4bcc-8b21-5ca526a5ba59,8,8,system-admin-f5008554,published
184c1653-ac5c-4e17-984f-b763953159f0,website-ecommerce,sales,/sites/system-admin-184c1653,completed,approved,11ee08b6-b960-4e6b-96cf-e058fd690612,8,8,system-admin-184c1653,published
2231ab1a-03bb-48b1-9d40-c3c759702774,website-ecommerce,sales,/sites/system-admin-2231ab1a,completed,approved,b59050dc-58ff-40d3-9adc-2aac899ea468,8,8,system-admin-2231ab1a,published
35949658-2443-4995-884e-3f0a703185fd,website-ecommerce,sales,/sites/system-admin-35949658,completed,approved,21b69b42-047b-4ac0-9556-b700b014a47d,8,8,system-admin-35949658,published
4c99c7ee-3f94-4aa7-94ad-7a5b91a2ff21,website-ecommerce,sales,/sites/system-admin-4c99c7ee,completed,approved,6e892f07-4c15-417e-aeb1-ea4632bfb43b,8,8,system-admin-4c99c7ee,published
6d45fdb2-88c9-44a8-babc-ea7f7a6ec43d,website-ecommerce,sales,/sites/system-admin-6d45fdb2,completed,approved,4443738b-a6ee-45a1-a92a-9c9e79e71999,8,8,system-admin-6d45fdb2,published
7ce4aecd-a0aa-4996-9d46-bf6a78cd64a4,website-ecommerce,sales,/sites/system-admin-7ce4aecd,completed,approved,a3111d25-a557-4e6e-8b15-1847843a8207,8,8,system-admin-7ce4aecd,published
9ec51ad4-492a-449f-a4cf-403101ce53d4,website-ecommerce,sales,/sites/system-admin-9ec51ad4,completed,approved,60f884d3-419f-4539-9266-440d18bf5e51,8,8,system-admin-9ec51ad4,published
c66df2d3-e72a-42f7-af4a-747f68e1cb00,website-ecommerce,sales,/sites/system-admin-c66df2d3,completed,approved,46a68956-5341-4918-9fa8-ba8b6835e721,8,8,system-admin-c66df2d3,published
db1482c8-ec9a-4012-a31e-9eb400c0f682,website-ecommerce,sales,/sites/system-admin-db1482c8,completed,approved,18951932-a71e-4f3a-a343-fa3a4425c5fc,8,8,system-admin-db1482c8,published
02706d12-da7b-4562-8399-a57a2b260120,website-ecommerce,technology,/sites/system-admin-02706d12,completed,approved,4d955df9-e35d-49c8-aea5-6241155ac806,8,8,system-admin-02706d12,published
1ebdd7cf-a566-4cc6-be35-99d707988fa4,website-ecommerce,technology,/sites/system-admin-1ebdd7cf,completed,approved,ec3af9db-9c21-49af-8105-5601d722fe70,8,8,system-admin-1ebdd7cf,published
64ce0c1d-16d1-444b-a9bc-fe187e9b7d19,website-ecommerce,technology,/sites/system-admin-64ce0c1d,completed,approved,747389b3-2fa4-4fa6-a118-6db1050ff62c,8,8,system-admin-64ce0c1d,published
8c6758f6-a217-4d82-ba97-1b6cb9c83fe1,website-ecommerce,technology,/sites/system-admin-8c6758f6,completed,approved,9160608c-245c-4cb2-bb2d-cd816e475caf,8,8,system-admin-8c6758f6,published
8de3788f-61ac-4552-bcc6-98a538c1dee1,website-ecommerce,technology,/sites/system-admin-8de3788f,completed,approved,40b2b364-5632-440d-ab61-6fe33cab0754,8,8,system-admin-8de3788f,published
bc28c60b-e714-4f46-b860-8bede11b69b6,website-ecommerce,technology,/sites/system-admin-bc28c60b,completed,approved,876bef17-f1a7-4a62-8c9e-cfa46f4aa360,8,8,system-admin-bc28c60b,published
ca844853-c178-45ed-bfbe-2d60fc841687,website-ecommerce,technology,/sites/system-admin-ca844853,completed,approved,7675df1e-f3cf-4871-8960-9f159358a53e,8,8,system-admin-ca844853,published
fda655bb-dfaf-4b5a-bd3d-c55452d69e66,website-ecommerce,technology,/sites/system-admin-fda655bb,completed,approved,8cca7a10-06a4-43aa-877a-64dcbd0943d7,8,8,system-admin-fda655bb,published
0ae6390d-14bb-4755-9761-df3d10cced09,website-ecommerce,travel,/sites/system-admin-0ae6390d,completed,approved,18903e1c-7fcc-44cb-86bc-d537e746c540,8,8,system-admin-0ae6390d,published
11c4a9d7-557e-41d9-abe3-888ec01a5b3a,website-ecommerce,travel,/sites/system-admin-11c4a9d7,completed,approved,1ce3138c-25f1-4a61-8057-d91eff89af8d,8,8,system-admin-11c4a9d7,published
1bf5c346-42f3-4f16-96cc-2622dcd11a4b,website-ecommerce,travel,/sites/system-admin-1bf5c346,completed,approved,ca70bc1c-b52e-48bf-a4bb-b23c3b288f51,8,8,system-admin-1bf5c346,published
1c680790-a8b4-4810-9d62-1a26c8619b3c,website-ecommerce,travel,/sites/system-admin-1c680790,completed,approved,defe183d-ae9e-4418-8cee-e880b25d9d5e,8,8,system-admin-1c680790,published
a1b7af43-30bf-42d7-962f-cef24839ae0b,website-ecommerce,travel,/sites/system-admin-a1b7af43,completed,approved,52a86796-85be-439f-9e56-8bf65651943c,8,8,system-admin-a1b7af43,published
a3392f46-d931-4d11-b2d5-39da8e195cb5,website-ecommerce,travel,/sites/system-admin-a3392f46,completed,approved,f607c4ed-dc7a-41b8-8c02-86dcfb735912,8,8,system-admin-a3392f46,published
a5ccf563-3d0b-4ddb-ba22-721cfa34c15f,website-ecommerce,travel,/sites/system-admin-a5ccf563,completed,approved,6d6e4bac-9442-4fbe-ae63-ec1e203c7647,8,8,system-admin-a5ccf563,published
0369569a-53b0-41ae-b61b-ce9d350ce4b7,website-ecommerce,video_animation,/sites/system-admin-0369569a,completed,approved,0bccf87c-90bf-4e0a-9e6c-4dfa3fa5dd7f,8,8,system-admin-0369569a,published
1dd0cdbd-2fd6-431a-89ec-6e2e20610154,website-ecommerce,video_animation,/sites/system-admin-1dd0cdbd,completed,approved,247813f8-b3ad-4728-b9ca-ca96ffe83ff3,8,8,system-admin-1dd0cdbd,published
25def2de-97c7-47a2-9eda-225d077c4a12,website-ecommerce,video_animation,/sites/system-admin-25def2de,completed,approved,04f7c0e9-0454-4299-9e76-714ece98b422,8,8,system-admin-25def2de,published
4cd398cd-66de-4409-b4f4-930d9370e246,website-ecommerce,video_animation,/sites/system-admin-4cd398cd,completed,approved,025dbd72-747d-4fcf-a44c-1794b0987613,8,8,system-admin-4cd398cd,published
61421dd1-8cd7-4981-a433-3bd0ab78c904,website-ecommerce,video_animation,/sites/system-admin-61421dd1,completed,approved,e19c92fb-49b9-4512-b89e-777268a6af5a,8,8,system-admin-61421dd1,published
688898bb-34a1-40cd-bd37-9daa0f48fb8f,website-ecommerce,video_animation,/sites/system-admin-688898bb,completed,approved,ee0023f1-a4a2-4b42-94f3-5368a60c8db7,8,8,system-admin-688898bb,published
7286a2ff-ed57-4b88-8729-c1389d8ec7bf,website-ecommerce,video_animation,/sites/system-admin-7286a2ff,completed,approved,97285e8d-8c05-442f-85d0-5827e43cd31f,8,8,system-admin-7286a2ff,published
b345abfa-03f9-4d06-a4fe-ff22015aec87,website-ecommerce,video_animation,/sites/system-admin-b345abfa,completed,approved,75bda3b2-cab1-4de5-9ecb-f5605188ee0a,8,8,system-admin-b345abfa,published
eea406b7-5af9-4587-8a22-6160ae3e09f4,website-ecommerce,video_animation,/sites/system-admin-eea406b7,completed,approved,c66b4bfa-9f15-4566-912c-049894f5bedc,8,8,system-admin-eea406b7,published
83933685-0d11-4311-8d64-26ceed969c7e,website-ecommerce,web3,/sites/system-admin-83933685,completed,approved,624bb64d-6151-4ade-bf20-c6e572e5d7b8,8,8,system-admin-83933685,published
9cc578e3-ba19-4f67-8372-20d34ecfbb0e,website-ecommerce,web3,/sites/system-admin-9cc578e3,completed,approved,e13b2035-bafd-4d15-9fbd-9f918b12bdcb,8,8,system-admin-9cc578e3,published
b89b6445-3cea-4a71-9ae8-ea880fe55550,website-ecommerce,web3,/sites/system-admin-b89b6445,completed,approved,ab7da646-0121-493f-9515-87c10060f79b,8,8,system-admin-b89b6445,published
be09fbdc-fb82-47fb-8ed7-1f6a8dbe5206,website-ecommerce,web3,/sites/system-admin-be09fbdc,completed,approved,410aeb37-d02d-4b21-983b-ea977eb59874,8,8,system-admin-be09fbdc,published
d77b37b9-0fa0-46d5-8cb6-a97fd9b7a9df,website-ecommerce,web3,/sites/system-admin-d77b37b9,completed,approved,80112385-963f-488d-95ce-93273bd8b4d1,8,8,system-admin-d77b37b9,published
df8f380e-22cf-40d4-892c-f73b831e351b,website-ecommerce,web3,/sites/system-admin-df8f380e,completed,approved,6f53fad9-a848-4c27-884b-b4b6f0d8b010,8,8,system-admin-df8f380e,published
e498b0cd-7922-4198-9e07-636ee119a954,website-ecommerce,web3,/sites/system-admin-e498b0cd,completed,approved,82fd5ec5-ad5a-4a13-8804-7cafd520fa2e,8,8,system-admin-e498b0cd,published
f5a958e1-e1c2-4d4e-8528-e021b58e4fd2,website-ecommerce,web3,/sites/system-admin-f5a958e1,completed,approved,ee5ca3f9-fbf2-481d-a9dd-612b8b0fe9dc,8,8,system-admin-f5a958e1,published
f8cabbe7-600a-473e-9c67-ced20c097133,website-ecommerce,web3,/sites/system-admin-f8cabbe7,completed,approved,dbb32fdc-cc49-4269-8684-1763a3e1b916,8,8,system-admin-f8cabbe7,published
1a5ad09b-7700-4084-a011-2faeae926065,website-ecommerce,writing_translation,/sites/system-admin-1a5ad09b,completed,approved,0aed4d0c-429e-43f3-88f6-a5dcb90e52b6,8,8,system-admin-1a5ad09b,published
1e698177-3100-40c2-bff1-ebb11247061b,website-ecommerce,writing_translation,/sites/system-admin-1e698177,completed,approved,c6b4e5b0-2861-42e9-a900-e5d0c828d7fe,8,8,system-admin-1e698177,published
45c790f6-3e54-4075-8e6c-2348d5028140,website-ecommerce,writing_translation,/sites/system-admin-45c790f6,completed,approved,0a9711df-288b-47c9-9ed8-1017b18dfeb3,8,8,system-admin-45c790f6,published
7bdcf7d6-a66c-4d8a-a6ce-726c4acb1628,website-ecommerce,writing_translation,/sites/system-admin-7bdcf7d6,completed,approved,17e8103d-66d8-4a52-a052-fa4f5167a151,8,8,system-admin-7bdcf7d6,published
9355422d-0434-4827-bb62-bcf4768ea1df,website-ecommerce,writing_translation,/sites/system-admin-9355422d,completed,approved,4a5453f0-e1d0-4860-8229-363f444718ab,8,8,system-admin-9355422d,published
aed669f1-a427-48f8-86b2-789300f00fd2,website-ecommerce,writing_translation,/sites/system-admin-aed669f1,completed,approved,37e04167-ca4d-4f48-b7fe-15dd4da0d345,8,8,system-admin-aed669f1,published
c3a60c30-fa82-44ca-b1d7-333e6cd4bb2b,website-ecommerce,writing_translation,/sites/system-admin-c3a60c30,completed,approved,c9af4144-d714-4564-a5ba-bc4f71701ef4,8,8,system-admin-c3a60c30,published
cbaf17c4-78ad-4555-9f08-336a008d7438,website-ecommerce,writing_translation,/sites/system-admin-cbaf17c4,completed,approved,232ffe84-a158-4ed3-a543-f2ca5e1dd68e,8,8,system-admin-cbaf17c4,published
